[0.306s] DEBUG:colcon:Command line arguments: ['/usr/bin/colcon', 'build', '--symlink-install']
[0.306s] DEBUG:colcon:Parsed command line arguments: Namespace(allow_overriding=[], ament_cmake_args=None, base_paths=['.'], build_base='build', catkin_cmake_args=None, catkin_skip_building_tests=False, cmake_args=None, cmake_clean_cache=False, cmake_clean_first=False, cmake_force_configure=False, cmake_target=None, cmake_target_skip_unavailable=False, continue_on_error=False, event_handlers=None, executor='parallel', ignore_user_meta=False, install_base='install', log_base=None, log_level=None, main=<bound method BuildVerb.main of <colcon_core.verb.build.BuildVerb object at 0xffffa2d31640>>, merge_install=False, metas=['./colcon.meta'], packages_above=None, packages_above_and_dependencies=None, packages_above_depth=None, packages_end=None, packages_ignore=None, packages_ignore_regex=None, packages_select=None, packages_select_build_failed=False, packages_select_by_dep=None, packages_select_regex=None, packages_select_test_failures=False, packages_skip=None, packages_skip_build_finished=False, packages_skip_by_dep=None, packages_skip_regex=None, packages_skip_test_passed=False, packages_skip_up_to=None, packages_start=None, packages_up_to=None, packages_up_to_regex=None, parallel_workers=8, paths=None, symlink_install=True, test_result_base=None, verb_extension=<colcon_core.verb.build.BuildVerb object at 0xffffa2d31640>, verb_name='build', verb_parser=<colcon_defaults.argument_parser.defaults.DefaultArgumentsDecorator object at 0xffffa2b3f340>)
[0.553s] Level 1:colcon.colcon_core.package_discovery:discover_packages(colcon_meta) check parameters
[0.553s] Level 1:colcon.colcon_core.package_discovery:discover_packages(recursive) check parameters
[0.553s] Level 1:colcon.colcon_core.package_discovery:discover_packages(ignore) check parameters
[0.553s] Level 1:colcon.colcon_core.package_discovery:discover_packages(path) check parameters
[0.553s] Level 1:colcon.colcon_core.package_discovery:discover_packages(colcon_meta) discover
[0.553s] Level 1:colcon.colcon_core.package_discovery:discover_packages(recursive) discover
[0.553s] INFO:colcon.colcon_core.package_discovery:Crawling recursively for packages in '/home/jetson/slash_ws'
[0.554s] Level 1:colcon.colcon_core.package_identification:_identify(.) by extensions ['ignore', 'ignore_ament_install']
[0.554s] Level 1:colcon.colcon_core.package_identification:_identify(.) by extension 'ignore'
[0.554s] Level 1:colcon.colcon_core.package_identification:_identify(.) by extension 'ignore_ament_install'
[0.554s] Level 1:colcon.colcon_core.package_identification:_identify(.) by extensions ['colcon_pkg']
[0.555s] Level 1:colcon.colcon_core.package_identification:_identify(.) by extension 'colcon_pkg'
[0.555s] Level 1:colcon.colcon_core.package_identification:_identify(.) by extensions ['colcon_meta']
[0.555s] Level 1:colcon.colcon_core.package_identification:_identify(.) by extension 'colcon_meta'
[0.555s] Level 1:colcon.colcon_core.package_identification:_identify(.) by extensions ['ros']
[0.555s] Level 1:colcon.colcon_core.package_identification:_identify(.) by extension 'ros'
[0.577s] Level 1:colcon.colcon_core.package_identification:_identify(.) by extensions ['cmake', 'python']
[0.578s] Level 1:colcon.colcon_core.package_identification:_identify(.) by extension 'cmake'
[0.578s] Level 1:colcon.colcon_core.package_identification:_identify(.) by extension 'python'
[0.578s] Level 1:colcon.colcon_core.package_identification:_identify(.) by extensions ['python_setup_py']
[0.578s] Level 1:colcon.colcon_core.package_identification:_identify(.) by extension 'python_setup_py'
[0.578s] Level 1:colcon.colcon_core.package_identification:_identify(build) by extensions ['ignore', 'ignore_ament_install']
[0.578s] Level 1:colcon.colcon_core.package_identification:_identify(build) by extension 'ignore'
[0.579s] Level 1:colcon.colcon_core.package_identification:_identify(build) ignored
[0.579s] Level 1:colcon.colcon_core.package_identification:_identify(install) by extensions ['ignore', 'ignore_ament_install']
[0.579s] Level 1:colcon.colcon_core.package_identification:_identify(install) by extension 'ignore'
[0.579s] Level 1:colcon.colcon_core.package_identification:_identify(install) ignored
[0.579s] Level 1:colcon.colcon_core.package_identification:_identify(log) by extensions ['ignore', 'ignore_ament_install']
[0.579s] Level 1:colcon.colcon_core.package_identification:_identify(log) by extension 'ignore'
[0.579s] Level 1:colcon.colcon_core.package_identification:_identify(log) ignored
[0.580s] Level 1:colcon.colcon_core.package_identification:_identify(my_converter) by extensions ['ignore', 'ignore_ament_install']
[0.580s] Level 1:colcon.colcon_core.package_identification:_identify(my_converter) by extension 'ignore'
[0.580s] Level 1:colcon.colcon_core.package_identification:_identify(my_converter) by extension 'ignore_ament_install'
[0.580s] Level 1:colcon.colcon_core.package_identification:_identify(my_converter) by extensions ['colcon_pkg']
[0.580s] Level 1:colcon.colcon_core.package_identification:_identify(my_converter) by extension 'colcon_pkg'
[0.580s] Level 1:colcon.colcon_core.package_identification:_identify(my_converter) by extensions ['colcon_meta']
[0.580s] Level 1:colcon.colcon_core.package_identification:_identify(my_converter) by extension 'colcon_meta'
[0.580s] Level 1:colcon.colcon_core.package_identification:_identify(my_converter) by extensions ['ros']
[0.580s] Level 1:colcon.colcon_core.package_identification:_identify(my_converter) by extension 'ros'
[0.584s] DEBUG:colcon.colcon_core.package_identification:Package 'my_converter' with type 'ros.ament_python' and name 'my_converter'
[0.585s] Level 1:colcon.colcon_core.package_identification:_identify(src) by extensions ['ignore', 'ignore_ament_install']
[0.585s] Level 1:colcon.colcon_core.package_identification:_identify(src) by extension 'ignore'
[0.585s] Level 1:colcon.colcon_core.package_identification:_identify(src) by extension 'ignore_ament_install'
[0.585s] Level 1:colcon.colcon_core.package_identification:_identify(src) by extensions ['colcon_pkg']
[0.585s] Level 1:colcon.colcon_core.package_identification:_identify(src) by extension 'colcon_pkg'
[0.585s] Level 1:colcon.colcon_core.package_identification:_identify(src) by extensions ['colcon_meta']
[0.585s] Level 1:colcon.colcon_core.package_identification:_identify(src) by extension 'colcon_meta'
[0.585s] Level 1:colcon.colcon_core.package_identification:_identify(src) by extensions ['ros']
[0.585s] Level 1:colcon.colcon_core.package_identification:_identify(src) by extension 'ros'
[0.585s] Level 1:colcon.colcon_core.package_identification:_identify(src) by extensions ['cmake', 'python']
[0.585s] Level 1:colcon.colcon_core.package_identification:_identify(src) by extension 'cmake'
[0.586s] Level 1:colcon.colcon_core.package_identification:_identify(src) by extension 'python'
[0.586s] Level 1:colcon.colcon_core.package_identification:_identify(src) by extensions ['python_setup_py']
[0.586s] Level 1:colcon.colcon_core.package_identification:_identify(src) by extension 'python_setup_py'
[0.586s] Level 1:colcon.colcon_core.package_identification:_identify(src/slash_hardware) by extensions ['ignore', 'ignore_ament_install']
[0.586s] Level 1:colcon.colcon_core.package_identification:_identify(src/slash_hardware) by extension 'ignore'
[0.586s] Level 1:colcon.colcon_core.package_identification:_identify(src/slash_hardware) by extension 'ignore_ament_install'
[0.586s] Level 1:colcon.colcon_core.package_identification:_identify(src/slash_hardware) by extensions ['colcon_pkg']
[0.586s] Level 1:colcon.colcon_core.package_identification:_identify(src/slash_hardware) by extension 'colcon_pkg'
[0.586s] Level 1:colcon.colcon_core.package_identification:_identify(src/slash_hardware) by extensions ['colcon_meta']
[0.586s] Level 1:colcon.colcon_core.package_identification:_identify(src/slash_hardware) by extension 'colcon_meta'
[0.586s] Level 1:colcon.colcon_core.package_identification:_identify(src/slash_hardware) by extensions ['ros']
[0.586s] Level 1:colcon.colcon_core.package_identification:_identify(src/slash_hardware) by extension 'ros'
[0.587s] Level 1:colcon.colcon_core.package_identification:_identify(src/slash_hardware) by extensions ['cmake', 'python']
[0.587s] Level 1:colcon.colcon_core.package_identification:_identify(src/slash_hardware) by extension 'cmake'
[0.587s] Level 1:colcon.colcon_core.package_identification:_identify(src/slash_hardware) by extension 'python'
[0.587s] Level 1:colcon.colcon_core.package_identification:_identify(src/slash_hardware) by extensions ['python_setup_py']
[0.587s] Level 1:colcon.colcon_core.package_identification:_identify(src/slash_hardware) by extension 'python_setup_py'
[0.587s] Level 1:colcon.colcon_core.package_identification:_identify(src/slash_hardware/f1tenth_system) by extensions ['ignore', 'ignore_ament_install']
[0.587s] Level 1:colcon.colcon_core.package_identification:_identify(src/slash_hardware/f1tenth_system) by extension 'ignore'
[0.587s] Level 1:colcon.colcon_core.package_identification:_identify(src/slash_hardware/f1tenth_system) by extension 'ignore_ament_install'
[0.587s] Level 1:colcon.colcon_core.package_identification:_identify(src/slash_hardware/f1tenth_system) by extensions ['colcon_pkg']
[0.587s] Level 1:colcon.colcon_core.package_identification:_identify(src/slash_hardware/f1tenth_system) by extension 'colcon_pkg'
[0.587s] Level 1:colcon.colcon_core.package_identification:_identify(src/slash_hardware/f1tenth_system) by extensions ['colcon_meta']
[0.588s] Level 1:colcon.colcon_core.package_identification:_identify(src/slash_hardware/f1tenth_system) by extension 'colcon_meta'
[0.588s] Level 1:colcon.colcon_core.package_identification:_identify(src/slash_hardware/f1tenth_system) by extensions ['ros']
[0.588s] Level 1:colcon.colcon_core.package_identification:_identify(src/slash_hardware/f1tenth_system) by extension 'ros'
[0.588s] Level 1:colcon.colcon_core.package_identification:_identify(src/slash_hardware/f1tenth_system) by extensions ['cmake', 'python']
[0.588s] Level 1:colcon.colcon_core.package_identification:_identify(src/slash_hardware/f1tenth_system) by extension 'cmake'
[0.588s] Level 1:colcon.colcon_core.package_identification:_identify(src/slash_hardware/f1tenth_system) by extension 'python'
[0.588s] Level 1:colcon.colcon_core.package_identification:_identify(src/slash_hardware/f1tenth_system) by extensions ['python_setup_py']
[0.588s] Level 1:colcon.colcon_core.package_identification:_identify(src/slash_hardware/f1tenth_system) by extension 'python_setup_py'
[0.588s] Level 1:colcon.colcon_core.package_identification:_identify(src/slash_hardware/f1tenth_system/ackermann_mux) by extensions ['ignore', 'ignore_ament_install']
[0.588s] Level 1:colcon.colcon_core.package_identification:_identify(src/slash_hardware/f1tenth_system/ackermann_mux) by extension 'ignore'
[0.588s] Level 1:colcon.colcon_core.package_identification:_identify(src/slash_hardware/f1tenth_system/ackermann_mux) by extension 'ignore_ament_install'
[0.589s] Level 1:colcon.colcon_core.package_identification:_identify(src/slash_hardware/f1tenth_system/ackermann_mux) by extensions ['colcon_pkg']
[0.589s] Level 1:colcon.colcon_core.package_identification:_identify(src/slash_hardware/f1tenth_system/ackermann_mux) by extension 'colcon_pkg'
[0.589s] Level 1:colcon.colcon_core.package_identification:_identify(src/slash_hardware/f1tenth_system/ackermann_mux) by extensions ['colcon_meta']
[0.589s] Level 1:colcon.colcon_core.package_identification:_identify(src/slash_hardware/f1tenth_system/ackermann_mux) by extension 'colcon_meta'
[0.589s] Level 1:colcon.colcon_core.package_identification:_identify(src/slash_hardware/f1tenth_system/ackermann_mux) by extensions ['ros']
[0.589s] Level 1:colcon.colcon_core.package_identification:_identify(src/slash_hardware/f1tenth_system/ackermann_mux) by extension 'ros'
[0.591s] DEBUG:colcon.colcon_core.package_identification:Package 'src/slash_hardware/f1tenth_system/ackermann_mux' with type 'ros.ament_cmake' and name 'ackermann_mux'
[0.591s] Level 1:colcon.colcon_core.package_identification:_identify(src/slash_hardware/f1tenth_system/f1tenth_stack) by extensions ['ignore', 'ignore_ament_install']
[0.591s] Level 1:colcon.colcon_core.package_identification:_identify(src/slash_hardware/f1tenth_system/f1tenth_stack) by extension 'ignore'
[0.591s] Level 1:colcon.colcon_core.package_identification:_identify(src/slash_hardware/f1tenth_system/f1tenth_stack) by extension 'ignore_ament_install'
[0.591s] Level 1:colcon.colcon_core.package_identification:_identify(src/slash_hardware/f1tenth_system/f1tenth_stack) by extensions ['colcon_pkg']
[0.591s] Level 1:colcon.colcon_core.package_identification:_identify(src/slash_hardware/f1tenth_system/f1tenth_stack) by extension 'colcon_pkg'
[0.591s] Level 1:colcon.colcon_core.package_identification:_identify(src/slash_hardware/f1tenth_system/f1tenth_stack) by extensions ['colcon_meta']
[0.591s] Level 1:colcon.colcon_core.package_identification:_identify(src/slash_hardware/f1tenth_system/f1tenth_stack) by extension 'colcon_meta'
[0.591s] Level 1:colcon.colcon_core.package_identification:_identify(src/slash_hardware/f1tenth_system/f1tenth_stack) by extensions ['ros']
[0.592s] Level 1:colcon.colcon_core.package_identification:_identify(src/slash_hardware/f1tenth_system/f1tenth_stack) by extension 'ros'
[0.593s] DEBUG:colcon.colcon_core.package_identification:Package 'src/slash_hardware/f1tenth_system/f1tenth_stack' with type 'ros.ament_python' and name 'f1tenth_stack'
[0.593s] Level 1:colcon.colcon_core.package_identification:_identify(src/slash_hardware/f1tenth_system/scripts) by extensions ['ignore', 'ignore_ament_install']
[0.594s] Level 1:colcon.colcon_core.package_identification:_identify(src/slash_hardware/f1tenth_system/scripts) by extension 'ignore'
[0.594s] Level 1:colcon.colcon_core.package_identification:_identify(src/slash_hardware/f1tenth_system/scripts) by extension 'ignore_ament_install'
[0.594s] Level 1:colcon.colcon_core.package_identification:_identify(src/slash_hardware/f1tenth_system/scripts) by extensions ['colcon_pkg']
[0.594s] Level 1:colcon.colcon_core.package_identification:_identify(src/slash_hardware/f1tenth_system/scripts) by extension 'colcon_pkg'
[0.594s] Level 1:colcon.colcon_core.package_identification:_identify(src/slash_hardware/f1tenth_system/scripts) by extensions ['colcon_meta']
[0.594s] Level 1:colcon.colcon_core.package_identification:_identify(src/slash_hardware/f1tenth_system/scripts) by extension 'colcon_meta'
[0.594s] Level 1:colcon.colcon_core.package_identification:_identify(src/slash_hardware/f1tenth_system/scripts) by extensions ['ros']
[0.594s] Level 1:colcon.colcon_core.package_identification:_identify(src/slash_hardware/f1tenth_system/scripts) by extension 'ros'
[0.594s] Level 1:colcon.colcon_core.package_identification:_identify(src/slash_hardware/f1tenth_system/scripts) by extensions ['cmake', 'python']
[0.594s] Level 1:colcon.colcon_core.package_identification:_identify(src/slash_hardware/f1tenth_system/scripts) by extension 'cmake'
[0.594s] Level 1:colcon.colcon_core.package_identification:_identify(src/slash_hardware/f1tenth_system/scripts) by extension 'python'
[0.594s] Level 1:colcon.colcon_core.package_identification:_identify(src/slash_hardware/f1tenth_system/scripts) by extensions ['python_setup_py']
[0.594s] Level 1:colcon.colcon_core.package_identification:_identify(src/slash_hardware/f1tenth_system/scripts) by extension 'python_setup_py'
[0.595s] Level 1:colcon.colcon_core.package_identification:_identify(src/slash_hardware/f1tenth_system/teleop_tools) by extensions ['ignore', 'ignore_ament_install']
[0.595s] Level 1:colcon.colcon_core.package_identification:_identify(src/slash_hardware/f1tenth_system/teleop_tools) by extension 'ignore'
[0.595s] Level 1:colcon.colcon_core.package_identification:_identify(src/slash_hardware/f1tenth_system/teleop_tools) by extension 'ignore_ament_install'
[0.595s] Level 1:colcon.colcon_core.package_identification:_identify(src/slash_hardware/f1tenth_system/teleop_tools) by extensions ['colcon_pkg']
[0.595s] Level 1:colcon.colcon_core.package_identification:_identify(src/slash_hardware/f1tenth_system/teleop_tools) by extension 'colcon_pkg'
[0.595s] Level 1:colcon.colcon_core.package_identification:_identify(src/slash_hardware/f1tenth_system/teleop_tools) by extensions ['colcon_meta']
[0.595s] Level 1:colcon.colcon_core.package_identification:_identify(src/slash_hardware/f1tenth_system/teleop_tools) by extension 'colcon_meta'
[0.595s] Level 1:colcon.colcon_core.package_identification:_identify(src/slash_hardware/f1tenth_system/teleop_tools) by extensions ['ros']
[0.595s] Level 1:colcon.colcon_core.package_identification:_identify(src/slash_hardware/f1tenth_system/teleop_tools) by extension 'ros'
[0.595s] Level 1:colcon.colcon_core.package_identification:_identify(src/slash_hardware/f1tenth_system/teleop_tools) by extensions ['cmake', 'python']
[0.596s] Level 1:colcon.colcon_core.package_identification:_identify(src/slash_hardware/f1tenth_system/teleop_tools) by extension 'cmake'
[0.596s] Level 1:colcon.colcon_core.package_identification:_identify(src/slash_hardware/f1tenth_system/teleop_tools) by extension 'python'
[0.596s] Level 1:colcon.colcon_core.package_identification:_identify(src/slash_hardware/f1tenth_system/teleop_tools) by extensions ['python_setup_py']
[0.596s] Level 1:colcon.colcon_core.package_identification:_identify(src/slash_hardware/f1tenth_system/teleop_tools) by extension 'python_setup_py'
[0.596s] Level 1:colcon.colcon_core.package_identification:_identify(src/slash_hardware/f1tenth_system/teleop_tools/joy_teleop) by extensions ['ignore', 'ignore_ament_install']
[0.596s] Level 1:colcon.colcon_core.package_identification:_identify(src/slash_hardware/f1tenth_system/teleop_tools/joy_teleop) by extension 'ignore'
[0.596s] Level 1:colcon.colcon_core.package_identification:_identify(src/slash_hardware/f1tenth_system/teleop_tools/joy_teleop) by extension 'ignore_ament_install'
[0.596s] Level 1:colcon.colcon_core.package_identification:_identify(src/slash_hardware/f1tenth_system/teleop_tools/joy_teleop) by extensions ['colcon_pkg']
[0.596s] Level 1:colcon.colcon_core.package_identification:_identify(src/slash_hardware/f1tenth_system/teleop_tools/joy_teleop) by extension 'colcon_pkg'
[0.596s] Level 1:colcon.colcon_core.package_identification:_identify(src/slash_hardware/f1tenth_system/teleop_tools/joy_teleop) by extensions ['colcon_meta']
[0.596s] Level 1:colcon.colcon_core.package_identification:_identify(src/slash_hardware/f1tenth_system/teleop_tools/joy_teleop) by extension 'colcon_meta'
[0.596s] Level 1:colcon.colcon_core.package_identification:_identify(src/slash_hardware/f1tenth_system/teleop_tools/joy_teleop) by extensions ['ros']
[0.597s] Level 1:colcon.colcon_core.package_identification:_identify(src/slash_hardware/f1tenth_system/teleop_tools/joy_teleop) by extension 'ros'
[0.598s] DEBUG:colcon.colcon_core.package_identification:Package 'src/slash_hardware/f1tenth_system/teleop_tools/joy_teleop' with type 'ros.ament_python' and name 'joy_teleop'
[0.598s] Level 1:colcon.colcon_core.package_identification:_identify(src/slash_hardware/f1tenth_system/teleop_tools/key_teleop) by extensions ['ignore', 'ignore_ament_install']
[0.598s] Level 1:colcon.colcon_core.package_identification:_identify(src/slash_hardware/f1tenth_system/teleop_tools/key_teleop) by extension 'ignore'
[0.598s] Level 1:colcon.colcon_core.package_identification:_identify(src/slash_hardware/f1tenth_system/teleop_tools/key_teleop) by extension 'ignore_ament_install'
[0.598s] Level 1:colcon.colcon_core.package_identification:_identify(src/slash_hardware/f1tenth_system/teleop_tools/key_teleop) by extensions ['colcon_pkg']
[0.598s] Level 1:colcon.colcon_core.package_identification:_identify(src/slash_hardware/f1tenth_system/teleop_tools/key_teleop) by extension 'colcon_pkg'
[0.598s] Level 1:colcon.colcon_core.package_identification:_identify(src/slash_hardware/f1tenth_system/teleop_tools/key_teleop) by extensions ['colcon_meta']
[0.599s] Level 1:colcon.colcon_core.package_identification:_identify(src/slash_hardware/f1tenth_system/teleop_tools/key_teleop) by extension 'colcon_meta'
[0.599s] Level 1:colcon.colcon_core.package_identification:_identify(src/slash_hardware/f1tenth_system/teleop_tools/key_teleop) by extensions ['ros']
[0.599s] Level 1:colcon.colcon_core.package_identification:_identify(src/slash_hardware/f1tenth_system/teleop_tools/key_teleop) by extension 'ros'
[0.600s] DEBUG:colcon.colcon_core.package_identification:Package 'src/slash_hardware/f1tenth_system/teleop_tools/key_teleop' with type 'ros.ament_python' and name 'key_teleop'
[0.600s] Level 1:colcon.colcon_core.package_identification:_identify(src/slash_hardware/f1tenth_system/teleop_tools/mouse_teleop) by extensions ['ignore', 'ignore_ament_install']
[0.600s] Level 1:colcon.colcon_core.package_identification:_identify(src/slash_hardware/f1tenth_system/teleop_tools/mouse_teleop) by extension 'ignore'
[0.600s] Level 1:colcon.colcon_core.package_identification:_identify(src/slash_hardware/f1tenth_system/teleop_tools/mouse_teleop) by extension 'ignore_ament_install'
[0.600s] Level 1:colcon.colcon_core.package_identification:_identify(src/slash_hardware/f1tenth_system/teleop_tools/mouse_teleop) by extensions ['colcon_pkg']
[0.600s] Level 1:colcon.colcon_core.package_identification:_identify(src/slash_hardware/f1tenth_system/teleop_tools/mouse_teleop) by extension 'colcon_pkg'
[0.600s] Level 1:colcon.colcon_core.package_identification:_identify(src/slash_hardware/f1tenth_system/teleop_tools/mouse_teleop) by extensions ['colcon_meta']
[0.600s] Level 1:colcon.colcon_core.package_identification:_identify(src/slash_hardware/f1tenth_system/teleop_tools/mouse_teleop) by extension 'colcon_meta'
[0.600s] Level 1:colcon.colcon_core.package_identification:_identify(src/slash_hardware/f1tenth_system/teleop_tools/mouse_teleop) by extensions ['ros']
[0.600s] Level 1:colcon.colcon_core.package_identification:_identify(src/slash_hardware/f1tenth_system/teleop_tools/mouse_teleop) by extension 'ros'
[0.601s] DEBUG:colcon.colcon_core.package_identification:Package 'src/slash_hardware/f1tenth_system/teleop_tools/mouse_teleop' with type 'ros.ament_python' and name 'mouse_teleop'
[0.602s] Level 1:colcon.colcon_core.package_identification:_identify(src/slash_hardware/f1tenth_system/teleop_tools/teleop_tools) by extensions ['ignore', 'ignore_ament_install']
[0.602s] Level 1:colcon.colcon_core.package_identification:_identify(src/slash_hardware/f1tenth_system/teleop_tools/teleop_tools) by extension 'ignore'
[0.602s] Level 1:colcon.colcon_core.package_identification:_identify(src/slash_hardware/f1tenth_system/teleop_tools/teleop_tools) by extension 'ignore_ament_install'
[0.602s] Level 1:colcon.colcon_core.package_identification:_identify(src/slash_hardware/f1tenth_system/teleop_tools/teleop_tools) by extensions ['colcon_pkg']
[0.602s] Level 1:colcon.colcon_core.package_identification:_identify(src/slash_hardware/f1tenth_system/teleop_tools/teleop_tools) by extension 'colcon_pkg'
[0.602s] Level 1:colcon.colcon_core.package_identification:_identify(src/slash_hardware/f1tenth_system/teleop_tools/teleop_tools) by extensions ['colcon_meta']
[0.602s] Level 1:colcon.colcon_core.package_identification:_identify(src/slash_hardware/f1tenth_system/teleop_tools/teleop_tools) by extension 'colcon_meta'
[0.602s] Level 1:colcon.colcon_core.package_identification:_identify(src/slash_hardware/f1tenth_system/teleop_tools/teleop_tools) by extensions ['ros']
[0.602s] Level 1:colcon.colcon_core.package_identification:_identify(src/slash_hardware/f1tenth_system/teleop_tools/teleop_tools) by extension 'ros'
[0.603s] DEBUG:colcon.colcon_core.package_identification:Package 'src/slash_hardware/f1tenth_system/teleop_tools/teleop_tools' with type 'ros.ament_cmake' and name 'teleop_tools'
[0.603s] Level 1:colcon.colcon_core.package_identification:_identify(src/slash_hardware/f1tenth_system/teleop_tools/teleop_tools_msgs) by extensions ['ignore', 'ignore_ament_install']
[0.604s] Level 1:colcon.colcon_core.package_identification:_identify(src/slash_hardware/f1tenth_system/teleop_tools/teleop_tools_msgs) by extension 'ignore'
[0.604s] Level 1:colcon.colcon_core.package_identification:_identify(src/slash_hardware/f1tenth_system/teleop_tools/teleop_tools_msgs) by extension 'ignore_ament_install'
[0.604s] Level 1:colcon.colcon_core.package_identification:_identify(src/slash_hardware/f1tenth_system/teleop_tools/teleop_tools_msgs) by extensions ['colcon_pkg']
[0.604s] Level 1:colcon.colcon_core.package_identification:_identify(src/slash_hardware/f1tenth_system/teleop_tools/teleop_tools_msgs) by extension 'colcon_pkg'
[0.604s] Level 1:colcon.colcon_core.package_identification:_identify(src/slash_hardware/f1tenth_system/teleop_tools/teleop_tools_msgs) by extensions ['colcon_meta']
[0.604s] Level 1:colcon.colcon_core.package_identification:_identify(src/slash_hardware/f1tenth_system/teleop_tools/teleop_tools_msgs) by extension 'colcon_meta'
[0.604s] Level 1:colcon.colcon_core.package_identification:_identify(src/slash_hardware/f1tenth_system/teleop_tools/teleop_tools_msgs) by extensions ['ros']
[0.604s] Level 1:colcon.colcon_core.package_identification:_identify(src/slash_hardware/f1tenth_system/teleop_tools/teleop_tools_msgs) by extension 'ros'
[0.605s] DEBUG:colcon.colcon_core.package_identification:Package 'src/slash_hardware/f1tenth_system/teleop_tools/teleop_tools_msgs' with type 'ros.ament_cmake' and name 'teleop_tools_msgs'
[0.605s] Level 1:colcon.colcon_core.package_identification:_identify(src/slash_hardware/f1tenth_system/vesc) by extensions ['ignore', 'ignore_ament_install']
[0.606s] Level 1:colcon.colcon_core.package_identification:_identify(src/slash_hardware/f1tenth_system/vesc) by extension 'ignore'
[0.606s] Level 1:colcon.colcon_core.package_identification:_identify(src/slash_hardware/f1tenth_system/vesc) by extension 'ignore_ament_install'
[0.606s] Level 1:colcon.colcon_core.package_identification:_identify(src/slash_hardware/f1tenth_system/vesc) by extensions ['colcon_pkg']
[0.606s] Level 1:colcon.colcon_core.package_identification:_identify(src/slash_hardware/f1tenth_system/vesc) by extension 'colcon_pkg'
[0.606s] Level 1:colcon.colcon_core.package_identification:_identify(src/slash_hardware/f1tenth_system/vesc) by extensions ['colcon_meta']
[0.606s] Level 1:colcon.colcon_core.package_identification:_identify(src/slash_hardware/f1tenth_system/vesc) by extension 'colcon_meta'
[0.606s] Level 1:colcon.colcon_core.package_identification:_identify(src/slash_hardware/f1tenth_system/vesc) by extensions ['ros']
[0.606s] Level 1:colcon.colcon_core.package_identification:_identify(src/slash_hardware/f1tenth_system/vesc) by extension 'ros'
[0.606s] Level 1:colcon.colcon_core.package_identification:_identify(src/slash_hardware/f1tenth_system/vesc) by extensions ['cmake', 'python']
[0.606s] Level 1:colcon.colcon_core.package_identification:_identify(src/slash_hardware/f1tenth_system/vesc) by extension 'cmake'
[0.606s] Level 1:colcon.colcon_core.package_identification:_identify(src/slash_hardware/f1tenth_system/vesc) by extension 'python'
[0.606s] Level 1:colcon.colcon_core.package_identification:_identify(src/slash_hardware/f1tenth_system/vesc) by extensions ['python_setup_py']
[0.607s] Level 1:colcon.colcon_core.package_identification:_identify(src/slash_hardware/f1tenth_system/vesc) by extension 'python_setup_py'
[0.607s] Level 1:colcon.colcon_core.package_identification:_identify(src/slash_hardware/f1tenth_system/vesc/vesc) by extensions ['ignore', 'ignore_ament_install']
[0.607s] Level 1:colcon.colcon_core.package_identification:_identify(src/slash_hardware/f1tenth_system/vesc/vesc) by extension 'ignore'
[0.607s] Level 1:colcon.colcon_core.package_identification:_identify(src/slash_hardware/f1tenth_system/vesc/vesc) by extension 'ignore_ament_install'
[0.607s] Level 1:colcon.colcon_core.package_identification:_identify(src/slash_hardware/f1tenth_system/vesc/vesc) by extensions ['colcon_pkg']
[0.607s] Level 1:colcon.colcon_core.package_identification:_identify(src/slash_hardware/f1tenth_system/vesc/vesc) by extension 'colcon_pkg'
[0.607s] Level 1:colcon.colcon_core.package_identification:_identify(src/slash_hardware/f1tenth_system/vesc/vesc) by extensions ['colcon_meta']
[0.607s] Level 1:colcon.colcon_core.package_identification:_identify(src/slash_hardware/f1tenth_system/vesc/vesc) by extension 'colcon_meta'
[0.607s] Level 1:colcon.colcon_core.package_identification:_identify(src/slash_hardware/f1tenth_system/vesc/vesc) by extensions ['ros']
[0.607s] Level 1:colcon.colcon_core.package_identification:_identify(src/slash_hardware/f1tenth_system/vesc/vesc) by extension 'ros'
[0.608s] DEBUG:colcon.colcon_core.package_identification:Package 'src/slash_hardware/f1tenth_system/vesc/vesc' with type 'ros.ament_cmake' and name 'vesc'
[0.608s] Level 1:colcon.colcon_core.package_identification:_identify(src/slash_hardware/f1tenth_system/vesc/vesc_ackermann) by extensions ['ignore', 'ignore_ament_install']
[0.609s] Level 1:colcon.colcon_core.package_identification:_identify(src/slash_hardware/f1tenth_system/vesc/vesc_ackermann) by extension 'ignore'
[0.609s] Level 1:colcon.colcon_core.package_identification:_identify(src/slash_hardware/f1tenth_system/vesc/vesc_ackermann) by extension 'ignore_ament_install'
[0.609s] Level 1:colcon.colcon_core.package_identification:_identify(src/slash_hardware/f1tenth_system/vesc/vesc_ackermann) by extensions ['colcon_pkg']
[0.609s] Level 1:colcon.colcon_core.package_identification:_identify(src/slash_hardware/f1tenth_system/vesc/vesc_ackermann) by extension 'colcon_pkg'
[0.609s] Level 1:colcon.colcon_core.package_identification:_identify(src/slash_hardware/f1tenth_system/vesc/vesc_ackermann) by extensions ['colcon_meta']
[0.609s] Level 1:colcon.colcon_core.package_identification:_identify(src/slash_hardware/f1tenth_system/vesc/vesc_ackermann) by extension 'colcon_meta'
[0.609s] Level 1:colcon.colcon_core.package_identification:_identify(src/slash_hardware/f1tenth_system/vesc/vesc_ackermann) by extensions ['ros']
[0.609s] Level 1:colcon.colcon_core.package_identification:_identify(src/slash_hardware/f1tenth_system/vesc/vesc_ackermann) by extension 'ros'
[0.611s] DEBUG:colcon.colcon_core.package_identification:Package 'src/slash_hardware/f1tenth_system/vesc/vesc_ackermann' with type 'ros.ament_cmake' and name 'vesc_ackermann'
[0.611s] Level 1:colcon.colcon_core.package_identification:_identify(src/slash_hardware/f1tenth_system/vesc/vesc_driver) by extensions ['ignore', 'ignore_ament_install']
[0.611s] Level 1:colcon.colcon_core.package_identification:_identify(src/slash_hardware/f1tenth_system/vesc/vesc_driver) by extension 'ignore'
[0.611s] Level 1:colcon.colcon_core.package_identification:_identify(src/slash_hardware/f1tenth_system/vesc/vesc_driver) by extension 'ignore_ament_install'
[0.611s] Level 1:colcon.colcon_core.package_identification:_identify(src/slash_hardware/f1tenth_system/vesc/vesc_driver) by extensions ['colcon_pkg']
[0.611s] Level 1:colcon.colcon_core.package_identification:_identify(src/slash_hardware/f1tenth_system/vesc/vesc_driver) by extension 'colcon_pkg'
[0.611s] Level 1:colcon.colcon_core.package_identification:_identify(src/slash_hardware/f1tenth_system/vesc/vesc_driver) by extensions ['colcon_meta']
[0.611s] Level 1:colcon.colcon_core.package_identification:_identify(src/slash_hardware/f1tenth_system/vesc/vesc_driver) by extension 'colcon_meta'
[0.612s] Level 1:colcon.colcon_core.package_identification:_identify(src/slash_hardware/f1tenth_system/vesc/vesc_driver) by extensions ['ros']
[0.612s] Level 1:colcon.colcon_core.package_identification:_identify(src/slash_hardware/f1tenth_system/vesc/vesc_driver) by extension 'ros'
[0.613s] DEBUG:colcon.colcon_core.package_identification:Package 'src/slash_hardware/f1tenth_system/vesc/vesc_driver' with type 'ros.ament_cmake' and name 'vesc_driver'
[0.613s] Level 1:colcon.colcon_core.package_identification:_identify(src/slash_hardware/f1tenth_system/vesc/vesc_msgs) by extensions ['ignore', 'ignore_ament_install']
[0.613s] Level 1:colcon.colcon_core.package_identification:_identify(src/slash_hardware/f1tenth_system/vesc/vesc_msgs) by extension 'ignore'
[0.613s] Level 1:colcon.colcon_core.package_identification:_identify(src/slash_hardware/f1tenth_system/vesc/vesc_msgs) by extension 'ignore_ament_install'
[0.614s] Level 1:colcon.colcon_core.package_identification:_identify(src/slash_hardware/f1tenth_system/vesc/vesc_msgs) by extensions ['colcon_pkg']
[0.614s] Level 1:colcon.colcon_core.package_identification:_identify(src/slash_hardware/f1tenth_system/vesc/vesc_msgs) by extension 'colcon_pkg'
[0.614s] Level 1:colcon.colcon_core.package_identification:_identify(src/slash_hardware/f1tenth_system/vesc/vesc_msgs) by extensions ['colcon_meta']
[0.614s] Level 1:colcon.colcon_core.package_identification:_identify(src/slash_hardware/f1tenth_system/vesc/vesc_msgs) by extension 'colcon_meta'
[0.614s] Level 1:colcon.colcon_core.package_identification:_identify(src/slash_hardware/f1tenth_system/vesc/vesc_msgs) by extensions ['ros']
[0.614s] Level 1:colcon.colcon_core.package_identification:_identify(src/slash_hardware/f1tenth_system/vesc/vesc_msgs) by extension 'ros'
[0.615s] DEBUG:colcon.colcon_core.package_identification:Package 'src/slash_hardware/f1tenth_system/vesc/vesc_msgs' with type 'ros.ament_cmake' and name 'vesc_msgs'
[0.615s] Level 1:colcon.colcon_core.package_identification:_identify(src/slash_hardware/livox_ros_driver2) by extensions ['ignore', 'ignore_ament_install']
[0.615s] Level 1:colcon.colcon_core.package_identification:_identify(src/slash_hardware/livox_ros_driver2) by extension 'ignore'
[0.615s] Level 1:colcon.colcon_core.package_identification:_identify(src/slash_hardware/livox_ros_driver2) by extension 'ignore_ament_install'
[0.616s] Level 1:colcon.colcon_core.package_identification:_identify(src/slash_hardware/livox_ros_driver2) by extensions ['colcon_pkg']
[0.616s] Level 1:colcon.colcon_core.package_identification:_identify(src/slash_hardware/livox_ros_driver2) by extension 'colcon_pkg'
[0.616s] Level 1:colcon.colcon_core.package_identification:_identify(src/slash_hardware/livox_ros_driver2) by extensions ['colcon_meta']
[0.616s] Level 1:colcon.colcon_core.package_identification:_identify(src/slash_hardware/livox_ros_driver2) by extension 'colcon_meta'
[0.616s] Level 1:colcon.colcon_core.package_identification:_identify(src/slash_hardware/livox_ros_driver2) by extensions ['ros']
[0.616s] Level 1:colcon.colcon_core.package_identification:_identify(src/slash_hardware/livox_ros_driver2) by extension 'ros'
[0.616s] Level 1:colcon.colcon_core.package_identification:_identify(src/slash_hardware/livox_ros_driver2) by extensions ['cmake', 'python']
[0.616s] Level 1:colcon.colcon_core.package_identification:_identify(src/slash_hardware/livox_ros_driver2) by extension 'cmake'
[0.616s] Level 1:colcon.colcon_core.package_identification:_identify(src/slash_hardware/livox_ros_driver2) by extension 'python'
[0.616s] Level 1:colcon.colcon_core.package_identification:_identify(src/slash_hardware/livox_ros_driver2) by extensions ['python_setup_py']
[0.616s] Level 1:colcon.colcon_core.package_identification:_identify(src/slash_hardware/livox_ros_driver2) by extension 'python_setup_py'
[0.616s] Level 1:colcon.colcon_core.package_identification:_identify(src/slash_hardware/livox_ros_driver2/src) by extensions ['ignore', 'ignore_ament_install']
[0.617s] Level 1:colcon.colcon_core.package_identification:_identify(src/slash_hardware/livox_ros_driver2/src) by extension 'ignore'
[0.617s] Level 1:colcon.colcon_core.package_identification:_identify(src/slash_hardware/livox_ros_driver2/src) by extension 'ignore_ament_install'
[0.617s] Level 1:colcon.colcon_core.package_identification:_identify(src/slash_hardware/livox_ros_driver2/src) by extensions ['colcon_pkg']
[0.617s] Level 1:colcon.colcon_core.package_identification:_identify(src/slash_hardware/livox_ros_driver2/src) by extension 'colcon_pkg'
[0.617s] Level 1:colcon.colcon_core.package_identification:_identify(src/slash_hardware/livox_ros_driver2/src) by extensions ['colcon_meta']
[0.617s] Level 1:colcon.colcon_core.package_identification:_identify(src/slash_hardware/livox_ros_driver2/src) by extension 'colcon_meta'
[0.617s] Level 1:colcon.colcon_core.package_identification:_identify(src/slash_hardware/livox_ros_driver2/src) by extensions ['ros']
[0.617s] Level 1:colcon.colcon_core.package_identification:_identify(src/slash_hardware/livox_ros_driver2/src) by extension 'ros'
[0.619s] DEBUG:colcon.colcon_core.package_identification:Package 'src/slash_hardware/livox_ros_driver2/src' with type 'ros.ament_cmake' and name 'livox_ros_driver2'
[0.619s] Level 1:colcon.colcon_core.package_identification:_identify(src/slash_localization) by extensions ['ignore', 'ignore_ament_install']
[0.619s] Level 1:colcon.colcon_core.package_identification:_identify(src/slash_localization) by extension 'ignore'
[0.619s] Level 1:colcon.colcon_core.package_identification:_identify(src/slash_localization) by extension 'ignore_ament_install'
[0.619s] Level 1:colcon.colcon_core.package_identification:_identify(src/slash_localization) by extensions ['colcon_pkg']
[0.619s] Level 1:colcon.colcon_core.package_identification:_identify(src/slash_localization) by extension 'colcon_pkg'
[0.619s] Level 1:colcon.colcon_core.package_identification:_identify(src/slash_localization) by extensions ['colcon_meta']
[0.620s] Level 1:colcon.colcon_core.package_identification:_identify(src/slash_localization) by extension 'colcon_meta'
[0.620s] Level 1:colcon.colcon_core.package_identification:_identify(src/slash_localization) by extensions ['ros']
[0.620s] Level 1:colcon.colcon_core.package_identification:_identify(src/slash_localization) by extension 'ros'
[0.620s] Level 1:colcon.colcon_core.package_identification:_identify(src/slash_localization) by extensions ['cmake', 'python']
[0.620s] Level 1:colcon.colcon_core.package_identification:_identify(src/slash_localization) by extension 'cmake'
[0.620s] Level 1:colcon.colcon_core.package_identification:_identify(src/slash_localization) by extension 'python'
[0.620s] Level 1:colcon.colcon_core.package_identification:_identify(src/slash_localization) by extensions ['python_setup_py']
[0.620s] Level 1:colcon.colcon_core.package_identification:_identify(src/slash_localization) by extension 'python_setup_py'
[0.620s] Level 1:colcon.colcon_core.package_identification:_identify(src/slash_localization/FAST_LIO) by extensions ['ignore', 'ignore_ament_install']
[0.620s] Level 1:colcon.colcon_core.package_identification:_identify(src/slash_localization/FAST_LIO) by extension 'ignore'
[0.620s] Level 1:colcon.colcon_core.package_identification:_identify(src/slash_localization/FAST_LIO) by extension 'ignore_ament_install'
[0.621s] Level 1:colcon.colcon_core.package_identification:_identify(src/slash_localization/FAST_LIO) by extensions ['colcon_pkg']
[0.621s] Level 1:colcon.colcon_core.package_identification:_identify(src/slash_localization/FAST_LIO) by extension 'colcon_pkg'
[0.621s] Level 1:colcon.colcon_core.package_identification:_identify(src/slash_localization/FAST_LIO) by extensions ['colcon_meta']
[0.621s] Level 1:colcon.colcon_core.package_identification:_identify(src/slash_localization/FAST_LIO) by extension 'colcon_meta'
[0.621s] Level 1:colcon.colcon_core.package_identification:_identify(src/slash_localization/FAST_LIO) by extensions ['ros']
[0.621s] Level 1:colcon.colcon_core.package_identification:_identify(src/slash_localization/FAST_LIO) by extension 'ros'
[0.622s] DEBUG:colcon.colcon_core.package_identification:Package 'src/slash_localization/FAST_LIO' with type 'ros.ament_cmake' and name 'fast_lio'
[0.623s] Level 1:colcon.colcon_core.package_identification:_identify(src/slash_navigation) by extensions ['ignore', 'ignore_ament_install']
[0.623s] Level 1:colcon.colcon_core.package_identification:_identify(src/slash_navigation) by extension 'ignore'
[0.623s] Level 1:colcon.colcon_core.package_identification:_identify(src/slash_navigation) by extension 'ignore_ament_install'
[0.623s] Level 1:colcon.colcon_core.package_identification:_identify(src/slash_navigation) by extensions ['colcon_pkg']
[0.623s] Level 1:colcon.colcon_core.package_identification:_identify(src/slash_navigation) by extension 'colcon_pkg'
[0.623s] Level 1:colcon.colcon_core.package_identification:_identify(src/slash_navigation) by extensions ['colcon_meta']
[0.623s] Level 1:colcon.colcon_core.package_identification:_identify(src/slash_navigation) by extension 'colcon_meta'
[0.623s] Level 1:colcon.colcon_core.package_identification:_identify(src/slash_navigation) by extensions ['ros']
[0.623s] Level 1:colcon.colcon_core.package_identification:_identify(src/slash_navigation) by extension 'ros'
[0.623s] Level 1:colcon.colcon_core.package_identification:_identify(src/slash_navigation) by extensions ['cmake', 'python']
[0.624s] Level 1:colcon.colcon_core.package_identification:_identify(src/slash_navigation) by extension 'cmake'
[0.624s] Level 1:colcon.colcon_core.package_identification:_identify(src/slash_navigation) by extension 'python'
[0.624s] Level 1:colcon.colcon_core.package_identification:_identify(src/slash_navigation) by extensions ['python_setup_py']
[0.624s] Level 1:colcon.colcon_core.package_identification:_identify(src/slash_navigation) by extension 'python_setup_py'
[0.624s] Level 1:colcon.colcon_core.package_identification:_identify(src/slash_navigation/costmap_converter) by extensions ['ignore', 'ignore_ament_install']
[0.624s] Level 1:colcon.colcon_core.package_identification:_identify(src/slash_navigation/costmap_converter) by extension 'ignore'
[0.624s] Level 1:colcon.colcon_core.package_identification:_identify(src/slash_navigation/costmap_converter) by extension 'ignore_ament_install'
[0.624s] Level 1:colcon.colcon_core.package_identification:_identify(src/slash_navigation/costmap_converter) by extensions ['colcon_pkg']
[0.624s] Level 1:colcon.colcon_core.package_identification:_identify(src/slash_navigation/costmap_converter) by extension 'colcon_pkg'
[0.624s] Level 1:colcon.colcon_core.package_identification:_identify(src/slash_navigation/costmap_converter) by extensions ['colcon_meta']
[0.624s] Level 1:colcon.colcon_core.package_identification:_identify(src/slash_navigation/costmap_converter) by extension 'colcon_meta'
[0.624s] Level 1:colcon.colcon_core.package_identification:_identify(src/slash_navigation/costmap_converter) by extensions ['ros']
[0.624s] Level 1:colcon.colcon_core.package_identification:_identify(src/slash_navigation/costmap_converter) by extension 'ros'
[0.625s] Level 1:colcon.colcon_core.package_identification:_identify(src/slash_navigation/costmap_converter) by extensions ['cmake', 'python']
[0.625s] Level 1:colcon.colcon_core.package_identification:_identify(src/slash_navigation/costmap_converter) by extension 'cmake'
[0.625s] Level 1:colcon.colcon_core.package_identification:_identify(src/slash_navigation/costmap_converter) by extension 'python'
[0.625s] Level 1:colcon.colcon_core.package_identification:_identify(src/slash_navigation/costmap_converter) by extensions ['python_setup_py']
[0.625s] Level 1:colcon.colcon_core.package_identification:_identify(src/slash_navigation/costmap_converter) by extension 'python_setup_py'
[0.625s] Level 1:colcon.colcon_core.package_identification:_identify(src/slash_navigation/costmap_converter/costmap_converter) by extensions ['ignore', 'ignore_ament_install']
[0.625s] Level 1:colcon.colcon_core.package_identification:_identify(src/slash_navigation/costmap_converter/costmap_converter) by extension 'ignore'
[0.625s] Level 1:colcon.colcon_core.package_identification:_identify(src/slash_navigation/costmap_converter/costmap_converter) by extension 'ignore_ament_install'
[0.625s] Level 1:colcon.colcon_core.package_identification:_identify(src/slash_navigation/costmap_converter/costmap_converter) by extensions ['colcon_pkg']
[0.625s] Level 1:colcon.colcon_core.package_identification:_identify(src/slash_navigation/costmap_converter/costmap_converter) by extension 'colcon_pkg'
[0.625s] Level 1:colcon.colcon_core.package_identification:_identify(src/slash_navigation/costmap_converter/costmap_converter) by extensions ['colcon_meta']
[0.625s] Level 1:colcon.colcon_core.package_identification:_identify(src/slash_navigation/costmap_converter/costmap_converter) by extension 'colcon_meta'
[0.626s] Level 1:colcon.colcon_core.package_identification:_identify(src/slash_navigation/costmap_converter/costmap_converter) by extensions ['ros']
[0.626s] Level 1:colcon.colcon_core.package_identification:_identify(src/slash_navigation/costmap_converter/costmap_converter) by extension 'ros'
[0.627s] DEBUG:colcon.colcon_core.package_identification:Package 'src/slash_navigation/costmap_converter/costmap_converter' with type 'ros.ament_cmake' and name 'costmap_converter'
[0.627s] Level 1:colcon.colcon_core.package_identification:_identify(src/slash_navigation/costmap_converter/costmap_converter_msgs) by extensions ['ignore', 'ignore_ament_install']
[0.628s] Level 1:colcon.colcon_core.package_identification:_identify(src/slash_navigation/costmap_converter/costmap_converter_msgs) by extension 'ignore'
[0.628s] Level 1:colcon.colcon_core.package_identification:_identify(src/slash_navigation/costmap_converter/costmap_converter_msgs) by extension 'ignore_ament_install'
[0.628s] Level 1:colcon.colcon_core.package_identification:_identify(src/slash_navigation/costmap_converter/costmap_converter_msgs) by extensions ['colcon_pkg']
[0.628s] Level 1:colcon.colcon_core.package_identification:_identify(src/slash_navigation/costmap_converter/costmap_converter_msgs) by extension 'colcon_pkg'
[0.628s] Level 1:colcon.colcon_core.package_identification:_identify(src/slash_navigation/costmap_converter/costmap_converter_msgs) by extensions ['colcon_meta']
[0.628s] Level 1:colcon.colcon_core.package_identification:_identify(src/slash_navigation/costmap_converter/costmap_converter_msgs) by extension 'colcon_meta'
[0.628s] Level 1:colcon.colcon_core.package_identification:_identify(src/slash_navigation/costmap_converter/costmap_converter_msgs) by extensions ['ros']
[0.628s] Level 1:colcon.colcon_core.package_identification:_identify(src/slash_navigation/costmap_converter/costmap_converter_msgs) by extension 'ros'
[0.629s] DEBUG:colcon.colcon_core.package_identification:Package 'src/slash_navigation/costmap_converter/costmap_converter_msgs' with type 'ros.ament_cmake' and name 'costmap_converter_msgs'
[0.629s] Level 1:colcon.colcon_core.package_identification:_identify(src/slash_navigation/slash_nav2) by extensions ['ignore', 'ignore_ament_install']
[0.629s] Level 1:colcon.colcon_core.package_identification:_identify(src/slash_navigation/slash_nav2) by extension 'ignore'
[0.629s] Level 1:colcon.colcon_core.package_identification:_identify(src/slash_navigation/slash_nav2) by extension 'ignore_ament_install'
[0.629s] Level 1:colcon.colcon_core.package_identification:_identify(src/slash_navigation/slash_nav2) by extensions ['colcon_pkg']
[0.629s] Level 1:colcon.colcon_core.package_identification:_identify(src/slash_navigation/slash_nav2) by extension 'colcon_pkg'
[0.630s] Level 1:colcon.colcon_core.package_identification:_identify(src/slash_navigation/slash_nav2) by extensions ['colcon_meta']
[0.630s] Level 1:colcon.colcon_core.package_identification:_identify(src/slash_navigation/slash_nav2) by extension 'colcon_meta'
[0.630s] Level 1:colcon.colcon_core.package_identification:_identify(src/slash_navigation/slash_nav2) by extensions ['ros']
[0.630s] Level 1:colcon.colcon_core.package_identification:_identify(src/slash_navigation/slash_nav2) by extension 'ros'
[0.630s] DEBUG:colcon.colcon_core.package_identification:Package 'src/slash_navigation/slash_nav2' with type 'ros.ament_cmake' and name 'slash_nav2'
[0.631s] Level 1:colcon.colcon_core.package_identification:_identify(src/slash_navigation/teb_local_planner) by extensions ['ignore', 'ignore_ament_install']
[0.631s] Level 1:colcon.colcon_core.package_identification:_identify(src/slash_navigation/teb_local_planner) by extension 'ignore'
[0.631s] Level 1:colcon.colcon_core.package_identification:_identify(src/slash_navigation/teb_local_planner) by extension 'ignore_ament_install'
[0.631s] Level 1:colcon.colcon_core.package_identification:_identify(src/slash_navigation/teb_local_planner) by extensions ['colcon_pkg']
[0.631s] Level 1:colcon.colcon_core.package_identification:_identify(src/slash_navigation/teb_local_planner) by extension 'colcon_pkg'
[0.631s] Level 1:colcon.colcon_core.package_identification:_identify(src/slash_navigation/teb_local_planner) by extensions ['colcon_meta']
[0.631s] Level 1:colcon.colcon_core.package_identification:_identify(src/slash_navigation/teb_local_planner) by extension 'colcon_meta'
[0.631s] Level 1:colcon.colcon_core.package_identification:_identify(src/slash_navigation/teb_local_planner) by extensions ['ros']
[0.631s] Level 1:colcon.colcon_core.package_identification:_identify(src/slash_navigation/teb_local_planner) by extension 'ros'
[0.631s] Level 1:colcon.colcon_core.package_identification:_identify(src/slash_navigation/teb_local_planner) by extensions ['cmake', 'python']
[0.631s] Level 1:colcon.colcon_core.package_identification:_identify(src/slash_navigation/teb_local_planner) by extension 'cmake'
[0.632s] Level 1:colcon.colcon_core.package_identification:_identify(src/slash_navigation/teb_local_planner) by extension 'python'
[0.632s] Level 1:colcon.colcon_core.package_identification:_identify(src/slash_navigation/teb_local_planner) by extensions ['python_setup_py']
[0.632s] Level 1:colcon.colcon_core.package_identification:_identify(src/slash_navigation/teb_local_planner) by extension 'python_setup_py'
[0.632s] Level 1:colcon.colcon_core.package_identification:_identify(src/slash_navigation/teb_local_planner/teb_local_planner) by extensions ['ignore', 'ignore_ament_install']
[0.632s] Level 1:colcon.colcon_core.package_identification:_identify(src/slash_navigation/teb_local_planner/teb_local_planner) by extension 'ignore'
[0.632s] Level 1:colcon.colcon_core.package_identification:_identify(src/slash_navigation/teb_local_planner/teb_local_planner) by extension 'ignore_ament_install'
[0.632s] Level 1:colcon.colcon_core.package_identification:_identify(src/slash_navigation/teb_local_planner/teb_local_planner) by extensions ['colcon_pkg']
[0.632s] Level 1:colcon.colcon_core.package_identification:_identify(src/slash_navigation/teb_local_planner/teb_local_planner) by extension 'colcon_pkg'
[0.632s] Level 1:colcon.colcon_core.package_identification:_identify(src/slash_navigation/teb_local_planner/teb_local_planner) by extensions ['colcon_meta']
[0.632s] Level 1:colcon.colcon_core.package_identification:_identify(src/slash_navigation/teb_local_planner/teb_local_planner) by extension 'colcon_meta'
[0.632s] Level 1:colcon.colcon_core.package_identification:_identify(src/slash_navigation/teb_local_planner/teb_local_planner) by extensions ['ros']
[0.632s] Level 1:colcon.colcon_core.package_identification:_identify(src/slash_navigation/teb_local_planner/teb_local_planner) by extension 'ros'
[0.635s] DEBUG:colcon.colcon_core.package_identification:Package 'src/slash_navigation/teb_local_planner/teb_local_planner' with type 'ros.ament_cmake' and name 'teb_local_planner'
[0.635s] Level 1:colcon.colcon_core.package_identification:_identify(src/slash_navigation/teb_local_planner/teb_msgs) by extensions ['ignore', 'ignore_ament_install']
[0.635s] Level 1:colcon.colcon_core.package_identification:_identify(src/slash_navigation/teb_local_planner/teb_msgs) by extension 'ignore'
[0.635s] Level 1:colcon.colcon_core.package_identification:_identify(src/slash_navigation/teb_local_planner/teb_msgs) by extension 'ignore_ament_install'
[0.636s] Level 1:colcon.colcon_core.package_identification:_identify(src/slash_navigation/teb_local_planner/teb_msgs) by extensions ['colcon_pkg']
[0.636s] Level 1:colcon.colcon_core.package_identification:_identify(src/slash_navigation/teb_local_planner/teb_msgs) by extension 'colcon_pkg'
[0.636s] Level 1:colcon.colcon_core.package_identification:_identify(src/slash_navigation/teb_local_planner/teb_msgs) by extensions ['colcon_meta']
[0.636s] Level 1:colcon.colcon_core.package_identification:_identify(src/slash_navigation/teb_local_planner/teb_msgs) by extension 'colcon_meta'
[0.636s] Level 1:colcon.colcon_core.package_identification:_identify(src/slash_navigation/teb_local_planner/teb_msgs) by extensions ['ros']
[0.636s] Level 1:colcon.colcon_core.package_identification:_identify(src/slash_navigation/teb_local_planner/teb_msgs) by extension 'ros'
[0.637s] DEBUG:colcon.colcon_core.package_identification:Package 'src/slash_navigation/teb_local_planner/teb_msgs' with type 'ros.ament_cmake' and name 'teb_msgs'
[0.637s] Level 1:colcon.colcon_core.package_identification:_identify(src/slash_perception) by extensions ['ignore', 'ignore_ament_install']
[0.637s] Level 1:colcon.colcon_core.package_identification:_identify(src/slash_perception) by extension 'ignore'
[0.637s] Level 1:colcon.colcon_core.package_identification:_identify(src/slash_perception) by extension 'ignore_ament_install'
[0.637s] Level 1:colcon.colcon_core.package_identification:_identify(src/slash_perception) by extensions ['colcon_pkg']
[0.637s] Level 1:colcon.colcon_core.package_identification:_identify(src/slash_perception) by extension 'colcon_pkg'
[0.638s] Level 1:colcon.colcon_core.package_identification:_identify(src/slash_perception) by extensions ['colcon_meta']
[0.638s] Level 1:colcon.colcon_core.package_identification:_identify(src/slash_perception) by extension 'colcon_meta'
[0.638s] Level 1:colcon.colcon_core.package_identification:_identify(src/slash_perception) by extensions ['ros']
[0.638s] Level 1:colcon.colcon_core.package_identification:_identify(src/slash_perception) by extension 'ros'
[0.638s] Level 1:colcon.colcon_core.package_identification:_identify(src/slash_perception) by extensions ['cmake', 'python']
[0.638s] Level 1:colcon.colcon_core.package_identification:_identify(src/slash_perception) by extension 'cmake'
[0.638s] Level 1:colcon.colcon_core.package_identification:_identify(src/slash_perception) by extension 'python'
[0.638s] Level 1:colcon.colcon_core.package_identification:_identify(src/slash_perception) by extensions ['python_setup_py']
[0.638s] Level 1:colcon.colcon_core.package_identification:_identify(src/slash_perception) by extension 'python_setup_py'
[0.638s] Level 1:colcon.colcon_core.package_identification:_identify(src/slash_perception/linefit_ground_segementation_ros2) by extensions ['ignore', 'ignore_ament_install']
[0.638s] Level 1:colcon.colcon_core.package_identification:_identify(src/slash_perception/linefit_ground_segementation_ros2) by extension 'ignore'
[0.638s] Level 1:colcon.colcon_core.package_identification:_identify(src/slash_perception/linefit_ground_segementation_ros2) by extension 'ignore_ament_install'
[0.639s] Level 1:colcon.colcon_core.package_identification:_identify(src/slash_perception/linefit_ground_segementation_ros2) by extensions ['colcon_pkg']
[0.639s] Level 1:colcon.colcon_core.package_identification:_identify(src/slash_perception/linefit_ground_segementation_ros2) by extension 'colcon_pkg'
[0.639s] Level 1:colcon.colcon_core.package_identification:_identify(src/slash_perception/linefit_ground_segementation_ros2) by extensions ['colcon_meta']
[0.639s] Level 1:colcon.colcon_core.package_identification:_identify(src/slash_perception/linefit_ground_segementation_ros2) by extension 'colcon_meta'
[0.639s] Level 1:colcon.colcon_core.package_identification:_identify(src/slash_perception/linefit_ground_segementation_ros2) by extensions ['ros']
[0.639s] Level 1:colcon.colcon_core.package_identification:_identify(src/slash_perception/linefit_ground_segementation_ros2) by extension 'ros'
[0.639s] Level 1:colcon.colcon_core.package_identification:_identify(src/slash_perception/linefit_ground_segementation_ros2) by extensions ['cmake', 'python']
[0.639s] Level 1:colcon.colcon_core.package_identification:_identify(src/slash_perception/linefit_ground_segementation_ros2) by extension 'cmake'
[0.639s] Level 1:colcon.colcon_core.package_identification:_identify(src/slash_perception/linefit_ground_segementation_ros2) by extension 'python'
[0.639s] Level 1:colcon.colcon_core.package_identification:_identify(src/slash_perception/linefit_ground_segementation_ros2) by extensions ['python_setup_py']
[0.639s] Level 1:colcon.colcon_core.package_identification:_identify(src/slash_perception/linefit_ground_segementation_ros2) by extension 'python_setup_py'
[0.639s] Level 1:colcon.colcon_core.package_identification:_identify(src/slash_perception/linefit_ground_segementation_ros2/doc) by extensions ['ignore', 'ignore_ament_install']
[0.640s] Level 1:colcon.colcon_core.package_identification:_identify(src/slash_perception/linefit_ground_segementation_ros2/doc) by extension 'ignore'
[0.640s] Level 1:colcon.colcon_core.package_identification:_identify(src/slash_perception/linefit_ground_segementation_ros2/doc) by extension 'ignore_ament_install'
[0.640s] Level 1:colcon.colcon_core.package_identification:_identify(src/slash_perception/linefit_ground_segementation_ros2/doc) by extensions ['colcon_pkg']
[0.640s] Level 1:colcon.colcon_core.package_identification:_identify(src/slash_perception/linefit_ground_segementation_ros2/doc) by extension 'colcon_pkg'
[0.640s] Level 1:colcon.colcon_core.package_identification:_identify(src/slash_perception/linefit_ground_segementation_ros2/doc) by extensions ['colcon_meta']
[0.640s] Level 1:colcon.colcon_core.package_identification:_identify(src/slash_perception/linefit_ground_segementation_ros2/doc) by extension 'colcon_meta'
[0.640s] Level 1:colcon.colcon_core.package_identification:_identify(src/slash_perception/linefit_ground_segementation_ros2/doc) by extensions ['ros']
[0.640s] Level 1:colcon.colcon_core.package_identification:_identify(src/slash_perception/linefit_ground_segementation_ros2/doc) by extension 'ros'
[0.640s] Level 1:colcon.colcon_core.package_identification:_identify(src/slash_perception/linefit_ground_segementation_ros2/doc) by extensions ['cmake', 'python']
[0.640s] Level 1:colcon.colcon_core.package_identification:_identify(src/slash_perception/linefit_ground_segementation_ros2/doc) by extension 'cmake'
[0.640s] Level 1:colcon.colcon_core.package_identification:_identify(src/slash_perception/linefit_ground_segementation_ros2/doc) by extension 'python'
[0.640s] Level 1:colcon.colcon_core.package_identification:_identify(src/slash_perception/linefit_ground_segementation_ros2/doc) by extensions ['python_setup_py']
[0.640s] Level 1:colcon.colcon_core.package_identification:_identify(src/slash_perception/linefit_ground_segementation_ros2/doc) by extension 'python_setup_py'
[0.641s] Level 1:colcon.colcon_core.package_identification:_identify(src/slash_perception/linefit_ground_segementation_ros2/linefit_ground_segmentation) by extensions ['ignore', 'ignore_ament_install']
[0.641s] Level 1:colcon.colcon_core.package_identification:_identify(src/slash_perception/linefit_ground_segementation_ros2/linefit_ground_segmentation) by extension 'ignore'
[0.641s] Level 1:colcon.colcon_core.package_identification:_identify(src/slash_perception/linefit_ground_segementation_ros2/linefit_ground_segmentation) by extension 'ignore_ament_install'
[0.641s] Level 1:colcon.colcon_core.package_identification:_identify(src/slash_perception/linefit_ground_segementation_ros2/linefit_ground_segmentation) by extensions ['colcon_pkg']
[0.641s] Level 1:colcon.colcon_core.package_identification:_identify(src/slash_perception/linefit_ground_segementation_ros2/linefit_ground_segmentation) by extension 'colcon_pkg'
[0.641s] Level 1:colcon.colcon_core.package_identification:_identify(src/slash_perception/linefit_ground_segementation_ros2/linefit_ground_segmentation) by extensions ['colcon_meta']
[0.641s] Level 1:colcon.colcon_core.package_identification:_identify(src/slash_perception/linefit_ground_segementation_ros2/linefit_ground_segmentation) by extension 'colcon_meta'
[0.641s] Level 1:colcon.colcon_core.package_identification:_identify(src/slash_perception/linefit_ground_segementation_ros2/linefit_ground_segmentation) by extensions ['ros']
[0.641s] Level 1:colcon.colcon_core.package_identification:_identify(src/slash_perception/linefit_ground_segementation_ros2/linefit_ground_segmentation) by extension 'ros'
[0.642s] DEBUG:colcon.colcon_core.package_identification:Package 'src/slash_perception/linefit_ground_segementation_ros2/linefit_ground_segmentation' with type 'ros.ament_cmake' and name 'linefit_ground_segmentation'
[0.642s] Level 1:colcon.colcon_core.package_identification:_identify(src/slash_perception/linefit_ground_segementation_ros2/linefit_ground_segmentation_ros) by extensions ['ignore', 'ignore_ament_install']
[0.642s] Level 1:colcon.colcon_core.package_identification:_identify(src/slash_perception/linefit_ground_segementation_ros2/linefit_ground_segmentation_ros) by extension 'ignore'
[0.643s] Level 1:colcon.colcon_core.package_identification:_identify(src/slash_perception/linefit_ground_segementation_ros2/linefit_ground_segmentation_ros) by extension 'ignore_ament_install'
[0.643s] Level 1:colcon.colcon_core.package_identification:_identify(src/slash_perception/linefit_ground_segementation_ros2/linefit_ground_segmentation_ros) by extensions ['colcon_pkg']
[0.643s] Level 1:colcon.colcon_core.package_identification:_identify(src/slash_perception/linefit_ground_segementation_ros2/linefit_ground_segmentation_ros) by extension 'colcon_pkg'
[0.643s] Level 1:colcon.colcon_core.package_identification:_identify(src/slash_perception/linefit_ground_segementation_ros2/linefit_ground_segmentation_ros) by extensions ['colcon_meta']
[0.643s] Level 1:colcon.colcon_core.package_identification:_identify(src/slash_perception/linefit_ground_segementation_ros2/linefit_ground_segmentation_ros) by extension 'colcon_meta'
[0.643s] Level 1:colcon.colcon_core.package_identification:_identify(src/slash_perception/linefit_ground_segementation_ros2/linefit_ground_segmentation_ros) by extensions ['ros']
[0.643s] Level 1:colcon.colcon_core.package_identification:_identify(src/slash_perception/linefit_ground_segementation_ros2/linefit_ground_segmentation_ros) by extension 'ros'
[0.644s] DEBUG:colcon.colcon_core.package_identification:Package 'src/slash_perception/linefit_ground_segementation_ros2/linefit_ground_segmentation_ros' with type 'ros.ament_cmake' and name 'linefit_ground_segmentation_ros'
[0.644s] Level 1:colcon.colcon_core.package_identification:_identify(src/slash_perception/pointcloud_to_laserscan) by extensions ['ignore', 'ignore_ament_install']
[0.644s] Level 1:colcon.colcon_core.package_identification:_identify(src/slash_perception/pointcloud_to_laserscan) by extension 'ignore'
[0.644s] Level 1:colcon.colcon_core.package_identification:_identify(src/slash_perception/pointcloud_to_laserscan) by extension 'ignore_ament_install'
[0.645s] Level 1:colcon.colcon_core.package_identification:_identify(src/slash_perception/pointcloud_to_laserscan) by extensions ['colcon_pkg']
[0.645s] Level 1:colcon.colcon_core.package_identification:_identify(src/slash_perception/pointcloud_to_laserscan) by extension 'colcon_pkg'
[0.645s] Level 1:colcon.colcon_core.package_identification:_identify(src/slash_perception/pointcloud_to_laserscan) by extensions ['colcon_meta']
[0.645s] Level 1:colcon.colcon_core.package_identification:_identify(src/slash_perception/pointcloud_to_laserscan) by extension 'colcon_meta'
[0.645s] Level 1:colcon.colcon_core.package_identification:_identify(src/slash_perception/pointcloud_to_laserscan) by extensions ['ros']
[0.645s] Level 1:colcon.colcon_core.package_identification:_identify(src/slash_perception/pointcloud_to_laserscan) by extension 'ros'
[0.647s] DEBUG:colcon.colcon_core.package_identification:Package 'src/slash_perception/pointcloud_to_laserscan' with type 'ros.ament_cmake' and name 'pointcloud_to_laserscan'
[0.647s] Level 1:colcon.colcon_core.package_identification:_identify(src/slash_perception/twist_to_ackermann) by extensions ['ignore', 'ignore_ament_install']
[0.647s] Level 1:colcon.colcon_core.package_identification:_identify(src/slash_perception/twist_to_ackermann) by extension 'ignore'
[0.647s] Level 1:colcon.colcon_core.package_identification:_identify(src/slash_perception/twist_to_ackermann) by extension 'ignore_ament_install'
[0.647s] Level 1:colcon.colcon_core.package_identification:_identify(src/slash_perception/twist_to_ackermann) by extensions ['colcon_pkg']
[0.647s] Level 1:colcon.colcon_core.package_identification:_identify(src/slash_perception/twist_to_ackermann) by extension 'colcon_pkg'
[0.647s] Level 1:colcon.colcon_core.package_identification:_identify(src/slash_perception/twist_to_ackermann) by extensions ['colcon_meta']
[0.647s] Level 1:colcon.colcon_core.package_identification:_identify(src/slash_perception/twist_to_ackermann) by extension 'colcon_meta'
[0.647s] Level 1:colcon.colcon_core.package_identification:_identify(src/slash_perception/twist_to_ackermann) by extensions ['ros']
[0.647s] Level 1:colcon.colcon_core.package_identification:_identify(src/slash_perception/twist_to_ackermann) by extension 'ros'
[0.649s] DEBUG:colcon.colcon_core.package_identification:Package 'src/slash_perception/twist_to_ackermann' with type 'ros.ament_python' and name 'twist_to_ackermann'
[0.649s] Level 1:colcon.colcon_core.package_discovery:discover_packages(recursive) using defaults
[0.649s] Level 1:colcon.colcon_core.package_discovery:discover_packages(ignore) discover
[0.649s] Level 1:colcon.colcon_core.package_discovery:discover_packages(ignore) using defaults
[0.649s] Level 1:colcon.colcon_core.package_discovery:discover_packages(path) discover
[0.649s] Level 1:colcon.colcon_core.package_discovery:discover_packages(path) using defaults
[0.710s] Level 1:colcon.colcon_core.package_discovery:discover_packages(prefix_path) check parameters
[0.710s] Level 1:colcon.colcon_core.package_discovery:discover_packages(prefix_path) discover
[0.715s] DEBUG:colcon.colcon_installed_package_information.package_discovery:Found 320 installed packages in /opt/ros/foxy
[0.717s] Level 1:colcon.colcon_core.package_discovery:discover_packages(prefix_path) using defaults
[0.822s] Level 5:colcon.colcon_core.verb:set package 'ackermann_mux' build argument 'cmake_args' from command line to 'None'
[0.822s] Level 5:colcon.colcon_core.verb:set package 'ackermann_mux' build argument 'cmake_target' from command line to 'None'
[0.822s] Level 5:colcon.colcon_core.verb:set package 'ackermann_mux' build argument 'cmake_target_skip_unavailable' from command line to 'False'
[0.822s] Level 5:colcon.colcon_core.verb:set package 'ackermann_mux' build argument 'cmake_clean_cache' from command line to 'False'
[0.822s] Level 5:colcon.colcon_core.verb:set package 'ackermann_mux' build argument 'cmake_clean_first' from command line to 'False'
[0.822s] Level 5:colcon.colcon_core.verb:set package 'ackermann_mux' build argument 'cmake_force_configure' from command line to 'False'
[0.822s] Level 5:colcon.colcon_core.verb:set package 'ackermann_mux' build argument 'ament_cmake_args' from command line to 'None'
[0.822s] Level 5:colcon.colcon_core.verb:set package 'ackermann_mux' build argument 'catkin_cmake_args' from command line to 'None'
[0.822s] Level 5:colcon.colcon_core.verb:set package 'ackermann_mux' build argument 'catkin_skip_building_tests' from command line to 'False'
[0.822s] DEBUG:colcon.colcon_core.verb:Building package 'ackermann_mux' with the following arguments: {'ament_cmake_args': None, 'build_base': '/home/jetson/slash_ws/build/ackermann_mux', 'catkin_cmake_args': None, 'catkin_skip_building_tests': False, 'cmake_args': None, 'cmake_clean_cache': False, 'cmake_clean_first': False, 'cmake_force_configure': False, 'cmake_target': None, 'cmake_target_skip_unavailable': False, 'install_base': '/home/jetson/slash_ws/install/ackermann_mux', 'merge_install': False, 'path': '/home/jetson/slash_ws/src/slash_hardware/f1tenth_system/ackermann_mux', 'symlink_install': True, 'test_result_base': None}
[0.823s] Level 5:colcon.colcon_core.verb:set package 'costmap_converter_msgs' build argument 'cmake_args' from command line to 'None'
[0.823s] Level 5:colcon.colcon_core.verb:set package 'costmap_converter_msgs' build argument 'cmake_target' from command line to 'None'
[0.823s] Level 5:colcon.colcon_core.verb:set package 'costmap_converter_msgs' build argument 'cmake_target_skip_unavailable' from command line to 'False'
[0.823s] Level 5:colcon.colcon_core.verb:set package 'costmap_converter_msgs' build argument 'cmake_clean_cache' from command line to 'False'
[0.823s] Level 5:colcon.colcon_core.verb:set package 'costmap_converter_msgs' build argument 'cmake_clean_first' from command line to 'False'
[0.823s] Level 5:colcon.colcon_core.verb:set package 'costmap_converter_msgs' build argument 'cmake_force_configure' from command line to 'False'
[0.823s] Level 5:colcon.colcon_core.verb:set package 'costmap_converter_msgs' build argument 'ament_cmake_args' from command line to 'None'
[0.823s] Level 5:colcon.colcon_core.verb:set package 'costmap_converter_msgs' build argument 'catkin_cmake_args' from command line to 'None'
[0.823s] Level 5:colcon.colcon_core.verb:set package 'costmap_converter_msgs' build argument 'catkin_skip_building_tests' from command line to 'False'
[0.823s] DEBUG:colcon.colcon_core.verb:Building package 'costmap_converter_msgs' with the following arguments: {'ament_cmake_args': None, 'build_base': '/home/jetson/slash_ws/build/costmap_converter_msgs', 'catkin_cmake_args': None, 'catkin_skip_building_tests': False, 'cmake_args': None, 'cmake_clean_cache': False, 'cmake_clean_first': False, 'cmake_force_configure': False, 'cmake_target': None, 'cmake_target_skip_unavailable': False, 'install_base': '/home/jetson/slash_ws/install/costmap_converter_msgs', 'merge_install': False, 'path': '/home/jetson/slash_ws/src/slash_navigation/costmap_converter/costmap_converter_msgs', 'symlink_install': True, 'test_result_base': None}
[0.824s] Level 5:colcon.colcon_core.verb:set package 'key_teleop' build argument 'cmake_args' from command line to 'None'
[0.824s] Level 5:colcon.colcon_core.verb:set package 'key_teleop' build argument 'cmake_target' from command line to 'None'
[0.824s] Level 5:colcon.colcon_core.verb:set package 'key_teleop' build argument 'cmake_target_skip_unavailable' from command line to 'False'
[0.824s] Level 5:colcon.colcon_core.verb:set package 'key_teleop' build argument 'cmake_clean_cache' from command line to 'False'
[0.824s] Level 5:colcon.colcon_core.verb:set package 'key_teleop' build argument 'cmake_clean_first' from command line to 'False'
[0.824s] Level 5:colcon.colcon_core.verb:set package 'key_teleop' build argument 'cmake_force_configure' from command line to 'False'
[0.824s] Level 5:colcon.colcon_core.verb:set package 'key_teleop' build argument 'ament_cmake_args' from command line to 'None'
[0.824s] Level 5:colcon.colcon_core.verb:set package 'key_teleop' build argument 'catkin_cmake_args' from command line to 'None'
[0.824s] Level 5:colcon.colcon_core.verb:set package 'key_teleop' build argument 'catkin_skip_building_tests' from command line to 'False'
[0.824s] DEBUG:colcon.colcon_core.verb:Building package 'key_teleop' with the following arguments: {'ament_cmake_args': None, 'build_base': '/home/jetson/slash_ws/build/key_teleop', 'catkin_cmake_args': None, 'catkin_skip_building_tests': False, 'cmake_args': None, 'cmake_clean_cache': False, 'cmake_clean_first': False, 'cmake_force_configure': False, 'cmake_target': None, 'cmake_target_skip_unavailable': False, 'install_base': '/home/jetson/slash_ws/install/key_teleop', 'merge_install': False, 'path': '/home/jetson/slash_ws/src/slash_hardware/f1tenth_system/teleop_tools/key_teleop', 'symlink_install': True, 'test_result_base': None}
[0.825s] Level 5:colcon.colcon_core.verb:set package 'linefit_ground_segmentation' build argument 'cmake_args' from command line to 'None'
[0.825s] Level 5:colcon.colcon_core.verb:set package 'linefit_ground_segmentation' build argument 'cmake_target' from command line to 'None'
[0.825s] Level 5:colcon.colcon_core.verb:set package 'linefit_ground_segmentation' build argument 'cmake_target_skip_unavailable' from command line to 'False'
[0.825s] Level 5:colcon.colcon_core.verb:set package 'linefit_ground_segmentation' build argument 'cmake_clean_cache' from command line to 'False'
[0.825s] Level 5:colcon.colcon_core.verb:set package 'linefit_ground_segmentation' build argument 'cmake_clean_first' from command line to 'False'
[0.825s] Level 5:colcon.colcon_core.verb:set package 'linefit_ground_segmentation' build argument 'cmake_force_configure' from command line to 'False'
[0.825s] Level 5:colcon.colcon_core.verb:set package 'linefit_ground_segmentation' build argument 'ament_cmake_args' from command line to 'None'
[0.825s] Level 5:colcon.colcon_core.verb:set package 'linefit_ground_segmentation' build argument 'catkin_cmake_args' from command line to 'None'
[0.825s] Level 5:colcon.colcon_core.verb:set package 'linefit_ground_segmentation' build argument 'catkin_skip_building_tests' from command line to 'False'
[0.825s] DEBUG:colcon.colcon_core.verb:Building package 'linefit_ground_segmentation' with the following arguments: {'ament_cmake_args': None, 'build_base': '/home/jetson/slash_ws/build/linefit_ground_segmentation', 'catkin_cmake_args': None, 'catkin_skip_building_tests': False, 'cmake_args': None, 'cmake_clean_cache': False, 'cmake_clean_first': False, 'cmake_force_configure': False, 'cmake_target': None, 'cmake_target_skip_unavailable': False, 'install_base': '/home/jetson/slash_ws/install/linefit_ground_segmentation', 'merge_install': False, 'path': '/home/jetson/slash_ws/src/slash_perception/linefit_ground_segementation_ros2/linefit_ground_segmentation', 'symlink_install': True, 'test_result_base': None}
[0.825s] Level 5:colcon.colcon_core.verb:set package 'livox_ros_driver2' build argument 'cmake_args' from command line to 'None'
[0.825s] Level 5:colcon.colcon_core.verb:set package 'livox_ros_driver2' build argument 'cmake_target' from command line to 'None'
[0.825s] Level 5:colcon.colcon_core.verb:set package 'livox_ros_driver2' build argument 'cmake_target_skip_unavailable' from command line to 'False'
[0.826s] Level 5:colcon.colcon_core.verb:set package 'livox_ros_driver2' build argument 'cmake_clean_cache' from command line to 'False'
[0.826s] Level 5:colcon.colcon_core.verb:set package 'livox_ros_driver2' build argument 'cmake_clean_first' from command line to 'False'
[0.826s] Level 5:colcon.colcon_core.verb:set package 'livox_ros_driver2' build argument 'cmake_force_configure' from command line to 'False'
[0.826s] Level 5:colcon.colcon_core.verb:set package 'livox_ros_driver2' build argument 'ament_cmake_args' from command line to 'None'
[0.826s] Level 5:colcon.colcon_core.verb:set package 'livox_ros_driver2' build argument 'catkin_cmake_args' from command line to 'None'
[0.826s] Level 5:colcon.colcon_core.verb:set package 'livox_ros_driver2' build argument 'catkin_skip_building_tests' from command line to 'False'
[0.826s] DEBUG:colcon.colcon_core.verb:Building package 'livox_ros_driver2' with the following arguments: {'ament_cmake_args': None, 'build_base': '/home/jetson/slash_ws/build/livox_ros_driver2', 'catkin_cmake_args': None, 'catkin_skip_building_tests': False, 'cmake_args': None, 'cmake_clean_cache': False, 'cmake_clean_first': False, 'cmake_force_configure': False, 'cmake_target': None, 'cmake_target_skip_unavailable': False, 'install_base': '/home/jetson/slash_ws/install/livox_ros_driver2', 'merge_install': False, 'path': '/home/jetson/slash_ws/src/slash_hardware/livox_ros_driver2/src', 'symlink_install': True, 'test_result_base': None}
[0.826s] Level 5:colcon.colcon_core.verb:set package 'mouse_teleop' build argument 'cmake_args' from command line to 'None'
[0.826s] Level 5:colcon.colcon_core.verb:set package 'mouse_teleop' build argument 'cmake_target' from command line to 'None'
[0.826s] Level 5:colcon.colcon_core.verb:set package 'mouse_teleop' build argument 'cmake_target_skip_unavailable' from command line to 'False'
[0.826s] Level 5:colcon.colcon_core.verb:set package 'mouse_teleop' build argument 'cmake_clean_cache' from command line to 'False'
[0.826s] Level 5:colcon.colcon_core.verb:set package 'mouse_teleop' build argument 'cmake_clean_first' from command line to 'False'
[0.826s] Level 5:colcon.colcon_core.verb:set package 'mouse_teleop' build argument 'cmake_force_configure' from command line to 'False'
[0.827s] Level 5:colcon.colcon_core.verb:set package 'mouse_teleop' build argument 'ament_cmake_args' from command line to 'None'
[0.827s] Level 5:colcon.colcon_core.verb:set package 'mouse_teleop' build argument 'catkin_cmake_args' from command line to 'None'
[0.827s] Level 5:colcon.colcon_core.verb:set package 'mouse_teleop' build argument 'catkin_skip_building_tests' from command line to 'False'
[0.827s] DEBUG:colcon.colcon_core.verb:Building package 'mouse_teleop' with the following arguments: {'ament_cmake_args': None, 'build_base': '/home/jetson/slash_ws/build/mouse_teleop', 'catkin_cmake_args': None, 'catkin_skip_building_tests': False, 'cmake_args': None, 'cmake_clean_cache': False, 'cmake_clean_first': False, 'cmake_force_configure': False, 'cmake_target': None, 'cmake_target_skip_unavailable': False, 'install_base': '/home/jetson/slash_ws/install/mouse_teleop', 'merge_install': False, 'path': '/home/jetson/slash_ws/src/slash_hardware/f1tenth_system/teleop_tools/mouse_teleop', 'symlink_install': True, 'test_result_base': None}
[0.827s] Level 5:colcon.colcon_core.verb:set package 'my_converter' build argument 'cmake_args' from command line to 'None'
[0.827s] Level 5:colcon.colcon_core.verb:set package 'my_converter' build argument 'cmake_target' from command line to 'None'
[0.827s] Level 5:colcon.colcon_core.verb:set package 'my_converter' build argument 'cmake_target_skip_unavailable' from command line to 'False'
[0.827s] Level 5:colcon.colcon_core.verb:set package 'my_converter' build argument 'cmake_clean_cache' from command line to 'False'
[0.827s] Level 5:colcon.colcon_core.verb:set package 'my_converter' build argument 'cmake_clean_first' from command line to 'False'
[0.827s] Level 5:colcon.colcon_core.verb:set package 'my_converter' build argument 'cmake_force_configure' from command line to 'False'
[0.827s] Level 5:colcon.colcon_core.verb:set package 'my_converter' build argument 'ament_cmake_args' from command line to 'None'
[0.827s] Level 5:colcon.colcon_core.verb:set package 'my_converter' build argument 'catkin_cmake_args' from command line to 'None'
[0.827s] Level 5:colcon.colcon_core.verb:set package 'my_converter' build argument 'catkin_skip_building_tests' from command line to 'False'
[0.827s] DEBUG:colcon.colcon_core.verb:Building package 'my_converter' with the following arguments: {'ament_cmake_args': None, 'build_base': '/home/jetson/slash_ws/build/my_converter', 'catkin_cmake_args': None, 'catkin_skip_building_tests': False, 'cmake_args': None, 'cmake_clean_cache': False, 'cmake_clean_first': False, 'cmake_force_configure': False, 'cmake_target': None, 'cmake_target_skip_unavailable': False, 'install_base': '/home/jetson/slash_ws/install/my_converter', 'merge_install': False, 'path': '/home/jetson/slash_ws/my_converter', 'symlink_install': True, 'test_result_base': None}
[0.828s] Level 5:colcon.colcon_core.verb:set package 'pointcloud_to_laserscan' build argument 'cmake_args' from command line to 'None'
[0.828s] Level 5:colcon.colcon_core.verb:set package 'pointcloud_to_laserscan' build argument 'cmake_target' from command line to 'None'
[0.828s] Level 5:colcon.colcon_core.verb:set package 'pointcloud_to_laserscan' build argument 'cmake_target_skip_unavailable' from command line to 'False'
[0.828s] Level 5:colcon.colcon_core.verb:set package 'pointcloud_to_laserscan' build argument 'cmake_clean_cache' from command line to 'False'
[0.828s] Level 5:colcon.colcon_core.verb:set package 'pointcloud_to_laserscan' build argument 'cmake_clean_first' from command line to 'False'
[0.828s] Level 5:colcon.colcon_core.verb:set package 'pointcloud_to_laserscan' build argument 'cmake_force_configure' from command line to 'False'
[0.828s] Level 5:colcon.colcon_core.verb:set package 'pointcloud_to_laserscan' build argument 'ament_cmake_args' from command line to 'None'
[0.828s] Level 5:colcon.colcon_core.verb:set package 'pointcloud_to_laserscan' build argument 'catkin_cmake_args' from command line to 'None'
[0.828s] Level 5:colcon.colcon_core.verb:set package 'pointcloud_to_laserscan' build argument 'catkin_skip_building_tests' from command line to 'False'
[0.828s] DEBUG:colcon.colcon_core.verb:Building package 'pointcloud_to_laserscan' with the following arguments: {'ament_cmake_args': None, 'build_base': '/home/jetson/slash_ws/build/pointcloud_to_laserscan', 'catkin_cmake_args': None, 'catkin_skip_building_tests': False, 'cmake_args': None, 'cmake_clean_cache': False, 'cmake_clean_first': False, 'cmake_force_configure': False, 'cmake_target': None, 'cmake_target_skip_unavailable': False, 'install_base': '/home/jetson/slash_ws/install/pointcloud_to_laserscan', 'merge_install': False, 'path': '/home/jetson/slash_ws/src/slash_perception/pointcloud_to_laserscan', 'symlink_install': True, 'test_result_base': None}
[0.829s] Level 5:colcon.colcon_core.verb:set package 'slash_nav2' build argument 'cmake_args' from command line to 'None'
[0.829s] Level 5:colcon.colcon_core.verb:set package 'slash_nav2' build argument 'cmake_target' from command line to 'None'
[0.829s] Level 5:colcon.colcon_core.verb:set package 'slash_nav2' build argument 'cmake_target_skip_unavailable' from command line to 'False'
[0.829s] Level 5:colcon.colcon_core.verb:set package 'slash_nav2' build argument 'cmake_clean_cache' from command line to 'False'
[0.829s] Level 5:colcon.colcon_core.verb:set package 'slash_nav2' build argument 'cmake_clean_first' from command line to 'False'
[0.829s] Level 5:colcon.colcon_core.verb:set package 'slash_nav2' build argument 'cmake_force_configure' from command line to 'False'
[0.829s] Level 5:colcon.colcon_core.verb:set package 'slash_nav2' build argument 'ament_cmake_args' from command line to 'None'
[0.829s] Level 5:colcon.colcon_core.verb:set package 'slash_nav2' build argument 'catkin_cmake_args' from command line to 'None'
[0.829s] Level 5:colcon.colcon_core.verb:set package 'slash_nav2' build argument 'catkin_skip_building_tests' from command line to 'False'
[0.829s] DEBUG:colcon.colcon_core.verb:Building package 'slash_nav2' with the following arguments: {'ament_cmake_args': None, 'build_base': '/home/jetson/slash_ws/build/slash_nav2', 'catkin_cmake_args': None, 'catkin_skip_building_tests': False, 'cmake_args': None, 'cmake_clean_cache': False, 'cmake_clean_first': False, 'cmake_force_configure': False, 'cmake_target': None, 'cmake_target_skip_unavailable': False, 'install_base': '/home/jetson/slash_ws/install/slash_nav2', 'merge_install': False, 'path': '/home/jetson/slash_ws/src/slash_navigation/slash_nav2', 'symlink_install': True, 'test_result_base': None}
[0.830s] Level 5:colcon.colcon_core.verb:set package 'teleop_tools_msgs' build argument 'cmake_args' from command line to 'None'
[0.830s] Level 5:colcon.colcon_core.verb:set package 'teleop_tools_msgs' build argument 'cmake_target' from command line to 'None'
[0.830s] Level 5:colcon.colcon_core.verb:set package 'teleop_tools_msgs' build argument 'cmake_target_skip_unavailable' from command line to 'False'
[0.830s] Level 5:colcon.colcon_core.verb:set package 'teleop_tools_msgs' build argument 'cmake_clean_cache' from command line to 'False'
[0.830s] Level 5:colcon.colcon_core.verb:set package 'teleop_tools_msgs' build argument 'cmake_clean_first' from command line to 'False'
[0.830s] Level 5:colcon.colcon_core.verb:set package 'teleop_tools_msgs' build argument 'cmake_force_configure' from command line to 'False'
[0.830s] Level 5:colcon.colcon_core.verb:set package 'teleop_tools_msgs' build argument 'ament_cmake_args' from command line to 'None'
[0.830s] Level 5:colcon.colcon_core.verb:set package 'teleop_tools_msgs' build argument 'catkin_cmake_args' from command line to 'None'
[0.830s] Level 5:colcon.colcon_core.verb:set package 'teleop_tools_msgs' build argument 'catkin_skip_building_tests' from command line to 'False'
[0.830s] DEBUG:colcon.colcon_core.verb:Building package 'teleop_tools_msgs' with the following arguments: {'ament_cmake_args': None, 'build_base': '/home/jetson/slash_ws/build/teleop_tools_msgs', 'catkin_cmake_args': None, 'catkin_skip_building_tests': False, 'cmake_args': None, 'cmake_clean_cache': False, 'cmake_clean_first': False, 'cmake_force_configure': False, 'cmake_target': None, 'cmake_target_skip_unavailable': False, 'install_base': '/home/jetson/slash_ws/install/teleop_tools_msgs', 'merge_install': False, 'path': '/home/jetson/slash_ws/src/slash_hardware/f1tenth_system/teleop_tools/teleop_tools_msgs', 'symlink_install': True, 'test_result_base': None}
[0.831s] Level 5:colcon.colcon_core.verb:set package 'twist_to_ackermann' build argument 'cmake_args' from command line to 'None'
[0.831s] Level 5:colcon.colcon_core.verb:set package 'twist_to_ackermann' build argument 'cmake_target' from command line to 'None'
[0.831s] Level 5:colcon.colcon_core.verb:set package 'twist_to_ackermann' build argument 'cmake_target_skip_unavailable' from command line to 'False'
[0.831s] Level 5:colcon.colcon_core.verb:set package 'twist_to_ackermann' build argument 'cmake_clean_cache' from command line to 'False'
[0.831s] Level 5:colcon.colcon_core.verb:set package 'twist_to_ackermann' build argument 'cmake_clean_first' from command line to 'False'
[0.831s] Level 5:colcon.colcon_core.verb:set package 'twist_to_ackermann' build argument 'cmake_force_configure' from command line to 'False'
[0.831s] Level 5:colcon.colcon_core.verb:set package 'twist_to_ackermann' build argument 'ament_cmake_args' from command line to 'None'
[0.831s] Level 5:colcon.colcon_core.verb:set package 'twist_to_ackermann' build argument 'catkin_cmake_args' from command line to 'None'
[0.831s] Level 5:colcon.colcon_core.verb:set package 'twist_to_ackermann' build argument 'catkin_skip_building_tests' from command line to 'False'
[0.831s] DEBUG:colcon.colcon_core.verb:Building package 'twist_to_ackermann' with the following arguments: {'ament_cmake_args': None, 'build_base': '/home/jetson/slash_ws/build/twist_to_ackermann', 'catkin_cmake_args': None, 'catkin_skip_building_tests': False, 'cmake_args': None, 'cmake_clean_cache': False, 'cmake_clean_first': False, 'cmake_force_configure': False, 'cmake_target': None, 'cmake_target_skip_unavailable': False, 'install_base': '/home/jetson/slash_ws/install/twist_to_ackermann', 'merge_install': False, 'path': '/home/jetson/slash_ws/src/slash_perception/twist_to_ackermann', 'symlink_install': True, 'test_result_base': None}
[0.831s] Level 5:colcon.colcon_core.verb:set package 'vesc_msgs' build argument 'cmake_args' from command line to 'None'
[0.831s] Level 5:colcon.colcon_core.verb:set package 'vesc_msgs' build argument 'cmake_target' from command line to 'None'
[0.831s] Level 5:colcon.colcon_core.verb:set package 'vesc_msgs' build argument 'cmake_target_skip_unavailable' from command line to 'False'
[0.832s] Level 5:colcon.colcon_core.verb:set package 'vesc_msgs' build argument 'cmake_clean_cache' from command line to 'False'
[0.832s] Level 5:colcon.colcon_core.verb:set package 'vesc_msgs' build argument 'cmake_clean_first' from command line to 'False'
[0.832s] Level 5:colcon.colcon_core.verb:set package 'vesc_msgs' build argument 'cmake_force_configure' from command line to 'False'
[0.832s] Level 5:colcon.colcon_core.verb:set package 'vesc_msgs' build argument 'ament_cmake_args' from command line to 'None'
[0.832s] Level 5:colcon.colcon_core.verb:set package 'vesc_msgs' build argument 'catkin_cmake_args' from command line to 'None'
[0.832s] Level 5:colcon.colcon_core.verb:set package 'vesc_msgs' build argument 'catkin_skip_building_tests' from command line to 'False'
[0.832s] DEBUG:colcon.colcon_core.verb:Building package 'vesc_msgs' with the following arguments: {'ament_cmake_args': None, 'build_base': '/home/jetson/slash_ws/build/vesc_msgs', 'catkin_cmake_args': None, 'catkin_skip_building_tests': False, 'cmake_args': None, 'cmake_clean_cache': False, 'cmake_clean_first': False, 'cmake_force_configure': False, 'cmake_target': None, 'cmake_target_skip_unavailable': False, 'install_base': '/home/jetson/slash_ws/install/vesc_msgs', 'merge_install': False, 'path': '/home/jetson/slash_ws/src/slash_hardware/f1tenth_system/vesc/vesc_msgs', 'symlink_install': True, 'test_result_base': None}
[0.832s] Level 5:colcon.colcon_core.verb:set package 'costmap_converter' build argument 'cmake_args' from command line to 'None'
[0.832s] Level 5:colcon.colcon_core.verb:set package 'costmap_converter' build argument 'cmake_target' from command line to 'None'
[0.832s] Level 5:colcon.colcon_core.verb:set package 'costmap_converter' build argument 'cmake_target_skip_unavailable' from command line to 'False'
[0.832s] Level 5:colcon.colcon_core.verb:set package 'costmap_converter' build argument 'cmake_clean_cache' from command line to 'False'
[0.832s] Level 5:colcon.colcon_core.verb:set package 'costmap_converter' build argument 'cmake_clean_first' from command line to 'False'
[0.832s] Level 5:colcon.colcon_core.verb:set package 'costmap_converter' build argument 'cmake_force_configure' from command line to 'False'
[0.832s] Level 5:colcon.colcon_core.verb:set package 'costmap_converter' build argument 'ament_cmake_args' from command line to 'None'
[0.833s] Level 5:colcon.colcon_core.verb:set package 'costmap_converter' build argument 'catkin_cmake_args' from command line to 'None'
[0.833s] Level 5:colcon.colcon_core.verb:set package 'costmap_converter' build argument 'catkin_skip_building_tests' from command line to 'False'
[0.833s] DEBUG:colcon.colcon_core.verb:Building package 'costmap_converter' with the following arguments: {'ament_cmake_args': None, 'build_base': '/home/jetson/slash_ws/build/costmap_converter', 'catkin_cmake_args': None, 'catkin_skip_building_tests': False, 'cmake_args': None, 'cmake_clean_cache': False, 'cmake_clean_first': False, 'cmake_force_configure': False, 'cmake_target': None, 'cmake_target_skip_unavailable': False, 'install_base': '/home/jetson/slash_ws/install/costmap_converter', 'merge_install': False, 'path': '/home/jetson/slash_ws/src/slash_navigation/costmap_converter/costmap_converter', 'symlink_install': True, 'test_result_base': None}
[0.833s] Level 5:colcon.colcon_core.verb:set package 'fast_lio' build argument 'cmake_args' from command line to 'None'
[0.833s] Level 5:colcon.colcon_core.verb:set package 'fast_lio' build argument 'cmake_target' from command line to 'None'
[0.833s] Level 5:colcon.colcon_core.verb:set package 'fast_lio' build argument 'cmake_target_skip_unavailable' from command line to 'False'
[0.833s] Level 5:colcon.colcon_core.verb:set package 'fast_lio' build argument 'cmake_clean_cache' from command line to 'False'
[0.833s] Level 5:colcon.colcon_core.verb:set package 'fast_lio' build argument 'cmake_clean_first' from command line to 'False'
[0.833s] Level 5:colcon.colcon_core.verb:set package 'fast_lio' build argument 'cmake_force_configure' from command line to 'False'
[0.833s] Level 5:colcon.colcon_core.verb:set package 'fast_lio' build argument 'ament_cmake_args' from command line to 'None'
[0.833s] Level 5:colcon.colcon_core.verb:set package 'fast_lio' build argument 'catkin_cmake_args' from command line to 'None'
[0.833s] Level 5:colcon.colcon_core.verb:set package 'fast_lio' build argument 'catkin_skip_building_tests' from command line to 'False'
[0.833s] DEBUG:colcon.colcon_core.verb:Building package 'fast_lio' with the following arguments: {'ament_cmake_args': None, 'build_base': '/home/jetson/slash_ws/build/fast_lio', 'catkin_cmake_args': None, 'catkin_skip_building_tests': False, 'cmake_args': None, 'cmake_clean_cache': False, 'cmake_clean_first': False, 'cmake_force_configure': False, 'cmake_target': None, 'cmake_target_skip_unavailable': False, 'install_base': '/home/jetson/slash_ws/install/fast_lio', 'merge_install': False, 'path': '/home/jetson/slash_ws/src/slash_localization/FAST_LIO', 'symlink_install': True, 'test_result_base': None}
[0.834s] Level 5:colcon.colcon_core.verb:set package 'joy_teleop' build argument 'cmake_args' from command line to 'None'
[0.834s] Level 5:colcon.colcon_core.verb:set package 'joy_teleop' build argument 'cmake_target' from command line to 'None'
[0.834s] Level 5:colcon.colcon_core.verb:set package 'joy_teleop' build argument 'cmake_target_skip_unavailable' from command line to 'False'
[0.834s] Level 5:colcon.colcon_core.verb:set package 'joy_teleop' build argument 'cmake_clean_cache' from command line to 'False'
[0.834s] Level 5:colcon.colcon_core.verb:set package 'joy_teleop' build argument 'cmake_clean_first' from command line to 'False'
[0.834s] Level 5:colcon.colcon_core.verb:set package 'joy_teleop' build argument 'cmake_force_configure' from command line to 'False'
[0.834s] Level 5:colcon.colcon_core.verb:set package 'joy_teleop' build argument 'ament_cmake_args' from command line to 'None'
[0.834s] Level 5:colcon.colcon_core.verb:set package 'joy_teleop' build argument 'catkin_cmake_args' from command line to 'None'
[0.834s] Level 5:colcon.colcon_core.verb:set package 'joy_teleop' build argument 'catkin_skip_building_tests' from command line to 'False'
[0.834s] DEBUG:colcon.colcon_core.verb:Building package 'joy_teleop' with the following arguments: {'ament_cmake_args': None, 'build_base': '/home/jetson/slash_ws/build/joy_teleop', 'catkin_cmake_args': None, 'catkin_skip_building_tests': False, 'cmake_args': None, 'cmake_clean_cache': False, 'cmake_clean_first': False, 'cmake_force_configure': False, 'cmake_target': None, 'cmake_target_skip_unavailable': False, 'install_base': '/home/jetson/slash_ws/install/joy_teleop', 'merge_install': False, 'path': '/home/jetson/slash_ws/src/slash_hardware/f1tenth_system/teleop_tools/joy_teleop', 'symlink_install': True, 'test_result_base': None}
[0.835s] Level 5:colcon.colcon_core.verb:set package 'linefit_ground_segmentation_ros' build argument 'cmake_args' from command line to 'None'
[0.835s] Level 5:colcon.colcon_core.verb:set package 'linefit_ground_segmentation_ros' build argument 'cmake_target' from command line to 'None'
[0.835s] Level 5:colcon.colcon_core.verb:set package 'linefit_ground_segmentation_ros' build argument 'cmake_target_skip_unavailable' from command line to 'False'
[0.835s] Level 5:colcon.colcon_core.verb:set package 'linefit_ground_segmentation_ros' build argument 'cmake_clean_cache' from command line to 'False'
[0.835s] Level 5:colcon.colcon_core.verb:set package 'linefit_ground_segmentation_ros' build argument 'cmake_clean_first' from command line to 'False'
[0.835s] Level 5:colcon.colcon_core.verb:set package 'linefit_ground_segmentation_ros' build argument 'cmake_force_configure' from command line to 'False'
[0.835s] Level 5:colcon.colcon_core.verb:set package 'linefit_ground_segmentation_ros' build argument 'ament_cmake_args' from command line to 'None'
[0.835s] Level 5:colcon.colcon_core.verb:set package 'linefit_ground_segmentation_ros' build argument 'catkin_cmake_args' from command line to 'None'
[0.835s] Level 5:colcon.colcon_core.verb:set package 'linefit_ground_segmentation_ros' build argument 'catkin_skip_building_tests' from command line to 'False'
[0.835s] DEBUG:colcon.colcon_core.verb:Building package 'linefit_ground_segmentation_ros' with the following arguments: {'ament_cmake_args': None, 'build_base': '/home/jetson/slash_ws/build/linefit_ground_segmentation_ros', 'catkin_cmake_args': None, 'catkin_skip_building_tests': False, 'cmake_args': None, 'cmake_clean_cache': False, 'cmake_clean_first': False, 'cmake_force_configure': False, 'cmake_target': None, 'cmake_target_skip_unavailable': False, 'install_base': '/home/jetson/slash_ws/install/linefit_ground_segmentation_ros', 'merge_install': False, 'path': '/home/jetson/slash_ws/src/slash_perception/linefit_ground_segementation_ros2/linefit_ground_segmentation_ros', 'symlink_install': True, 'test_result_base': None}
[0.836s] Level 5:colcon.colcon_core.verb:set package 'teb_msgs' build argument 'cmake_args' from command line to 'None'
[0.836s] Level 5:colcon.colcon_core.verb:set package 'teb_msgs' build argument 'cmake_target' from command line to 'None'
[0.836s] Level 5:colcon.colcon_core.verb:set package 'teb_msgs' build argument 'cmake_target_skip_unavailable' from command line to 'False'
[0.836s] Level 5:colcon.colcon_core.verb:set package 'teb_msgs' build argument 'cmake_clean_cache' from command line to 'False'
[0.836s] Level 5:colcon.colcon_core.verb:set package 'teb_msgs' build argument 'cmake_clean_first' from command line to 'False'
[0.836s] Level 5:colcon.colcon_core.verb:set package 'teb_msgs' build argument 'cmake_force_configure' from command line to 'False'
[0.836s] Level 5:colcon.colcon_core.verb:set package 'teb_msgs' build argument 'ament_cmake_args' from command line to 'None'
[0.836s] Level 5:colcon.colcon_core.verb:set package 'teb_msgs' build argument 'catkin_cmake_args' from command line to 'None'
[0.836s] Level 5:colcon.colcon_core.verb:set package 'teb_msgs' build argument 'catkin_skip_building_tests' from command line to 'False'
[0.836s] DEBUG:colcon.colcon_core.verb:Building package 'teb_msgs' with the following arguments: {'ament_cmake_args': None, 'build_base': '/home/jetson/slash_ws/build/teb_msgs', 'catkin_cmake_args': None, 'catkin_skip_building_tests': False, 'cmake_args': None, 'cmake_clean_cache': False, 'cmake_clean_first': False, 'cmake_force_configure': False, 'cmake_target': None, 'cmake_target_skip_unavailable': False, 'install_base': '/home/jetson/slash_ws/install/teb_msgs', 'merge_install': False, 'path': '/home/jetson/slash_ws/src/slash_navigation/teb_local_planner/teb_msgs', 'symlink_install': True, 'test_result_base': None}
[0.836s] Level 5:colcon.colcon_core.verb:set package 'vesc_ackermann' build argument 'cmake_args' from command line to 'None'
[0.837s] Level 5:colcon.colcon_core.verb:set package 'vesc_ackermann' build argument 'cmake_target' from command line to 'None'
[0.837s] Level 5:colcon.colcon_core.verb:set package 'vesc_ackermann' build argument 'cmake_target_skip_unavailable' from command line to 'False'
[0.837s] Level 5:colcon.colcon_core.verb:set package 'vesc_ackermann' build argument 'cmake_clean_cache' from command line to 'False'
[0.837s] Level 5:colcon.colcon_core.verb:set package 'vesc_ackermann' build argument 'cmake_clean_first' from command line to 'False'
[0.837s] Level 5:colcon.colcon_core.verb:set package 'vesc_ackermann' build argument 'cmake_force_configure' from command line to 'False'
[0.837s] Level 5:colcon.colcon_core.verb:set package 'vesc_ackermann' build argument 'ament_cmake_args' from command line to 'None'
[0.837s] Level 5:colcon.colcon_core.verb:set package 'vesc_ackermann' build argument 'catkin_cmake_args' from command line to 'None'
[0.837s] Level 5:colcon.colcon_core.verb:set package 'vesc_ackermann' build argument 'catkin_skip_building_tests' from command line to 'False'
[0.837s] DEBUG:colcon.colcon_core.verb:Building package 'vesc_ackermann' with the following arguments: {'ament_cmake_args': None, 'build_base': '/home/jetson/slash_ws/build/vesc_ackermann', 'catkin_cmake_args': None, 'catkin_skip_building_tests': False, 'cmake_args': None, 'cmake_clean_cache': False, 'cmake_clean_first': False, 'cmake_force_configure': False, 'cmake_target': None, 'cmake_target_skip_unavailable': False, 'install_base': '/home/jetson/slash_ws/install/vesc_ackermann', 'merge_install': False, 'path': '/home/jetson/slash_ws/src/slash_hardware/f1tenth_system/vesc/vesc_ackermann', 'symlink_install': True, 'test_result_base': None}
[0.837s] Level 5:colcon.colcon_core.verb:set package 'vesc_driver' build argument 'cmake_args' from command line to 'None'
[0.837s] Level 5:colcon.colcon_core.verb:set package 'vesc_driver' build argument 'cmake_target' from command line to 'None'
[0.837s] Level 5:colcon.colcon_core.verb:set package 'vesc_driver' build argument 'cmake_target_skip_unavailable' from command line to 'False'
[0.837s] Level 5:colcon.colcon_core.verb:set package 'vesc_driver' build argument 'cmake_clean_cache' from command line to 'False'
[0.837s] Level 5:colcon.colcon_core.verb:set package 'vesc_driver' build argument 'cmake_clean_first' from command line to 'False'
[0.838s] Level 5:colcon.colcon_core.verb:set package 'vesc_driver' build argument 'cmake_force_configure' from command line to 'False'
[0.838s] Level 5:colcon.colcon_core.verb:set package 'vesc_driver' build argument 'ament_cmake_args' from command line to 'None'
[0.838s] Level 5:colcon.colcon_core.verb:set package 'vesc_driver' build argument 'catkin_cmake_args' from command line to 'None'
[0.838s] Level 5:colcon.colcon_core.verb:set package 'vesc_driver' build argument 'catkin_skip_building_tests' from command line to 'False'
[0.838s] DEBUG:colcon.colcon_core.verb:Building package 'vesc_driver' with the following arguments: {'ament_cmake_args': None, 'build_base': '/home/jetson/slash_ws/build/vesc_driver', 'catkin_cmake_args': None, 'catkin_skip_building_tests': False, 'cmake_args': None, 'cmake_clean_cache': False, 'cmake_clean_first': False, 'cmake_force_configure': False, 'cmake_target': None, 'cmake_target_skip_unavailable': False, 'install_base': '/home/jetson/slash_ws/install/vesc_driver', 'merge_install': False, 'path': '/home/jetson/slash_ws/src/slash_hardware/f1tenth_system/vesc/vesc_driver', 'symlink_install': True, 'test_result_base': None}
[0.838s] Level 5:colcon.colcon_core.verb:set package 'teb_local_planner' build argument 'cmake_args' from command line to 'None'
[0.838s] Level 5:colcon.colcon_core.verb:set package 'teb_local_planner' build argument 'cmake_target' from command line to 'None'
[0.838s] Level 5:colcon.colcon_core.verb:set package 'teb_local_planner' build argument 'cmake_target_skip_unavailable' from command line to 'False'
[0.838s] Level 5:colcon.colcon_core.verb:set package 'teb_local_planner' build argument 'cmake_clean_cache' from command line to 'False'
[0.838s] Level 5:colcon.colcon_core.verb:set package 'teb_local_planner' build argument 'cmake_clean_first' from command line to 'False'
[0.838s] Level 5:colcon.colcon_core.verb:set package 'teb_local_planner' build argument 'cmake_force_configure' from command line to 'False'
[0.838s] Level 5:colcon.colcon_core.verb:set package 'teb_local_planner' build argument 'ament_cmake_args' from command line to 'None'
[0.839s] Level 5:colcon.colcon_core.verb:set package 'teb_local_planner' build argument 'catkin_cmake_args' from command line to 'None'
[0.839s] Level 5:colcon.colcon_core.verb:set package 'teb_local_planner' build argument 'catkin_skip_building_tests' from command line to 'False'
[0.839s] DEBUG:colcon.colcon_core.verb:Building package 'teb_local_planner' with the following arguments: {'ament_cmake_args': None, 'build_base': '/home/jetson/slash_ws/build/teb_local_planner', 'catkin_cmake_args': None, 'catkin_skip_building_tests': False, 'cmake_args': None, 'cmake_clean_cache': False, 'cmake_clean_first': False, 'cmake_force_configure': False, 'cmake_target': None, 'cmake_target_skip_unavailable': False, 'install_base': '/home/jetson/slash_ws/install/teb_local_planner', 'merge_install': False, 'path': '/home/jetson/slash_ws/src/slash_navigation/teb_local_planner/teb_local_planner', 'symlink_install': True, 'test_result_base': None}
[0.839s] Level 5:colcon.colcon_core.verb:set package 'teleop_tools' build argument 'cmake_args' from command line to 'None'
[0.839s] Level 5:colcon.colcon_core.verb:set package 'teleop_tools' build argument 'cmake_target' from command line to 'None'
[0.839s] Level 5:colcon.colcon_core.verb:set package 'teleop_tools' build argument 'cmake_target_skip_unavailable' from command line to 'False'
[0.839s] Level 5:colcon.colcon_core.verb:set package 'teleop_tools' build argument 'cmake_clean_cache' from command line to 'False'
[0.839s] Level 5:colcon.colcon_core.verb:set package 'teleop_tools' build argument 'cmake_clean_first' from command line to 'False'
[0.839s] Level 5:colcon.colcon_core.verb:set package 'teleop_tools' build argument 'cmake_force_configure' from command line to 'False'
[0.839s] Level 5:colcon.colcon_core.verb:set package 'teleop_tools' build argument 'ament_cmake_args' from command line to 'None'
[0.839s] Level 5:colcon.colcon_core.verb:set package 'teleop_tools' build argument 'catkin_cmake_args' from command line to 'None'
[0.839s] Level 5:colcon.colcon_core.verb:set package 'teleop_tools' build argument 'catkin_skip_building_tests' from command line to 'False'
[0.839s] DEBUG:colcon.colcon_core.verb:Building package 'teleop_tools' with the following arguments: {'ament_cmake_args': None, 'build_base': '/home/jetson/slash_ws/build/teleop_tools', 'catkin_cmake_args': None, 'catkin_skip_building_tests': False, 'cmake_args': None, 'cmake_clean_cache': False, 'cmake_clean_first': False, 'cmake_force_configure': False, 'cmake_target': None, 'cmake_target_skip_unavailable': False, 'install_base': '/home/jetson/slash_ws/install/teleop_tools', 'merge_install': False, 'path': '/home/jetson/slash_ws/src/slash_hardware/f1tenth_system/teleop_tools/teleop_tools', 'symlink_install': True, 'test_result_base': None}
[0.840s] Level 5:colcon.colcon_core.verb:set package 'vesc' build argument 'cmake_args' from command line to 'None'
[0.840s] Level 5:colcon.colcon_core.verb:set package 'vesc' build argument 'cmake_target' from command line to 'None'
[0.840s] Level 5:colcon.colcon_core.verb:set package 'vesc' build argument 'cmake_target_skip_unavailable' from command line to 'False'
[0.840s] Level 5:colcon.colcon_core.verb:set package 'vesc' build argument 'cmake_clean_cache' from command line to 'False'
[0.840s] Level 5:colcon.colcon_core.verb:set package 'vesc' build argument 'cmake_clean_first' from command line to 'False'
[0.840s] Level 5:colcon.colcon_core.verb:set package 'vesc' build argument 'cmake_force_configure' from command line to 'False'
[0.840s] Level 5:colcon.colcon_core.verb:set package 'vesc' build argument 'ament_cmake_args' from command line to 'None'
[0.840s] Level 5:colcon.colcon_core.verb:set package 'vesc' build argument 'catkin_cmake_args' from command line to 'None'
[0.840s] Level 5:colcon.colcon_core.verb:set package 'vesc' build argument 'catkin_skip_building_tests' from command line to 'False'
[0.840s] DEBUG:colcon.colcon_core.verb:Building package 'vesc' with the following arguments: {'ament_cmake_args': None, 'build_base': '/home/jetson/slash_ws/build/vesc', 'catkin_cmake_args': None, 'catkin_skip_building_tests': False, 'cmake_args': None, 'cmake_clean_cache': False, 'cmake_clean_first': False, 'cmake_force_configure': False, 'cmake_target': None, 'cmake_target_skip_unavailable': False, 'install_base': '/home/jetson/slash_ws/install/vesc', 'merge_install': False, 'path': '/home/jetson/slash_ws/src/slash_hardware/f1tenth_system/vesc/vesc', 'symlink_install': True, 'test_result_base': None}
[0.841s] Level 5:colcon.colcon_core.verb:set package 'f1tenth_stack' build argument 'cmake_args' from command line to 'None'
[0.841s] Level 5:colcon.colcon_core.verb:set package 'f1tenth_stack' build argument 'cmake_target' from command line to 'None'
[0.841s] Level 5:colcon.colcon_core.verb:set package 'f1tenth_stack' build argument 'cmake_target_skip_unavailable' from command line to 'False'
[0.841s] Level 5:colcon.colcon_core.verb:set package 'f1tenth_stack' build argument 'cmake_clean_cache' from command line to 'False'
[0.841s] Level 5:colcon.colcon_core.verb:set package 'f1tenth_stack' build argument 'cmake_clean_first' from command line to 'False'
[0.841s] Level 5:colcon.colcon_core.verb:set package 'f1tenth_stack' build argument 'cmake_force_configure' from command line to 'False'
[0.841s] Level 5:colcon.colcon_core.verb:set package 'f1tenth_stack' build argument 'ament_cmake_args' from command line to 'None'
[0.841s] Level 5:colcon.colcon_core.verb:set package 'f1tenth_stack' build argument 'catkin_cmake_args' from command line to 'None'
[0.841s] Level 5:colcon.colcon_core.verb:set package 'f1tenth_stack' build argument 'catkin_skip_building_tests' from command line to 'False'
[0.841s] DEBUG:colcon.colcon_core.verb:Building package 'f1tenth_stack' with the following arguments: {'ament_cmake_args': None, 'build_base': '/home/jetson/slash_ws/build/f1tenth_stack', 'catkin_cmake_args': None, 'catkin_skip_building_tests': False, 'cmake_args': None, 'cmake_clean_cache': False, 'cmake_clean_first': False, 'cmake_force_configure': False, 'cmake_target': None, 'cmake_target_skip_unavailable': False, 'install_base': '/home/jetson/slash_ws/install/f1tenth_stack', 'merge_install': False, 'path': '/home/jetson/slash_ws/src/slash_hardware/f1tenth_system/f1tenth_stack', 'symlink_install': True, 'test_result_base': None}
[0.841s] INFO:colcon.colcon_core.executor:Executing jobs using 'parallel' executor
[0.844s] DEBUG:colcon.colcon_parallel_executor.executor.parallel:run_until_complete
[0.845s] INFO:colcon.colcon_ros.task.ament_cmake.build:Building ROS package in '/home/jetson/slash_ws/src/slash_hardware/f1tenth_system/vesc/vesc_msgs' with build type 'ament_cmake'
[0.845s] INFO:colcon.colcon_cmake.task.cmake.build:Building CMake package in '/home/jetson/slash_ws/src/slash_hardware/f1tenth_system/vesc/vesc_msgs'
[0.849s] INFO:colcon.colcon_core.plugin_system:Skipping extension 'colcon_core.shell.bat': Not used on non-Windows systems
[0.850s] INFO:colcon.colcon_core.shell:Skip shell extension 'powershell' for command environment: Not usable outside of PowerShell
[0.850s] DEBUG:colcon.colcon_core.shell:Skip shell extension 'dsv' for command environment
[0.861s] INFO:colcon.colcon_ros.task.ament_cmake.build:Building ROS package in '/home/jetson/slash_ws/src/slash_navigation/costmap_converter/costmap_converter_msgs' with build type 'ament_cmake'
[0.861s] INFO:colcon.colcon_cmake.task.cmake.build:Building CMake package in '/home/jetson/slash_ws/src/slash_navigation/costmap_converter/costmap_converter_msgs'
[0.862s] INFO:colcon.colcon_core.shell:Skip shell extension 'powershell' for command environment: Not usable outside of PowerShell
[0.863s] DEBUG:colcon.colcon_core.shell:Skip shell extension 'dsv' for command environment
[0.871s] INFO:colcon.colcon_ros.task.ament_cmake.build:Building ROS package in '/home/jetson/slash_ws/src/slash_hardware/f1tenth_system/teleop_tools/teleop_tools_msgs' with build type 'ament_cmake'
[0.871s] INFO:colcon.colcon_cmake.task.cmake.build:Building CMake package in '/home/jetson/slash_ws/src/slash_hardware/f1tenth_system/teleop_tools/teleop_tools_msgs'
[0.872s] INFO:colcon.colcon_core.shell:Skip shell extension 'powershell' for command environment: Not usable outside of PowerShell
[0.872s] DEBUG:colcon.colcon_core.shell:Skip shell extension 'dsv' for command environment
[0.880s] INFO:colcon.colcon_ros.task.ament_cmake.build:Building ROS package in '/home/jetson/slash_ws/src/slash_hardware/f1tenth_system/ackermann_mux' with build type 'ament_cmake'
[0.881s] INFO:colcon.colcon_cmake.task.cmake.build:Building CMake package in '/home/jetson/slash_ws/src/slash_hardware/f1tenth_system/ackermann_mux'
[0.882s] INFO:colcon.colcon_core.shell:Skip shell extension 'powershell' for command environment: Not usable outside of PowerShell
[0.882s] DEBUG:colcon.colcon_core.shell:Skip shell extension 'dsv' for command environment
[0.890s] INFO:colcon.colcon_ros.task.ament_python.build:Building ROS package in '/home/jetson/slash_ws/src/slash_hardware/f1tenth_system/teleop_tools/key_teleop' with build type 'ament_python'
[0.891s] Level 1:colcon.colcon_core.shell:create_environment_hook('key_teleop', 'ament_prefix_path')
[0.892s] INFO:colcon.colcon_core.shell:Creating environment hook '/home/jetson/slash_ws/install/key_teleop/share/key_teleop/hook/ament_prefix_path.ps1'
[0.893s] INFO:colcon.colcon_core.shell:Creating environment descriptor '/home/jetson/slash_ws/install/key_teleop/share/key_teleop/hook/ament_prefix_path.dsv'
[0.894s] INFO:colcon.colcon_core.shell:Creating environment hook '/home/jetson/slash_ws/install/key_teleop/share/key_teleop/hook/ament_prefix_path.sh'
[0.895s] INFO:colcon.colcon_core.shell:Skip shell extension 'powershell' for command environment: Not usable outside of PowerShell
[0.895s] DEBUG:colcon.colcon_core.shell:Skip shell extension 'dsv' for command environment
[0.904s] INFO:colcon.colcon_ros.task.ament_cmake.build:Building ROS package in '/home/jetson/slash_ws/src/slash_perception/linefit_ground_segementation_ros2/linefit_ground_segmentation' with build type 'ament_cmake'
[0.904s] INFO:colcon.colcon_cmake.task.cmake.build:Building CMake package in '/home/jetson/slash_ws/src/slash_perception/linefit_ground_segementation_ros2/linefit_ground_segmentation'
[0.905s] INFO:colcon.colcon_core.shell:Skip shell extension 'powershell' for command environment: Not usable outside of PowerShell
[0.906s] DEBUG:colcon.colcon_core.shell:Skip shell extension 'dsv' for command environment
[0.915s] INFO:colcon.colcon_ros.task.ament_cmake.build:Building ROS package in '/home/jetson/slash_ws/src/slash_hardware/livox_ros_driver2/src' with build type 'ament_cmake'
[0.916s] INFO:colcon.colcon_cmake.task.cmake.build:Building CMake package in '/home/jetson/slash_ws/src/slash_hardware/livox_ros_driver2/src'
[0.917s] INFO:colcon.colcon_core.shell:Skip shell extension 'powershell' for command environment: Not usable outside of PowerShell
[0.917s] DEBUG:colcon.colcon_core.shell:Skip shell extension 'dsv' for command environment
[0.926s] INFO:colcon.colcon_ros.task.ament_python.build:Building ROS package in '/home/jetson/slash_ws/src/slash_hardware/f1tenth_system/teleop_tools/mouse_teleop' with build type 'ament_python'
[0.927s] Level 1:colcon.colcon_core.shell:create_environment_hook('mouse_teleop', 'ament_prefix_path')
[0.928s] INFO:colcon.colcon_core.shell:Creating environment hook '/home/jetson/slash_ws/install/mouse_teleop/share/mouse_teleop/hook/ament_prefix_path.ps1'
[0.930s] INFO:colcon.colcon_core.shell:Creating environment descriptor '/home/jetson/slash_ws/install/mouse_teleop/share/mouse_teleop/hook/ament_prefix_path.dsv'
[0.930s] INFO:colcon.colcon_core.shell:Creating environment hook '/home/jetson/slash_ws/install/mouse_teleop/share/mouse_teleop/hook/ament_prefix_path.sh'
[0.931s] INFO:colcon.colcon_core.shell:Skip shell extension 'powershell' for command environment: Not usable outside of PowerShell
[0.931s] DEBUG:colcon.colcon_core.shell:Skip shell extension 'dsv' for command environment
[0.948s] DEBUG:colcon.colcon_core.event_handler.log_command:Invoking command in '/home/jetson/slash_ws/build/vesc_msgs': CMAKE_PREFIX_PATH=/opt/ros/foxy /usr/bin/cmake /home/jetson/slash_ws/src/slash_hardware/f1tenth_system/vesc/vesc_msgs -DAMENT_CMAKE_SYMLINK_INSTALL=1 -DCMAKE_INSTALL_PREFIX=/home/jetson/slash_ws/install/vesc_msgs
[0.965s] DEBUG:colcon.colcon_core.event_handler.log_command:Invoking command in '/home/jetson/slash_ws/build/costmap_converter_msgs': CMAKE_PREFIX_PATH=/opt/ros/foxy /usr/bin/cmake /home/jetson/slash_ws/src/slash_navigation/costmap_converter/costmap_converter_msgs -DAMENT_CMAKE_SYMLINK_INSTALL=1 -DCMAKE_INSTALL_PREFIX=/home/jetson/slash_ws/install/costmap_converter_msgs
[0.975s] DEBUG:colcon.colcon_core.event_handler.log_command:Invoking command in '/home/jetson/slash_ws/build/teleop_tools_msgs': CMAKE_PREFIX_PATH=/opt/ros/foxy /usr/bin/cmake /home/jetson/slash_ws/src/slash_hardware/f1tenth_system/teleop_tools/teleop_tools_msgs -DAMENT_CMAKE_SYMLINK_INSTALL=1 -DCMAKE_INSTALL_PREFIX=/home/jetson/slash_ws/install/teleop_tools_msgs
[0.985s] DEBUG:colcon.colcon_core.event_handler.log_command:Invoking command in '/home/jetson/slash_ws/build/ackermann_mux': CMAKE_PREFIX_PATH=/opt/ros/foxy /usr/bin/cmake /home/jetson/slash_ws/src/slash_hardware/f1tenth_system/ackermann_mux -DAMENT_CMAKE_SYMLINK_INSTALL=1 -DCMAKE_INSTALL_PREFIX=/home/jetson/slash_ws/install/ackermann_mux
[1.423s] INFO:colcon.colcon_core.task.python.build:Building Python package in '/home/jetson/slash_ws/src/slash_hardware/f1tenth_system/teleop_tools/key_teleop'
[1.425s] INFO:colcon.colcon_core.shell:Skip shell extension 'powershell' for command environment: Not usable outside of PowerShell
[1.425s] DEBUG:colcon.colcon_core.shell:Skip shell extension 'dsv' for command environment
[1.448s] DEBUG:colcon.colcon_core.event_handler.log_command:Invoking command in '/home/jetson/slash_ws/build/linefit_ground_segmentation': CMAKE_PREFIX_PATH=/opt/ros/foxy /usr/bin/cmake /home/jetson/slash_ws/src/slash_perception/linefit_ground_segementation_ros2/linefit_ground_segmentation -DAMENT_CMAKE_SYMLINK_INSTALL=1 -DCMAKE_INSTALL_PREFIX=/home/jetson/slash_ws/install/linefit_ground_segmentation
[1.460s] DEBUG:colcon.colcon_core.event_handler.log_command:Invoking command in '/home/jetson/slash_ws/build/livox_ros_driver2': CMAKE_PREFIX_PATH=/opt/ros/foxy /usr/bin/cmake /home/jetson/slash_ws/src/slash_hardware/livox_ros_driver2/src -DAMENT_CMAKE_SYMLINK_INSTALL=1 -DCMAKE_INSTALL_PREFIX=/home/jetson/slash_ws/install/livox_ros_driver2
[1.954s] INFO:colcon.colcon_core.task.python.build:Building Python package in '/home/jetson/slash_ws/src/slash_hardware/f1tenth_system/teleop_tools/mouse_teleop'
[1.956s] INFO:colcon.colcon_core.shell:Skip shell extension 'powershell' for command environment: Not usable outside of PowerShell
[1.956s] DEBUG:colcon.colcon_core.shell:Skip shell extension 'dsv' for command environment
[2.887s] DEBUG:colcon.colcon_core.event_handler.log_command:Invoking command in '/home/jetson/slash_ws/build/mouse_teleop': PYTHONPATH=/home/jetson/slash_ws/build/mouse_teleop/prefix_override:/usr/lib/python3/dist-packages/colcon_core/task/python/colcon_distutils_commands:/home/jetson/slash_ws/install/mouse_teleop/lib/python3.8/site-packages:${PYTHONPATH} /usr/bin/python3 -W ignore:setup.py install is deprecated setup.py develop --editable --build-directory /home/jetson/slash_ws/build/mouse_teleop/build --no-deps symlink_data
[2.927s] DEBUG:colcon.colcon_core.event_handler.log_command:Invoking command in '/home/jetson/slash_ws/build/key_teleop': PYTHONPATH=/home/jetson/slash_ws/build/key_teleop/prefix_override:/usr/lib/python3/dist-packages/colcon_core/task/python/colcon_distutils_commands:/home/jetson/slash_ws/install/key_teleop/lib/python3.8/site-packages:${PYTHONPATH} /usr/bin/python3 -W ignore:setup.py install is deprecated setup.py develop --editable --build-directory /home/jetson/slash_ws/build/key_teleop/build --no-deps symlink_data
[4.927s] DEBUG:colcon.colcon_core.event_handler.log_command:Invoked command in '/home/jetson/slash_ws/build/teleop_tools_msgs' returned '0': CMAKE_PREFIX_PATH=/opt/ros/foxy /usr/bin/cmake /home/jetson/slash_ws/src/slash_hardware/f1tenth_system/teleop_tools/teleop_tools_msgs -DAMENT_CMAKE_SYMLINK_INSTALL=1 -DCMAKE_INSTALL_PREFIX=/home/jetson/slash_ws/install/teleop_tools_msgs
[4.928s] DEBUG:colcon.colcon_core.event_handler.log_command:Invoking command in '/home/jetson/slash_ws/build/teleop_tools_msgs': CMAKE_PREFIX_PATH=/opt/ros/foxy /usr/bin/cmake --build /home/jetson/slash_ws/build/teleop_tools_msgs -- -j8 -l8
[4.937s] Level 1:colcon.colcon_core.shell:create_environment_hook('mouse_teleop', 'pythonpath_develop')
[4.938s] INFO:colcon.colcon_core.shell:Creating environment hook '/home/jetson/slash_ws/build/mouse_teleop/share/mouse_teleop/hook/pythonpath_develop.ps1'
[4.940s] DEBUG:colcon.colcon_core.event_handler.log_command:Invoked command in '/home/jetson/slash_ws/build/mouse_teleop' returned '0': PYTHONPATH=/home/jetson/slash_ws/build/mouse_teleop/prefix_override:/usr/lib/python3/dist-packages/colcon_core/task/python/colcon_distutils_commands:/home/jetson/slash_ws/install/mouse_teleop/lib/python3.8/site-packages:${PYTHONPATH} /usr/bin/python3 -W ignore:setup.py install is deprecated setup.py develop --editable --build-directory /home/jetson/slash_ws/build/mouse_teleop/build --no-deps symlink_data
[4.942s] INFO:colcon.colcon_core.shell:Creating environment descriptor '/home/jetson/slash_ws/build/mouse_teleop/share/mouse_teleop/hook/pythonpath_develop.dsv'
[4.944s] INFO:colcon.colcon_core.shell:Creating environment hook '/home/jetson/slash_ws/build/mouse_teleop/share/mouse_teleop/hook/pythonpath_develop.sh'
[4.949s] Level 1:colcon.colcon_core.environment:checking '/home/jetson/slash_ws/install/mouse_teleop' for CMake module files
[4.950s] Level 1:colcon.colcon_core.environment:checking '/home/jetson/slash_ws/install/mouse_teleop' for CMake config files
[4.953s] Level 1:colcon.colcon_core.environment:checking '/home/jetson/slash_ws/install/mouse_teleop/lib'
[4.953s] Level 1:colcon.colcon_core.environment:checking '/home/jetson/slash_ws/install/mouse_teleop/bin'
[4.953s] Level 1:colcon.colcon_core.environment:checking '/home/jetson/slash_ws/install/mouse_teleop/lib/pkgconfig/mouse_teleop.pc'
[4.954s] Level 1:colcon.colcon_core.environment:checking '/home/jetson/slash_ws/install/mouse_teleop/lib/python3.8/site-packages'
[4.954s] Level 1:colcon.colcon_core.shell:create_environment_hook('mouse_teleop', 'pythonpath')
[4.955s] INFO:colcon.colcon_core.shell:Creating environment hook '/home/jetson/slash_ws/install/mouse_teleop/share/mouse_teleop/hook/pythonpath.ps1'
[4.956s] INFO:colcon.colcon_core.shell:Creating environment descriptor '/home/jetson/slash_ws/install/mouse_teleop/share/mouse_teleop/hook/pythonpath.dsv'
[4.959s] INFO:colcon.colcon_core.shell:Creating environment hook '/home/jetson/slash_ws/install/mouse_teleop/share/mouse_teleop/hook/pythonpath.sh'
[4.961s] Level 1:colcon.colcon_core.environment:checking '/home/jetson/slash_ws/install/mouse_teleop/bin'
[4.962s] Level 1:colcon.colcon_core.environment:create_environment_scripts_only(mouse_teleop)
[4.963s] INFO:colcon.colcon_core.shell:Creating package script '/home/jetson/slash_ws/install/mouse_teleop/share/mouse_teleop/package.ps1'
[4.970s] INFO:colcon.colcon_core.shell:Creating package descriptor '/home/jetson/slash_ws/install/mouse_teleop/share/mouse_teleop/package.dsv'
[4.972s] INFO:colcon.colcon_core.shell:Creating package script '/home/jetson/slash_ws/install/mouse_teleop/share/mouse_teleop/package.sh'
[4.973s] INFO:colcon.colcon_core.shell:Creating package script '/home/jetson/slash_ws/install/mouse_teleop/share/mouse_teleop/package.bash'
[4.975s] INFO:colcon.colcon_core.shell:Creating package script '/home/jetson/slash_ws/install/mouse_teleop/share/mouse_teleop/package.zsh'
[4.976s] Level 1:colcon.colcon_core.environment:create_file_with_runtime_dependencies(/home/jetson/slash_ws/install/mouse_teleop/share/colcon-core/packages/mouse_teleop)
[4.977s] Level 1:colcon.colcon_core.shell:create_environment_hook('key_teleop', 'pythonpath_develop')
[4.979s] DEBUG:colcon.colcon_core.event_handler.log_command:Invoked command in '/home/jetson/slash_ws/build/key_teleop' returned '0': PYTHONPATH=/home/jetson/slash_ws/build/key_teleop/prefix_override:/usr/lib/python3/dist-packages/colcon_core/task/python/colcon_distutils_commands:/home/jetson/slash_ws/install/key_teleop/lib/python3.8/site-packages:${PYTHONPATH} /usr/bin/python3 -W ignore:setup.py install is deprecated setup.py develop --editable --build-directory /home/jetson/slash_ws/build/key_teleop/build --no-deps symlink_data
[4.979s] INFO:colcon.colcon_core.shell:Creating environment hook '/home/jetson/slash_ws/build/key_teleop/share/key_teleop/hook/pythonpath_develop.ps1'
[4.981s] INFO:colcon.colcon_core.shell:Creating environment descriptor '/home/jetson/slash_ws/build/key_teleop/share/key_teleop/hook/pythonpath_develop.dsv'
[4.982s] INFO:colcon.colcon_core.shell:Creating environment hook '/home/jetson/slash_ws/build/key_teleop/share/key_teleop/hook/pythonpath_develop.sh'
[4.983s] Level 1:colcon.colcon_core.environment:checking '/home/jetson/slash_ws/install/key_teleop' for CMake module files
[4.983s] Level 1:colcon.colcon_core.environment:checking '/home/jetson/slash_ws/install/key_teleop' for CMake config files
[4.984s] Level 1:colcon.colcon_core.environment:checking '/home/jetson/slash_ws/install/key_teleop/lib'
[4.985s] Level 1:colcon.colcon_core.environment:checking '/home/jetson/slash_ws/install/key_teleop/bin'
[4.985s] Level 1:colcon.colcon_core.environment:checking '/home/jetson/slash_ws/install/key_teleop/lib/pkgconfig/key_teleop.pc'
[4.985s] Level 1:colcon.colcon_core.environment:checking '/home/jetson/slash_ws/install/key_teleop/lib/python3.8/site-packages'
[4.985s] Level 1:colcon.colcon_core.shell:create_environment_hook('key_teleop', 'pythonpath')
[4.986s] INFO:colcon.colcon_core.shell:Creating environment hook '/home/jetson/slash_ws/install/key_teleop/share/key_teleop/hook/pythonpath.ps1'
[4.987s] INFO:colcon.colcon_core.shell:Creating environment descriptor '/home/jetson/slash_ws/install/key_teleop/share/key_teleop/hook/pythonpath.dsv'
[4.987s] INFO:colcon.colcon_core.shell:Creating environment hook '/home/jetson/slash_ws/install/key_teleop/share/key_teleop/hook/pythonpath.sh'
[4.988s] Level 1:colcon.colcon_core.environment:checking '/home/jetson/slash_ws/install/key_teleop/bin'
[4.988s] Level 1:colcon.colcon_core.environment:create_environment_scripts_only(key_teleop)
[4.989s] INFO:colcon.colcon_core.shell:Creating package script '/home/jetson/slash_ws/install/key_teleop/share/key_teleop/package.ps1'
[4.990s] INFO:colcon.colcon_core.shell:Creating package descriptor '/home/jetson/slash_ws/install/key_teleop/share/key_teleop/package.dsv'
[4.993s] INFO:colcon.colcon_core.shell:Creating package script '/home/jetson/slash_ws/install/key_teleop/share/key_teleop/package.sh'
[4.994s] INFO:colcon.colcon_core.shell:Creating package script '/home/jetson/slash_ws/install/key_teleop/share/key_teleop/package.bash'
[4.995s] INFO:colcon.colcon_core.shell:Creating package script '/home/jetson/slash_ws/install/key_teleop/share/key_teleop/package.zsh'
[4.996s] Level 1:colcon.colcon_core.environment:create_file_with_runtime_dependencies(/home/jetson/slash_ws/install/key_teleop/share/colcon-core/packages/key_teleop)
[4.999s] INFO:colcon.colcon_ros.task.ament_python.build:Building ROS package in '/home/jetson/slash_ws/my_converter' with build type 'ament_python'
[5.001s] Level 1:colcon.colcon_core.shell:create_environment_hook('my_converter', 'ament_prefix_path')
[5.002s] INFO:colcon.colcon_core.shell:Creating environment hook '/home/jetson/slash_ws/install/my_converter/share/my_converter/hook/ament_prefix_path.ps1'
[5.010s] INFO:colcon.colcon_core.shell:Creating environment descriptor '/home/jetson/slash_ws/install/my_converter/share/my_converter/hook/ament_prefix_path.dsv'
[5.019s] INFO:colcon.colcon_core.shell:Creating environment hook '/home/jetson/slash_ws/install/my_converter/share/my_converter/hook/ament_prefix_path.sh'
[5.021s] INFO:colcon.colcon_core.shell:Skip shell extension 'powershell' for command environment: Not usable outside of PowerShell
[5.021s] DEBUG:colcon.colcon_core.shell:Skip shell extension 'dsv' for command environment
[5.058s] INFO:colcon.colcon_ros.task.ament_cmake.build:Building ROS package in '/home/jetson/slash_ws/src/slash_perception/pointcloud_to_laserscan' with build type 'ament_cmake'
[5.058s] INFO:colcon.colcon_cmake.task.cmake.build:Building CMake package in '/home/jetson/slash_ws/src/slash_perception/pointcloud_to_laserscan'
[5.059s] INFO:colcon.colcon_core.shell:Skip shell extension 'powershell' for command environment: Not usable outside of PowerShell
[5.060s] DEBUG:colcon.colcon_core.shell:Skip shell extension 'dsv' for command environment
[5.105s] DEBUG:colcon.colcon_core.event_handler.log_command:Invoked command in '/home/jetson/slash_ws/build/vesc_msgs' returned '0': CMAKE_PREFIX_PATH=/opt/ros/foxy /usr/bin/cmake /home/jetson/slash_ws/src/slash_hardware/f1tenth_system/vesc/vesc_msgs -DAMENT_CMAKE_SYMLINK_INSTALL=1 -DCMAKE_INSTALL_PREFIX=/home/jetson/slash_ws/install/vesc_msgs
[5.107s] DEBUG:colcon.colcon_core.event_handler.log_command:Invoking command in '/home/jetson/slash_ws/build/vesc_msgs': CMAKE_PREFIX_PATH=/opt/ros/foxy /usr/bin/cmake --build /home/jetson/slash_ws/build/vesc_msgs -- -j8 -l8
[5.824s] INFO:colcon.colcon_core.task.python.build:Building Python package in '/home/jetson/slash_ws/my_converter'
[5.827s] INFO:colcon.colcon_core.shell:Skip shell extension 'powershell' for command environment: Not usable outside of PowerShell
[5.827s] DEBUG:colcon.colcon_core.shell:Skip shell extension 'dsv' for command environment
[5.906s] DEBUG:colcon.colcon_core.event_handler.log_command:Invoking command in '/home/jetson/slash_ws/build/pointcloud_to_laserscan': CMAKE_PREFIX_PATH=/opt/ros/foxy /usr/bin/cmake /home/jetson/slash_ws/src/slash_perception/pointcloud_to_laserscan -DAMENT_CMAKE_SYMLINK_INSTALL=1 -DCMAKE_INSTALL_PREFIX=/home/jetson/slash_ws/install/pointcloud_to_laserscan
[5.934s] DEBUG:colcon.colcon_core.event_handler.log_command:Invoked command in '/home/jetson/slash_ws/build/costmap_converter_msgs' returned '0': CMAKE_PREFIX_PATH=/opt/ros/foxy /usr/bin/cmake /home/jetson/slash_ws/src/slash_navigation/costmap_converter/costmap_converter_msgs -DAMENT_CMAKE_SYMLINK_INSTALL=1 -DCMAKE_INSTALL_PREFIX=/home/jetson/slash_ws/install/costmap_converter_msgs
[5.936s] DEBUG:colcon.colcon_core.event_handler.log_command:Invoking command in '/home/jetson/slash_ws/build/costmap_converter_msgs': CMAKE_PREFIX_PATH=/opt/ros/foxy /usr/bin/cmake --build /home/jetson/slash_ws/build/costmap_converter_msgs -- -j8 -l8
[5.972s] DEBUG:colcon.colcon_core.event_handler.log_command:Invoked command in '/home/jetson/slash_ws/build/ackermann_mux' returned '0': CMAKE_PREFIX_PATH=/opt/ros/foxy /usr/bin/cmake /home/jetson/slash_ws/src/slash_hardware/f1tenth_system/ackermann_mux -DAMENT_CMAKE_SYMLINK_INSTALL=1 -DCMAKE_INSTALL_PREFIX=/home/jetson/slash_ws/install/ackermann_mux
[5.981s] DEBUG:colcon.colcon_core.event_handler.log_command:Invoking command in '/home/jetson/slash_ws/build/ackermann_mux': CMAKE_PREFIX_PATH=/opt/ros/foxy /usr/bin/cmake --build /home/jetson/slash_ws/build/ackermann_mux -- -j8 -l8
[8.176s] DEBUG:colcon.colcon_core.event_handler.log_command:Invoking command in '/home/jetson/slash_ws/build/my_converter': PYTHONPATH=/home/jetson/slash_ws/build/my_converter/prefix_override:/usr/lib/python3/dist-packages/colcon_core/task/python/colcon_distutils_commands:/home/jetson/slash_ws/install/my_converter/lib/python3.8/site-packages:${PYTHONPATH} /usr/bin/python3 -W ignore:setup.py install is deprecated setup.py develop --editable --build-directory /home/jetson/slash_ws/build/my_converter/build --no-deps symlink_data
[16.821s] DEBUG:colcon.colcon_core.event_handler.log_command:Invoked command in '/home/jetson/slash_ws/build/linefit_ground_segmentation' returned '0': CMAKE_PREFIX_PATH=/opt/ros/foxy /usr/bin/cmake /home/jetson/slash_ws/src/slash_perception/linefit_ground_segementation_ros2/linefit_ground_segmentation -DAMENT_CMAKE_SYMLINK_INSTALL=1 -DCMAKE_INSTALL_PREFIX=/home/jetson/slash_ws/install/linefit_ground_segmentation
[16.822s] DEBUG:colcon.colcon_core.event_handler.log_command:Invoking command in '/home/jetson/slash_ws/build/linefit_ground_segmentation': CMAKE_PREFIX_PATH=/opt/ros/foxy /usr/bin/cmake --build /home/jetson/slash_ws/build/linefit_ground_segmentation -- -j8 -l8
[18.201s] DEBUG:colcon.colcon_core.event_handler.log_command:Invoked command in '/home/jetson/slash_ws/build/livox_ros_driver2' returned '0': CMAKE_PREFIX_PATH=/opt/ros/foxy /usr/bin/cmake /home/jetson/slash_ws/src/slash_hardware/livox_ros_driver2/src -DAMENT_CMAKE_SYMLINK_INSTALL=1 -DCMAKE_INSTALL_PREFIX=/home/jetson/slash_ws/install/livox_ros_driver2
[18.203s] DEBUG:colcon.colcon_core.event_handler.log_command:Invoking command in '/home/jetson/slash_ws/build/livox_ros_driver2': CMAKE_PREFIX_PATH=/opt/ros/foxy /usr/bin/cmake --build /home/jetson/slash_ws/build/livox_ros_driver2 -- -j8 -l8
[18.224s] Level 1:colcon.colcon_core.shell:create_environment_hook('my_converter', 'pythonpath_develop')
[18.225s] INFO:colcon.colcon_core.shell:Creating environment hook '/home/jetson/slash_ws/build/my_converter/share/my_converter/hook/pythonpath_develop.ps1'
[18.226s] DEBUG:colcon.colcon_core.event_handler.log_command:Invoked command in '/home/jetson/slash_ws/build/my_converter' returned '0': PYTHONPATH=/home/jetson/slash_ws/build/my_converter/prefix_override:/usr/lib/python3/dist-packages/colcon_core/task/python/colcon_distutils_commands:/home/jetson/slash_ws/install/my_converter/lib/python3.8/site-packages:${PYTHONPATH} /usr/bin/python3 -W ignore:setup.py install is deprecated setup.py develop --editable --build-directory /home/jetson/slash_ws/build/my_converter/build --no-deps symlink_data
[18.228s] INFO:colcon.colcon_core.shell:Creating environment descriptor '/home/jetson/slash_ws/build/my_converter/share/my_converter/hook/pythonpath_develop.dsv'
[18.229s] INFO:colcon.colcon_core.shell:Creating environment hook '/home/jetson/slash_ws/build/my_converter/share/my_converter/hook/pythonpath_develop.sh'
[18.230s] Level 1:colcon.colcon_core.environment:checking '/home/jetson/slash_ws/install/my_converter' for CMake module files
[18.231s] Level 1:colcon.colcon_core.environment:checking '/home/jetson/slash_ws/install/my_converter' for CMake config files
[18.232s] Level 1:colcon.colcon_core.environment:checking '/home/jetson/slash_ws/install/my_converter/lib'
[18.233s] Level 1:colcon.colcon_core.environment:checking '/home/jetson/slash_ws/install/my_converter/bin'
[18.233s] Level 1:colcon.colcon_core.environment:checking '/home/jetson/slash_ws/install/my_converter/lib/pkgconfig/my_converter.pc'
[18.233s] Level 1:colcon.colcon_core.environment:checking '/home/jetson/slash_ws/install/my_converter/lib/python3.8/site-packages'
[18.234s] Level 1:colcon.colcon_core.shell:create_environment_hook('my_converter', 'pythonpath')
[18.234s] INFO:colcon.colcon_core.shell:Creating environment hook '/home/jetson/slash_ws/install/my_converter/share/my_converter/hook/pythonpath.ps1'
[18.236s] INFO:colcon.colcon_core.shell:Creating environment descriptor '/home/jetson/slash_ws/install/my_converter/share/my_converter/hook/pythonpath.dsv'
[18.237s] INFO:colcon.colcon_core.shell:Creating environment hook '/home/jetson/slash_ws/install/my_converter/share/my_converter/hook/pythonpath.sh'
[18.244s] Level 1:colcon.colcon_core.environment:checking '/home/jetson/slash_ws/install/my_converter/bin'
[18.244s] Level 1:colcon.colcon_core.environment:create_environment_scripts_only(my_converter)
[18.245s] INFO:colcon.colcon_core.shell:Creating package script '/home/jetson/slash_ws/install/my_converter/share/my_converter/package.ps1'
[18.251s] INFO:colcon.colcon_core.shell:Creating package descriptor '/home/jetson/slash_ws/install/my_converter/share/my_converter/package.dsv'
[18.266s] INFO:colcon.colcon_core.shell:Creating package script '/home/jetson/slash_ws/install/my_converter/share/my_converter/package.sh'
[18.268s] INFO:colcon.colcon_core.shell:Creating package script '/home/jetson/slash_ws/install/my_converter/share/my_converter/package.bash'
[18.270s] INFO:colcon.colcon_core.shell:Creating package script '/home/jetson/slash_ws/install/my_converter/share/my_converter/package.zsh'
[18.271s] Level 1:colcon.colcon_core.environment:create_file_with_runtime_dependencies(/home/jetson/slash_ws/install/my_converter/share/colcon-core/packages/my_converter)
[18.274s] INFO:colcon.colcon_ros.task.ament_cmake.build:Building ROS package in '/home/jetson/slash_ws/src/slash_navigation/slash_nav2' with build type 'ament_cmake'
[18.276s] INFO:colcon.colcon_cmake.task.cmake.build:Building CMake package in '/home/jetson/slash_ws/src/slash_navigation/slash_nav2'
[18.276s] INFO:colcon.colcon_core.shell:Skip shell extension 'powershell' for command environment: Not usable outside of PowerShell
[18.276s] DEBUG:colcon.colcon_core.shell:Skip shell extension 'dsv' for command environment
[18.341s] DEBUG:colcon.colcon_core.event_handler.log_command:Invoking command in '/home/jetson/slash_ws/build/slash_nav2': CMAKE_PREFIX_PATH=/opt/ros/foxy /usr/bin/cmake /home/jetson/slash_ws/src/slash_navigation/slash_nav2 -DAMENT_CMAKE_SYMLINK_INSTALL=1 -DCMAKE_INSTALL_PREFIX=/home/jetson/slash_ws/install/slash_nav2
[18.811s] DEBUG:colcon.colcon_core.event_handler.log_command:Invoked command in '/home/jetson/slash_ws/build/pointcloud_to_laserscan' returned '0': CMAKE_PREFIX_PATH=/opt/ros/foxy /usr/bin/cmake /home/jetson/slash_ws/src/slash_perception/pointcloud_to_laserscan -DAMENT_CMAKE_SYMLINK_INSTALL=1 -DCMAKE_INSTALL_PREFIX=/home/jetson/slash_ws/install/pointcloud_to_laserscan
[18.812s] DEBUG:colcon.colcon_core.event_handler.log_command:Invoking command in '/home/jetson/slash_ws/build/pointcloud_to_laserscan': CMAKE_PREFIX_PATH=/opt/ros/foxy /usr/bin/cmake --build /home/jetson/slash_ws/build/pointcloud_to_laserscan -- -j8 -l8
[26.055s] DEBUG:colcon.colcon_core.event_handler.log_command:Invoked command in '/home/jetson/slash_ws/build/costmap_converter_msgs' returned '0': CMAKE_PREFIX_PATH=/opt/ros/foxy /usr/bin/cmake --build /home/jetson/slash_ws/build/costmap_converter_msgs -- -j8 -l8
[26.109s] DEBUG:colcon.colcon_core.event_handler.log_command:Invoked command in '/home/jetson/slash_ws/build/slash_nav2' returned '0': CMAKE_PREFIX_PATH=/opt/ros/foxy /usr/bin/cmake /home/jetson/slash_ws/src/slash_navigation/slash_nav2 -DAMENT_CMAKE_SYMLINK_INSTALL=1 -DCMAKE_INSTALL_PREFIX=/home/jetson/slash_ws/install/slash_nav2
[26.116s] DEBUG:colcon.colcon_core.event_handler.log_command:Invoking command in '/home/jetson/slash_ws/build/slash_nav2': CMAKE_PREFIX_PATH=/opt/ros/foxy /usr/bin/cmake --build /home/jetson/slash_ws/build/slash_nav2 -- -j8 -l8
[26.408s] DEBUG:colcon.colcon_core.event_handler.log_command:Invoked command in '/home/jetson/slash_ws/build/slash_nav2' returned '0': CMAKE_PREFIX_PATH=/opt/ros/foxy /usr/bin/cmake --build /home/jetson/slash_ws/build/slash_nav2 -- -j8 -l8
[26.444s] DEBUG:colcon.colcon_core.event_handler.log_command:Invoked command in '/home/jetson/slash_ws/build/teleop_tools_msgs' returned '0': CMAKE_PREFIX_PATH=/opt/ros/foxy /usr/bin/cmake --build /home/jetson/slash_ws/build/teleop_tools_msgs -- -j8 -l8
[26.770s] DEBUG:colcon.colcon_core.event_handler.log_command:Invoking command in '/home/jetson/slash_ws/build/slash_nav2': CMAKE_PREFIX_PATH=/opt/ros/foxy /usr/bin/cmake --install /home/jetson/slash_ws/build/slash_nav2
[27.355s] DEBUG:colcon.colcon_core.event_handler.log_command:Invoking command in '/home/jetson/slash_ws/build/teleop_tools_msgs': CMAKE_PREFIX_PATH=/opt/ros/foxy /usr/bin/cmake --install /home/jetson/slash_ws/build/teleop_tools_msgs
[27.416s] DEBUG:colcon.colcon_core.event_handler.log_command:Invoking command in '/home/jetson/slash_ws/build/costmap_converter_msgs': CMAKE_PREFIX_PATH=/opt/ros/foxy /usr/bin/cmake --install /home/jetson/slash_ws/build/costmap_converter_msgs
[28.822s] Level 1:colcon.colcon_core.environment:create_environment_scripts_only(slash_nav2)
[28.823s] Level 1:colcon.colcon_core.environment:checking '/home/jetson/slash_ws/install/slash_nav2' for CMake module files
[28.824s] Level 1:colcon.colcon_core.environment:checking '/home/jetson/slash_ws/install/slash_nav2' for CMake config files
[28.824s] Level 1:colcon.colcon_core.shell:create_environment_hook('slash_nav2', 'cmake_prefix_path')
[28.825s] INFO:colcon.colcon_core.shell:Creating environment hook '/home/jetson/slash_ws/install/slash_nav2/share/slash_nav2/hook/cmake_prefix_path.ps1'
[28.826s] INFO:colcon.colcon_core.shell:Creating environment descriptor '/home/jetson/slash_ws/install/slash_nav2/share/slash_nav2/hook/cmake_prefix_path.dsv'
[28.827s] INFO:colcon.colcon_core.shell:Creating environment hook '/home/jetson/slash_ws/install/slash_nav2/share/slash_nav2/hook/cmake_prefix_path.sh'
[28.828s] Level 1:colcon.colcon_core.environment:checking '/home/jetson/slash_ws/install/slash_nav2/bin'
[28.828s] Level 1:colcon.colcon_core.environment:checking '/home/jetson/slash_ws/install/slash_nav2/lib/pkgconfig/slash_nav2.pc'
[28.829s] Level 1:colcon.colcon_core.environment:checking '/home/jetson/slash_ws/install/slash_nav2/lib/python3.8/site-packages'
[28.829s] Level 1:colcon.colcon_core.environment:checking '/home/jetson/slash_ws/install/slash_nav2/bin'
[28.830s] INFO:colcon.colcon_core.shell:Creating package script '/home/jetson/slash_ws/install/slash_nav2/share/slash_nav2/package.ps1'
[28.834s] DEBUG:colcon.colcon_core.event_handler.log_command:Invoked command in '/home/jetson/slash_ws/build/slash_nav2' returned '0': CMAKE_PREFIX_PATH=/opt/ros/foxy /usr/bin/cmake --install /home/jetson/slash_ws/build/slash_nav2
[28.834s] INFO:colcon.colcon_core.shell:Creating package descriptor '/home/jetson/slash_ws/install/slash_nav2/share/slash_nav2/package.dsv'
[28.836s] INFO:colcon.colcon_core.shell:Creating package script '/home/jetson/slash_ws/install/slash_nav2/share/slash_nav2/package.sh'
[28.837s] INFO:colcon.colcon_core.shell:Creating package script '/home/jetson/slash_ws/install/slash_nav2/share/slash_nav2/package.bash'
[28.837s] INFO:colcon.colcon_core.shell:Creating package script '/home/jetson/slash_ws/install/slash_nav2/share/slash_nav2/package.zsh'
[28.838s] Level 1:colcon.colcon_core.environment:create_file_with_runtime_dependencies(/home/jetson/slash_ws/install/slash_nav2/share/colcon-core/packages/slash_nav2)
[29.089s] Level 1:colcon.colcon_core.environment:create_environment_scripts_only(slash_nav2)
[29.090s] Level 1:colcon.colcon_core.environment:checking '/home/jetson/slash_ws/install/slash_nav2' for CMake module files
[29.091s] Level 1:colcon.colcon_core.environment:checking '/home/jetson/slash_ws/install/slash_nav2' for CMake config files
[29.092s] Level 1:colcon.colcon_core.shell:create_environment_hook('slash_nav2', 'cmake_prefix_path')
[29.092s] INFO:colcon.colcon_core.shell:Creating environment hook '/home/jetson/slash_ws/install/slash_nav2/share/slash_nav2/hook/cmake_prefix_path.ps1'
[29.094s] INFO:colcon.colcon_core.shell:Creating environment descriptor '/home/jetson/slash_ws/install/slash_nav2/share/slash_nav2/hook/cmake_prefix_path.dsv'
[29.095s] INFO:colcon.colcon_core.shell:Creating environment hook '/home/jetson/slash_ws/install/slash_nav2/share/slash_nav2/hook/cmake_prefix_path.sh'
[29.096s] Level 1:colcon.colcon_core.environment:checking '/home/jetson/slash_ws/install/slash_nav2/bin'
[29.096s] Level 1:colcon.colcon_core.environment:checking '/home/jetson/slash_ws/install/slash_nav2/lib/pkgconfig/slash_nav2.pc'
[29.097s] Level 1:colcon.colcon_core.environment:checking '/home/jetson/slash_ws/install/slash_nav2/lib/python3.8/site-packages'
[29.098s] Level 1:colcon.colcon_core.environment:checking '/home/jetson/slash_ws/install/slash_nav2/bin'
[29.099s] INFO:colcon.colcon_core.shell:Creating package script '/home/jetson/slash_ws/install/slash_nav2/share/slash_nav2/package.ps1'
[29.100s] INFO:colcon.colcon_core.shell:Creating package descriptor '/home/jetson/slash_ws/install/slash_nav2/share/slash_nav2/package.dsv'
[29.108s] INFO:colcon.colcon_core.shell:Creating package script '/home/jetson/slash_ws/install/slash_nav2/share/slash_nav2/package.sh'
[29.112s] INFO:colcon.colcon_core.shell:Creating package script '/home/jetson/slash_ws/install/slash_nav2/share/slash_nav2/package.bash'
[29.114s] INFO:colcon.colcon_core.shell:Creating package script '/home/jetson/slash_ws/install/slash_nav2/share/slash_nav2/package.zsh'
[29.118s] Level 1:colcon.colcon_core.environment:create_file_with_runtime_dependencies(/home/jetson/slash_ws/install/slash_nav2/share/colcon-core/packages/slash_nav2)
[29.124s] INFO:colcon.colcon_ros.task.ament_python.build:Building ROS package in '/home/jetson/slash_ws/src/slash_perception/twist_to_ackermann' with build type 'ament_python'
[29.129s] Level 1:colcon.colcon_core.shell:create_environment_hook('twist_to_ackermann', 'ament_prefix_path')
[29.129s] INFO:colcon.colcon_core.shell:Creating environment hook '/home/jetson/slash_ws/install/twist_to_ackermann/share/twist_to_ackermann/hook/ament_prefix_path.ps1'
[29.132s] INFO:colcon.colcon_core.shell:Creating environment descriptor '/home/jetson/slash_ws/install/twist_to_ackermann/share/twist_to_ackermann/hook/ament_prefix_path.dsv'
[29.140s] INFO:colcon.colcon_core.shell:Creating environment hook '/home/jetson/slash_ws/install/twist_to_ackermann/share/twist_to_ackermann/hook/ament_prefix_path.sh'
[29.149s] INFO:colcon.colcon_core.shell:Skip shell extension 'powershell' for command environment: Not usable outside of PowerShell
[29.150s] DEBUG:colcon.colcon_core.shell:Skip shell extension 'dsv' for command environment
[29.988s] INFO:colcon.colcon_core.task.python.build:Building Python package in '/home/jetson/slash_ws/src/slash_perception/twist_to_ackermann'
[29.991s] INFO:colcon.colcon_core.shell:Skip shell extension 'powershell' for command environment: Not usable outside of PowerShell
[29.991s] DEBUG:colcon.colcon_core.shell:Skip shell extension 'dsv' for command environment
[30.054s] DEBUG:colcon.colcon_core.event_handler.log_command:Invoked command in '/home/jetson/slash_ws/build/vesc_msgs' returned '0': CMAKE_PREFIX_PATH=/opt/ros/foxy /usr/bin/cmake --build /home/jetson/slash_ws/build/vesc_msgs -- -j8 -l8
[31.274s] Level 1:colcon.colcon_core.environment:create_environment_scripts_only(teleop_tools_msgs)
[31.275s] Level 1:colcon.colcon_core.environment:checking '/home/jetson/slash_ws/install/teleop_tools_msgs' for CMake module files
[31.276s] Level 1:colcon.colcon_core.environment:checking '/home/jetson/slash_ws/install/teleop_tools_msgs' for CMake config files
[31.278s] Level 1:colcon.colcon_core.shell:create_environment_hook('teleop_tools_msgs', 'cmake_prefix_path')
[31.279s] INFO:colcon.colcon_core.shell:Creating environment hook '/home/jetson/slash_ws/install/teleop_tools_msgs/share/teleop_tools_msgs/hook/cmake_prefix_path.ps1'
[31.280s] INFO:colcon.colcon_core.shell:Creating environment descriptor '/home/jetson/slash_ws/install/teleop_tools_msgs/share/teleop_tools_msgs/hook/cmake_prefix_path.dsv'
[31.281s] INFO:colcon.colcon_core.shell:Creating environment hook '/home/jetson/slash_ws/install/teleop_tools_msgs/share/teleop_tools_msgs/hook/cmake_prefix_path.sh'
[31.284s] DEBUG:colcon.colcon_core.event_handler.log_command:Invoked command in '/home/jetson/slash_ws/build/teleop_tools_msgs' returned '0': CMAKE_PREFIX_PATH=/opt/ros/foxy /usr/bin/cmake --install /home/jetson/slash_ws/build/teleop_tools_msgs
[31.284s] Level 1:colcon.colcon_core.environment:checking '/home/jetson/slash_ws/install/teleop_tools_msgs/lib'
[31.285s] Level 1:colcon.colcon_core.shell:create_environment_hook('teleop_tools_msgs', 'ld_library_path_lib')
[31.285s] INFO:colcon.colcon_core.shell:Creating environment hook '/home/jetson/slash_ws/install/teleop_tools_msgs/share/teleop_tools_msgs/hook/ld_library_path_lib.ps1'
[31.287s] INFO:colcon.colcon_core.shell:Creating environment descriptor '/home/jetson/slash_ws/install/teleop_tools_msgs/share/teleop_tools_msgs/hook/ld_library_path_lib.dsv'
[31.288s] INFO:colcon.colcon_core.shell:Creating environment hook '/home/jetson/slash_ws/install/teleop_tools_msgs/share/teleop_tools_msgs/hook/ld_library_path_lib.sh'
[31.289s] Level 1:colcon.colcon_core.environment:checking '/home/jetson/slash_ws/install/teleop_tools_msgs/bin'
[31.289s] Level 1:colcon.colcon_core.environment:checking '/home/jetson/slash_ws/install/teleop_tools_msgs/lib/pkgconfig/teleop_tools_msgs.pc'
[31.289s] Level 1:colcon.colcon_core.environment:checking '/home/jetson/slash_ws/install/teleop_tools_msgs/lib/python3.8/site-packages'
[31.290s] Level 1:colcon.colcon_core.shell:create_environment_hook('teleop_tools_msgs', 'pythonpath')
[31.290s] INFO:colcon.colcon_core.shell:Creating environment hook '/home/jetson/slash_ws/install/teleop_tools_msgs/share/teleop_tools_msgs/hook/pythonpath.ps1'
[31.291s] INFO:colcon.colcon_core.shell:Creating environment descriptor '/home/jetson/slash_ws/install/teleop_tools_msgs/share/teleop_tools_msgs/hook/pythonpath.dsv'
[31.307s] INFO:colcon.colcon_core.shell:Creating environment hook '/home/jetson/slash_ws/install/teleop_tools_msgs/share/teleop_tools_msgs/hook/pythonpath.sh'
[31.310s] Level 1:colcon.colcon_core.environment:checking '/home/jetson/slash_ws/install/teleop_tools_msgs/bin'
[31.311s] INFO:colcon.colcon_core.shell:Creating package script '/home/jetson/slash_ws/install/teleop_tools_msgs/share/teleop_tools_msgs/package.ps1'
[31.313s] INFO:colcon.colcon_core.shell:Creating package descriptor '/home/jetson/slash_ws/install/teleop_tools_msgs/share/teleop_tools_msgs/package.dsv'
[31.315s] INFO:colcon.colcon_core.shell:Creating package script '/home/jetson/slash_ws/install/teleop_tools_msgs/share/teleop_tools_msgs/package.sh'
[31.318s] INFO:colcon.colcon_core.shell:Creating package script '/home/jetson/slash_ws/install/teleop_tools_msgs/share/teleop_tools_msgs/package.bash'
[31.322s] INFO:colcon.colcon_core.shell:Creating package script '/home/jetson/slash_ws/install/teleop_tools_msgs/share/teleop_tools_msgs/package.zsh'
[31.332s] Level 1:colcon.colcon_core.environment:create_file_with_runtime_dependencies(/home/jetson/slash_ws/install/teleop_tools_msgs/share/colcon-core/packages/teleop_tools_msgs)
[31.462s] DEBUG:colcon.colcon_core.event_handler.log_command:Invoking command in '/home/jetson/slash_ws/build/vesc_msgs': CMAKE_PREFIX_PATH=/opt/ros/foxy /usr/bin/cmake --install /home/jetson/slash_ws/build/vesc_msgs
[31.497s] DEBUG:colcon.colcon_core.event_handler.log_command:Invoking command in '/home/jetson/slash_ws/build/twist_to_ackermann': PYTHONPATH=/home/jetson/slash_ws/build/twist_to_ackermann/prefix_override:/usr/lib/python3/dist-packages/colcon_core/task/python/colcon_distutils_commands:/home/jetson/slash_ws/install/twist_to_ackermann/lib/python3.8/site-packages:${PYTHONPATH} /usr/bin/python3 -W ignore:setup.py install is deprecated setup.py develop --editable --build-directory /home/jetson/slash_ws/build/twist_to_ackermann/build --no-deps symlink_data
[31.874s] Level 1:colcon.colcon_core.environment:create_environment_scripts_only(costmap_converter_msgs)
[31.876s] Level 1:colcon.colcon_core.environment:checking '/home/jetson/slash_ws/install/costmap_converter_msgs' for CMake module files
[31.877s] Level 1:colcon.colcon_core.environment:checking '/home/jetson/slash_ws/install/costmap_converter_msgs' for CMake config files
[31.875s] DEBUG:colcon.colcon_core.event_handler.log_command:Invoked command in '/home/jetson/slash_ws/build/costmap_converter_msgs' returned '0': CMAKE_PREFIX_PATH=/opt/ros/foxy /usr/bin/cmake --install /home/jetson/slash_ws/build/costmap_converter_msgs
[31.880s] Level 1:colcon.colcon_core.shell:create_environment_hook('costmap_converter_msgs', 'cmake_prefix_path')
[31.881s] INFO:colcon.colcon_core.shell:Creating environment hook '/home/jetson/slash_ws/install/costmap_converter_msgs/share/costmap_converter_msgs/hook/cmake_prefix_path.ps1'
[31.883s] INFO:colcon.colcon_core.shell:Creating environment descriptor '/home/jetson/slash_ws/install/costmap_converter_msgs/share/costmap_converter_msgs/hook/cmake_prefix_path.dsv'
[31.884s] INFO:colcon.colcon_core.shell:Creating environment hook '/home/jetson/slash_ws/install/costmap_converter_msgs/share/costmap_converter_msgs/hook/cmake_prefix_path.sh'
[31.886s] Level 1:colcon.colcon_core.environment:checking '/home/jetson/slash_ws/install/costmap_converter_msgs/lib'
[31.886s] Level 1:colcon.colcon_core.shell:create_environment_hook('costmap_converter_msgs', 'ld_library_path_lib')
[31.887s] INFO:colcon.colcon_core.shell:Creating environment hook '/home/jetson/slash_ws/install/costmap_converter_msgs/share/costmap_converter_msgs/hook/ld_library_path_lib.ps1'
[31.888s] INFO:colcon.colcon_core.shell:Creating environment descriptor '/home/jetson/slash_ws/install/costmap_converter_msgs/share/costmap_converter_msgs/hook/ld_library_path_lib.dsv'
[31.888s] INFO:colcon.colcon_core.shell:Creating environment hook '/home/jetson/slash_ws/install/costmap_converter_msgs/share/costmap_converter_msgs/hook/ld_library_path_lib.sh'
[31.895s] Level 1:colcon.colcon_core.environment:checking '/home/jetson/slash_ws/install/costmap_converter_msgs/bin'
[31.895s] Level 1:colcon.colcon_core.environment:checking '/home/jetson/slash_ws/install/costmap_converter_msgs/lib/pkgconfig/costmap_converter_msgs.pc'
[31.895s] Level 1:colcon.colcon_core.environment:checking '/home/jetson/slash_ws/install/costmap_converter_msgs/lib/python3.8/site-packages'
[31.895s] Level 1:colcon.colcon_core.shell:create_environment_hook('costmap_converter_msgs', 'pythonpath')
[31.896s] INFO:colcon.colcon_core.shell:Creating environment hook '/home/jetson/slash_ws/install/costmap_converter_msgs/share/costmap_converter_msgs/hook/pythonpath.ps1'
[31.897s] INFO:colcon.colcon_core.shell:Creating environment descriptor '/home/jetson/slash_ws/install/costmap_converter_msgs/share/costmap_converter_msgs/hook/pythonpath.dsv'
[31.910s] INFO:colcon.colcon_core.shell:Creating environment hook '/home/jetson/slash_ws/install/costmap_converter_msgs/share/costmap_converter_msgs/hook/pythonpath.sh'
[31.912s] Level 1:colcon.colcon_core.environment:checking '/home/jetson/slash_ws/install/costmap_converter_msgs/bin'
[31.913s] INFO:colcon.colcon_core.shell:Creating package script '/home/jetson/slash_ws/install/costmap_converter_msgs/share/costmap_converter_msgs/package.ps1'
[31.915s] INFO:colcon.colcon_core.shell:Creating package descriptor '/home/jetson/slash_ws/install/costmap_converter_msgs/share/costmap_converter_msgs/package.dsv'
[31.917s] INFO:colcon.colcon_core.shell:Creating package script '/home/jetson/slash_ws/install/costmap_converter_msgs/share/costmap_converter_msgs/package.sh'
[31.925s] INFO:colcon.colcon_core.shell:Creating package script '/home/jetson/slash_ws/install/costmap_converter_msgs/share/costmap_converter_msgs/package.bash'
[31.926s] INFO:colcon.colcon_core.shell:Creating package script '/home/jetson/slash_ws/install/costmap_converter_msgs/share/costmap_converter_msgs/package.zsh'
[31.927s] Level 1:colcon.colcon_core.environment:create_file_with_runtime_dependencies(/home/jetson/slash_ws/install/costmap_converter_msgs/share/colcon-core/packages/costmap_converter_msgs)
[32.371s] Level 1:colcon.colcon_core.environment:create_environment_scripts_only(teleop_tools_msgs)
[32.372s] Level 1:colcon.colcon_core.environment:checking '/home/jetson/slash_ws/install/teleop_tools_msgs' for CMake module files
[32.373s] Level 1:colcon.colcon_core.environment:checking '/home/jetson/slash_ws/install/teleop_tools_msgs' for CMake config files
[32.375s] Level 1:colcon.colcon_core.shell:create_environment_hook('teleop_tools_msgs', 'cmake_prefix_path')
[32.375s] INFO:colcon.colcon_core.shell:Creating environment hook '/home/jetson/slash_ws/install/teleop_tools_msgs/share/teleop_tools_msgs/hook/cmake_prefix_path.ps1'
[32.377s] INFO:colcon.colcon_core.shell:Creating environment descriptor '/home/jetson/slash_ws/install/teleop_tools_msgs/share/teleop_tools_msgs/hook/cmake_prefix_path.dsv'
[32.378s] INFO:colcon.colcon_core.shell:Creating environment hook '/home/jetson/slash_ws/install/teleop_tools_msgs/share/teleop_tools_msgs/hook/cmake_prefix_path.sh'
[32.379s] Level 1:colcon.colcon_core.environment:checking '/home/jetson/slash_ws/install/teleop_tools_msgs/lib'
[32.380s] Level 1:colcon.colcon_core.shell:create_environment_hook('teleop_tools_msgs', 'ld_library_path_lib')
[32.380s] INFO:colcon.colcon_core.shell:Creating environment hook '/home/jetson/slash_ws/install/teleop_tools_msgs/share/teleop_tools_msgs/hook/ld_library_path_lib.ps1'
[32.381s] INFO:colcon.colcon_core.shell:Creating environment descriptor '/home/jetson/slash_ws/install/teleop_tools_msgs/share/teleop_tools_msgs/hook/ld_library_path_lib.dsv'
[32.389s] INFO:colcon.colcon_core.shell:Creating environment hook '/home/jetson/slash_ws/install/teleop_tools_msgs/share/teleop_tools_msgs/hook/ld_library_path_lib.sh'
[32.392s] Level 1:colcon.colcon_core.environment:checking '/home/jetson/slash_ws/install/teleop_tools_msgs/bin'
[32.392s] Level 1:colcon.colcon_core.environment:checking '/home/jetson/slash_ws/install/teleop_tools_msgs/lib/pkgconfig/teleop_tools_msgs.pc'
[32.392s] Level 1:colcon.colcon_core.environment:checking '/home/jetson/slash_ws/install/teleop_tools_msgs/lib/python3.8/site-packages'
[32.393s] Level 1:colcon.colcon_core.shell:create_environment_hook('teleop_tools_msgs', 'pythonpath')
[32.393s] INFO:colcon.colcon_core.shell:Creating environment hook '/home/jetson/slash_ws/install/teleop_tools_msgs/share/teleop_tools_msgs/hook/pythonpath.ps1'
[32.400s] INFO:colcon.colcon_core.shell:Creating environment descriptor '/home/jetson/slash_ws/install/teleop_tools_msgs/share/teleop_tools_msgs/hook/pythonpath.dsv'
[32.402s] INFO:colcon.colcon_core.shell:Creating environment hook '/home/jetson/slash_ws/install/teleop_tools_msgs/share/teleop_tools_msgs/hook/pythonpath.sh'
[32.407s] Level 1:colcon.colcon_core.environment:checking '/home/jetson/slash_ws/install/teleop_tools_msgs/bin'
[32.408s] INFO:colcon.colcon_core.shell:Creating package script '/home/jetson/slash_ws/install/teleop_tools_msgs/share/teleop_tools_msgs/package.ps1'
[32.417s] INFO:colcon.colcon_core.shell:Creating package descriptor '/home/jetson/slash_ws/install/teleop_tools_msgs/share/teleop_tools_msgs/package.dsv'
[32.425s] INFO:colcon.colcon_core.shell:Creating package script '/home/jetson/slash_ws/install/teleop_tools_msgs/share/teleop_tools_msgs/package.sh'
[32.428s] INFO:colcon.colcon_core.shell:Creating package script '/home/jetson/slash_ws/install/teleop_tools_msgs/share/teleop_tools_msgs/package.bash'
[32.443s] INFO:colcon.colcon_core.shell:Creating package script '/home/jetson/slash_ws/install/teleop_tools_msgs/share/teleop_tools_msgs/package.zsh'
[32.446s] Level 1:colcon.colcon_core.environment:create_file_with_runtime_dependencies(/home/jetson/slash_ws/install/teleop_tools_msgs/share/colcon-core/packages/teleop_tools_msgs)
[32.449s] INFO:colcon.colcon_ros.task.ament_python.build:Building ROS package in '/home/jetson/slash_ws/src/slash_hardware/f1tenth_system/teleop_tools/joy_teleop' with build type 'ament_python'
[32.450s] Level 1:colcon.colcon_core.shell:create_environment_hook('joy_teleop', 'ament_prefix_path')
[32.451s] INFO:colcon.colcon_core.shell:Creating environment hook '/home/jetson/slash_ws/install/joy_teleop/share/joy_teleop/hook/ament_prefix_path.ps1'
[32.454s] INFO:colcon.colcon_core.shell:Creating environment descriptor '/home/jetson/slash_ws/install/joy_teleop/share/joy_teleop/hook/ament_prefix_path.dsv'
[32.455s] INFO:colcon.colcon_core.shell:Creating environment hook '/home/jetson/slash_ws/install/joy_teleop/share/joy_teleop/hook/ament_prefix_path.sh'
[32.458s] INFO:colcon.colcon_core.shell:Skip shell extension 'powershell' for command environment: Not usable outside of PowerShell
[32.458s] DEBUG:colcon.colcon_core.shell:Skip shell extension 'dsv' for command environment
[33.564s] INFO:colcon.colcon_core.task.python.build:Building Python package in '/home/jetson/slash_ws/src/slash_hardware/f1tenth_system/teleop_tools/joy_teleop'
[33.565s] INFO:colcon.colcon_core.shell:Skip shell extension 'powershell' for command environment: Not usable outside of PowerShell
[33.565s] DEBUG:colcon.colcon_core.shell:Skip shell extension 'dsv' for command environment
[33.593s] Level 1:colcon.colcon_core.environment:create_environment_scripts_only(costmap_converter_msgs)
[33.594s] Level 1:colcon.colcon_core.environment:checking '/home/jetson/slash_ws/install/costmap_converter_msgs' for CMake module files
[33.603s] Level 1:colcon.colcon_core.environment:checking '/home/jetson/slash_ws/install/costmap_converter_msgs' for CMake config files
[33.605s] Level 1:colcon.colcon_core.shell:create_environment_hook('costmap_converter_msgs', 'cmake_prefix_path')
[33.606s] INFO:colcon.colcon_core.shell:Creating environment hook '/home/jetson/slash_ws/install/costmap_converter_msgs/share/costmap_converter_msgs/hook/cmake_prefix_path.ps1'
[33.608s] INFO:colcon.colcon_core.shell:Creating environment descriptor '/home/jetson/slash_ws/install/costmap_converter_msgs/share/costmap_converter_msgs/hook/cmake_prefix_path.dsv'
[33.611s] INFO:colcon.colcon_core.shell:Creating environment hook '/home/jetson/slash_ws/install/costmap_converter_msgs/share/costmap_converter_msgs/hook/cmake_prefix_path.sh'
[33.622s] Level 1:colcon.colcon_core.environment:checking '/home/jetson/slash_ws/install/costmap_converter_msgs/lib'
[33.622s] Level 1:colcon.colcon_core.shell:create_environment_hook('costmap_converter_msgs', 'ld_library_path_lib')
[33.623s] INFO:colcon.colcon_core.shell:Creating environment hook '/home/jetson/slash_ws/install/costmap_converter_msgs/share/costmap_converter_msgs/hook/ld_library_path_lib.ps1'
[33.650s] INFO:colcon.colcon_core.shell:Creating environment descriptor '/home/jetson/slash_ws/install/costmap_converter_msgs/share/costmap_converter_msgs/hook/ld_library_path_lib.dsv'
[33.652s] INFO:colcon.colcon_core.shell:Creating environment hook '/home/jetson/slash_ws/install/costmap_converter_msgs/share/costmap_converter_msgs/hook/ld_library_path_lib.sh'
[33.653s] Level 1:colcon.colcon_core.environment:checking '/home/jetson/slash_ws/install/costmap_converter_msgs/bin'
[33.653s] Level 1:colcon.colcon_core.environment:checking '/home/jetson/slash_ws/install/costmap_converter_msgs/lib/pkgconfig/costmap_converter_msgs.pc'
[33.654s] Level 1:colcon.colcon_core.environment:checking '/home/jetson/slash_ws/install/costmap_converter_msgs/lib/python3.8/site-packages'
[33.654s] Level 1:colcon.colcon_core.shell:create_environment_hook('costmap_converter_msgs', 'pythonpath')
[33.655s] INFO:colcon.colcon_core.shell:Creating environment hook '/home/jetson/slash_ws/install/costmap_converter_msgs/share/costmap_converter_msgs/hook/pythonpath.ps1'
[33.660s] INFO:colcon.colcon_core.shell:Creating environment descriptor '/home/jetson/slash_ws/install/costmap_converter_msgs/share/costmap_converter_msgs/hook/pythonpath.dsv'
[33.661s] INFO:colcon.colcon_core.shell:Creating environment hook '/home/jetson/slash_ws/install/costmap_converter_msgs/share/costmap_converter_msgs/hook/pythonpath.sh'
[33.671s] Level 1:colcon.colcon_core.environment:checking '/home/jetson/slash_ws/install/costmap_converter_msgs/bin'
[33.672s] INFO:colcon.colcon_core.shell:Creating package script '/home/jetson/slash_ws/install/costmap_converter_msgs/share/costmap_converter_msgs/package.ps1'
[33.675s] INFO:colcon.colcon_core.shell:Creating package descriptor '/home/jetson/slash_ws/install/costmap_converter_msgs/share/costmap_converter_msgs/package.dsv'
[33.680s] INFO:colcon.colcon_core.shell:Creating package script '/home/jetson/slash_ws/install/costmap_converter_msgs/share/costmap_converter_msgs/package.sh'
[33.684s] INFO:colcon.colcon_core.shell:Creating package script '/home/jetson/slash_ws/install/costmap_converter_msgs/share/costmap_converter_msgs/package.bash'
[33.685s] INFO:colcon.colcon_core.shell:Creating package script '/home/jetson/slash_ws/install/costmap_converter_msgs/share/costmap_converter_msgs/package.zsh'
[33.686s] Level 1:colcon.colcon_core.environment:create_file_with_runtime_dependencies(/home/jetson/slash_ws/install/costmap_converter_msgs/share/colcon-core/packages/costmap_converter_msgs)
[33.704s] INFO:colcon.colcon_ros.task.ament_cmake.build:Building ROS package in '/home/jetson/slash_ws/src/slash_navigation/costmap_converter/costmap_converter' with build type 'ament_cmake'
[33.705s] INFO:colcon.colcon_cmake.task.cmake.build:Building CMake package in '/home/jetson/slash_ws/src/slash_navigation/costmap_converter/costmap_converter'
[33.706s] INFO:colcon.colcon_core.shell:Skip shell extension 'powershell' for command environment: Not usable outside of PowerShell
[33.706s] DEBUG:colcon.colcon_core.shell:Skip shell extension 'dsv' for command environment
[33.772s] Level 1:colcon.colcon_core.shell:create_environment_hook('twist_to_ackermann', 'pythonpath_develop')
[33.773s] INFO:colcon.colcon_core.shell:Creating environment hook '/home/jetson/slash_ws/build/twist_to_ackermann/share/twist_to_ackermann/hook/pythonpath_develop.ps1'
[33.774s] DEBUG:colcon.colcon_core.event_handler.log_command:Invoked command in '/home/jetson/slash_ws/build/twist_to_ackermann' returned '0': PYTHONPATH=/home/jetson/slash_ws/build/twist_to_ackermann/prefix_override:/usr/lib/python3/dist-packages/colcon_core/task/python/colcon_distutils_commands:/home/jetson/slash_ws/install/twist_to_ackermann/lib/python3.8/site-packages:${PYTHONPATH} /usr/bin/python3 -W ignore:setup.py install is deprecated setup.py develop --editable --build-directory /home/jetson/slash_ws/build/twist_to_ackermann/build --no-deps symlink_data
[33.776s] INFO:colcon.colcon_core.shell:Creating environment descriptor '/home/jetson/slash_ws/build/twist_to_ackermann/share/twist_to_ackermann/hook/pythonpath_develop.dsv'
[33.779s] INFO:colcon.colcon_core.shell:Creating environment hook '/home/jetson/slash_ws/build/twist_to_ackermann/share/twist_to_ackermann/hook/pythonpath_develop.sh'
[33.780s] Level 1:colcon.colcon_core.environment:checking '/home/jetson/slash_ws/install/twist_to_ackermann' for CMake module files
[33.782s] Level 1:colcon.colcon_core.environment:checking '/home/jetson/slash_ws/install/twist_to_ackermann' for CMake config files
[33.784s] Level 1:colcon.colcon_core.environment:checking '/home/jetson/slash_ws/install/twist_to_ackermann/lib'
[33.784s] Level 1:colcon.colcon_core.environment:checking '/home/jetson/slash_ws/install/twist_to_ackermann/bin'
[33.785s] Level 1:colcon.colcon_core.environment:checking '/home/jetson/slash_ws/install/twist_to_ackermann/lib/pkgconfig/twist_to_ackermann.pc'
[33.785s] Level 1:colcon.colcon_core.environment:checking '/home/jetson/slash_ws/install/twist_to_ackermann/lib/python3.8/site-packages'
[33.785s] Level 1:colcon.colcon_core.shell:create_environment_hook('twist_to_ackermann', 'pythonpath')
[33.786s] INFO:colcon.colcon_core.shell:Creating environment hook '/home/jetson/slash_ws/install/twist_to_ackermann/share/twist_to_ackermann/hook/pythonpath.ps1'
[33.787s] INFO:colcon.colcon_core.shell:Creating environment descriptor '/home/jetson/slash_ws/install/twist_to_ackermann/share/twist_to_ackermann/hook/pythonpath.dsv'
[33.788s] INFO:colcon.colcon_core.shell:Creating environment hook '/home/jetson/slash_ws/install/twist_to_ackermann/share/twist_to_ackermann/hook/pythonpath.sh'
[33.789s] Level 1:colcon.colcon_core.environment:checking '/home/jetson/slash_ws/install/twist_to_ackermann/bin'
[33.789s] Level 1:colcon.colcon_core.environment:create_environment_scripts_only(twist_to_ackermann)
[33.790s] INFO:colcon.colcon_core.shell:Creating package script '/home/jetson/slash_ws/install/twist_to_ackermann/share/twist_to_ackermann/package.ps1'
[33.791s] INFO:colcon.colcon_core.shell:Creating package descriptor '/home/jetson/slash_ws/install/twist_to_ackermann/share/twist_to_ackermann/package.dsv'
[33.793s] INFO:colcon.colcon_core.shell:Creating package script '/home/jetson/slash_ws/install/twist_to_ackermann/share/twist_to_ackermann/package.sh'
[33.794s] INFO:colcon.colcon_core.shell:Creating package script '/home/jetson/slash_ws/install/twist_to_ackermann/share/twist_to_ackermann/package.bash'
[33.805s] INFO:colcon.colcon_core.shell:Creating package script '/home/jetson/slash_ws/install/twist_to_ackermann/share/twist_to_ackermann/package.zsh'
[33.807s] Level 1:colcon.colcon_core.environment:create_file_with_runtime_dependencies(/home/jetson/slash_ws/install/twist_to_ackermann/share/colcon-core/packages/twist_to_ackermann)
[33.820s] INFO:colcon.colcon_ros.task.ament_cmake.build:Building ROS package in '/home/jetson/slash_ws/src/slash_navigation/teb_local_planner/teb_msgs' with build type 'ament_cmake'
[33.821s] INFO:colcon.colcon_cmake.task.cmake.build:Building CMake package in '/home/jetson/slash_ws/src/slash_navigation/teb_local_planner/teb_msgs'
[33.821s] INFO:colcon.colcon_core.shell:Skip shell extension 'powershell' for command environment: Not usable outside of PowerShell
[33.822s] DEBUG:colcon.colcon_core.shell:Skip shell extension 'dsv' for command environment
[33.998s] DEBUG:colcon.colcon_core.event_handler.log_command:Invoking command in '/home/jetson/slash_ws/build/costmap_converter': AMENT_PREFIX_PATH=/home/jetson/slash_ws/install/costmap_converter_msgs:${AMENT_PREFIX_PATH} CMAKE_PREFIX_PATH=/home/jetson/slash_ws/install/costmap_converter_msgs:/opt/ros/foxy LD_LIBRARY_PATH=/home/jetson/slash_ws/install/costmap_converter_msgs/lib:/usr/lib/aarch64-linux-gnu/gazebo-11/plugins:/opt/ros/foxy/opt/yaml_cpp_vendor/lib:/opt/ros/foxy/opt/rviz_ogre_vendor/lib:/opt/ros/foxy/lib/aarch64-linux-gnu:/opt/ros/foxy/lib:/usr/local/cuda-11.4/lib64 PYTHONPATH=/home/jetson/slash_ws/install/costmap_converter_msgs/lib/python3.8/site-packages:${PYTHONPATH} /usr/bin/cmake /home/jetson/slash_ws/src/slash_navigation/costmap_converter/costmap_converter -DAMENT_CMAKE_SYMLINK_INSTALL=1 -DCMAKE_INSTALL_PREFIX=/home/jetson/slash_ws/install/costmap_converter
[34.041s] DEBUG:colcon.colcon_core.event_handler.log_command:Invoking command in '/home/jetson/slash_ws/build/teb_msgs': AMENT_PREFIX_PATH=/home/jetson/slash_ws/install/costmap_converter_msgs:${AMENT_PREFIX_PATH} CMAKE_PREFIX_PATH=/home/jetson/slash_ws/install/costmap_converter_msgs:/opt/ros/foxy LD_LIBRARY_PATH=/home/jetson/slash_ws/install/costmap_converter_msgs/lib:/usr/lib/aarch64-linux-gnu/gazebo-11/plugins:/opt/ros/foxy/opt/yaml_cpp_vendor/lib:/opt/ros/foxy/opt/rviz_ogre_vendor/lib:/opt/ros/foxy/lib/aarch64-linux-gnu:/opt/ros/foxy/lib:/usr/local/cuda-11.4/lib64 PYTHONPATH=/home/jetson/slash_ws/install/costmap_converter_msgs/lib/python3.8/site-packages:${PYTHONPATH} /usr/bin/cmake /home/jetson/slash_ws/src/slash_navigation/teb_local_planner/teb_msgs -DAMENT_CMAKE_SYMLINK_INSTALL=1 -DCMAKE_INSTALL_PREFIX=/home/jetson/slash_ws/install/teb_msgs
[35.437s] DEBUG:colcon.colcon_core.event_handler.log_command:Invoking command in '/home/jetson/slash_ws/build/joy_teleop': AMENT_PREFIX_PATH=/home/jetson/slash_ws/install/teleop_tools_msgs:${AMENT_PREFIX_PATH} CMAKE_PREFIX_PATH=/home/jetson/slash_ws/install/teleop_tools_msgs LD_LIBRARY_PATH=/home/jetson/slash_ws/install/teleop_tools_msgs/lib:/usr/lib/aarch64-linux-gnu/gazebo-11/plugins:/opt/ros/foxy/opt/yaml_cpp_vendor/lib:/opt/ros/foxy/opt/rviz_ogre_vendor/lib:/opt/ros/foxy/lib/aarch64-linux-gnu:/opt/ros/foxy/lib:/usr/local/cuda-11.4/lib64 PYTHONPATH=/home/jetson/slash_ws/build/joy_teleop/prefix_override:/usr/lib/python3/dist-packages/colcon_core/task/python/colcon_distutils_commands:/home/jetson/slash_ws/install/joy_teleop/lib/python3.8/site-packages:/home/jetson/slash_ws/install/teleop_tools_msgs/lib/python3.8/site-packages:${PYTHONPATH} /usr/bin/python3 -W ignore:setup.py install is deprecated setup.py develop --editable --build-directory /home/jetson/slash_ws/build/joy_teleop/build --no-deps symlink_data
[36.087s] Level 1:colcon.colcon_core.environment:create_environment_scripts_only(vesc_msgs)
[36.089s] Level 1:colcon.colcon_core.environment:checking '/home/jetson/slash_ws/install/vesc_msgs' for CMake module files
[36.092s] DEBUG:colcon.colcon_core.event_handler.log_command:Invoked command in '/home/jetson/slash_ws/build/vesc_msgs' returned '0': CMAKE_PREFIX_PATH=/opt/ros/foxy /usr/bin/cmake --install /home/jetson/slash_ws/build/vesc_msgs
[36.093s] Level 1:colcon.colcon_core.environment:checking '/home/jetson/slash_ws/install/vesc_msgs' for CMake config files
[36.094s] Level 1:colcon.colcon_core.shell:create_environment_hook('vesc_msgs', 'cmake_prefix_path')
[36.095s] INFO:colcon.colcon_core.shell:Creating environment hook '/home/jetson/slash_ws/install/vesc_msgs/share/vesc_msgs/hook/cmake_prefix_path.ps1'
[36.097s] INFO:colcon.colcon_core.shell:Creating environment descriptor '/home/jetson/slash_ws/install/vesc_msgs/share/vesc_msgs/hook/cmake_prefix_path.dsv'
[36.098s] INFO:colcon.colcon_core.shell:Creating environment hook '/home/jetson/slash_ws/install/vesc_msgs/share/vesc_msgs/hook/cmake_prefix_path.sh'
[36.100s] Level 1:colcon.colcon_core.environment:checking '/home/jetson/slash_ws/install/vesc_msgs/lib'
[36.100s] Level 1:colcon.colcon_core.shell:create_environment_hook('vesc_msgs', 'ld_library_path_lib')
[36.100s] INFO:colcon.colcon_core.shell:Creating environment hook '/home/jetson/slash_ws/install/vesc_msgs/share/vesc_msgs/hook/ld_library_path_lib.ps1'
[36.101s] INFO:colcon.colcon_core.shell:Creating environment descriptor '/home/jetson/slash_ws/install/vesc_msgs/share/vesc_msgs/hook/ld_library_path_lib.dsv'
[36.102s] INFO:colcon.colcon_core.shell:Creating environment hook '/home/jetson/slash_ws/install/vesc_msgs/share/vesc_msgs/hook/ld_library_path_lib.sh'
[36.106s] Level 1:colcon.colcon_core.environment:checking '/home/jetson/slash_ws/install/vesc_msgs/bin'
[36.106s] Level 1:colcon.colcon_core.environment:checking '/home/jetson/slash_ws/install/vesc_msgs/lib/pkgconfig/vesc_msgs.pc'
[36.106s] Level 1:colcon.colcon_core.environment:checking '/home/jetson/slash_ws/install/vesc_msgs/lib/python3.8/site-packages'
[36.109s] Level 1:colcon.colcon_core.shell:create_environment_hook('vesc_msgs', 'pythonpath')
[36.110s] INFO:colcon.colcon_core.shell:Creating environment hook '/home/jetson/slash_ws/install/vesc_msgs/share/vesc_msgs/hook/pythonpath.ps1'
[36.111s] INFO:colcon.colcon_core.shell:Creating environment descriptor '/home/jetson/slash_ws/install/vesc_msgs/share/vesc_msgs/hook/pythonpath.dsv'
[36.112s] INFO:colcon.colcon_core.shell:Creating environment hook '/home/jetson/slash_ws/install/vesc_msgs/share/vesc_msgs/hook/pythonpath.sh'
[36.115s] Level 1:colcon.colcon_core.environment:checking '/home/jetson/slash_ws/install/vesc_msgs/bin'
[36.120s] INFO:colcon.colcon_core.shell:Creating package script '/home/jetson/slash_ws/install/vesc_msgs/share/vesc_msgs/package.ps1'
[36.125s] INFO:colcon.colcon_core.shell:Creating package descriptor '/home/jetson/slash_ws/install/vesc_msgs/share/vesc_msgs/package.dsv'
[36.127s] INFO:colcon.colcon_core.shell:Creating package script '/home/jetson/slash_ws/install/vesc_msgs/share/vesc_msgs/package.sh'
[36.128s] INFO:colcon.colcon_core.shell:Creating package script '/home/jetson/slash_ws/install/vesc_msgs/share/vesc_msgs/package.bash'
[36.131s] INFO:colcon.colcon_core.shell:Creating package script '/home/jetson/slash_ws/install/vesc_msgs/share/vesc_msgs/package.zsh'
[36.134s] Level 1:colcon.colcon_core.environment:create_file_with_runtime_dependencies(/home/jetson/slash_ws/install/vesc_msgs/share/colcon-core/packages/vesc_msgs)
[37.612s] Level 1:colcon.colcon_core.environment:create_environment_scripts_only(vesc_msgs)
[37.612s] Level 1:colcon.colcon_core.environment:checking '/home/jetson/slash_ws/install/vesc_msgs' for CMake module files
[37.614s] Level 1:colcon.colcon_core.environment:checking '/home/jetson/slash_ws/install/vesc_msgs' for CMake config files
[37.616s] Level 1:colcon.colcon_core.shell:create_environment_hook('vesc_msgs', 'cmake_prefix_path')
[37.616s] INFO:colcon.colcon_core.shell:Creating environment hook '/home/jetson/slash_ws/install/vesc_msgs/share/vesc_msgs/hook/cmake_prefix_path.ps1'
[37.618s] INFO:colcon.colcon_core.shell:Creating environment descriptor '/home/jetson/slash_ws/install/vesc_msgs/share/vesc_msgs/hook/cmake_prefix_path.dsv'
[37.620s] INFO:colcon.colcon_core.shell:Creating environment hook '/home/jetson/slash_ws/install/vesc_msgs/share/vesc_msgs/hook/cmake_prefix_path.sh'
[37.622s] Level 1:colcon.colcon_core.environment:checking '/home/jetson/slash_ws/install/vesc_msgs/lib'
[37.622s] Level 1:colcon.colcon_core.shell:create_environment_hook('vesc_msgs', 'ld_library_path_lib')
[37.623s] INFO:colcon.colcon_core.shell:Creating environment hook '/home/jetson/slash_ws/install/vesc_msgs/share/vesc_msgs/hook/ld_library_path_lib.ps1'
[37.625s] INFO:colcon.colcon_core.shell:Creating environment descriptor '/home/jetson/slash_ws/install/vesc_msgs/share/vesc_msgs/hook/ld_library_path_lib.dsv'
[37.629s] INFO:colcon.colcon_core.shell:Creating environment hook '/home/jetson/slash_ws/install/vesc_msgs/share/vesc_msgs/hook/ld_library_path_lib.sh'
[37.644s] Level 1:colcon.colcon_core.environment:checking '/home/jetson/slash_ws/install/vesc_msgs/bin'
[37.644s] Level 1:colcon.colcon_core.environment:checking '/home/jetson/slash_ws/install/vesc_msgs/lib/pkgconfig/vesc_msgs.pc'
[37.645s] Level 1:colcon.colcon_core.environment:checking '/home/jetson/slash_ws/install/vesc_msgs/lib/python3.8/site-packages'
[37.645s] Level 1:colcon.colcon_core.shell:create_environment_hook('vesc_msgs', 'pythonpath')
[37.646s] INFO:colcon.colcon_core.shell:Creating environment hook '/home/jetson/slash_ws/install/vesc_msgs/share/vesc_msgs/hook/pythonpath.ps1'
[37.652s] INFO:colcon.colcon_core.shell:Creating environment descriptor '/home/jetson/slash_ws/install/vesc_msgs/share/vesc_msgs/hook/pythonpath.dsv'
[37.654s] INFO:colcon.colcon_core.shell:Creating environment hook '/home/jetson/slash_ws/install/vesc_msgs/share/vesc_msgs/hook/pythonpath.sh'
[37.656s] Level 1:colcon.colcon_core.environment:checking '/home/jetson/slash_ws/install/vesc_msgs/bin'
[37.657s] INFO:colcon.colcon_core.shell:Creating package script '/home/jetson/slash_ws/install/vesc_msgs/share/vesc_msgs/package.ps1'
[37.658s] INFO:colcon.colcon_core.shell:Creating package descriptor '/home/jetson/slash_ws/install/vesc_msgs/share/vesc_msgs/package.dsv'
[37.670s] INFO:colcon.colcon_core.shell:Creating package script '/home/jetson/slash_ws/install/vesc_msgs/share/vesc_msgs/package.sh'
[37.672s] INFO:colcon.colcon_core.shell:Creating package script '/home/jetson/slash_ws/install/vesc_msgs/share/vesc_msgs/package.bash'
[37.675s] INFO:colcon.colcon_core.shell:Creating package script '/home/jetson/slash_ws/install/vesc_msgs/share/vesc_msgs/package.zsh'
[37.683s] Level 1:colcon.colcon_core.environment:create_file_with_runtime_dependencies(/home/jetson/slash_ws/install/vesc_msgs/share/colcon-core/packages/vesc_msgs)
[37.686s] INFO:colcon.colcon_ros.task.ament_cmake.build:Building ROS package in '/home/jetson/slash_ws/src/slash_hardware/f1tenth_system/vesc/vesc_ackermann' with build type 'ament_cmake'
[37.686s] INFO:colcon.colcon_cmake.task.cmake.build:Building CMake package in '/home/jetson/slash_ws/src/slash_hardware/f1tenth_system/vesc/vesc_ackermann'
[37.687s] INFO:colcon.colcon_core.shell:Skip shell extension 'powershell' for command environment: Not usable outside of PowerShell
[37.687s] DEBUG:colcon.colcon_core.shell:Skip shell extension 'dsv' for command environment
[37.821s] DEBUG:colcon.colcon_core.event_handler.log_command:Invoking command in '/home/jetson/slash_ws/build/vesc_ackermann': AMENT_PREFIX_PATH=/home/jetson/slash_ws/install/vesc_msgs:${AMENT_PREFIX_PATH} CMAKE_PREFIX_PATH=/home/jetson/slash_ws/install/vesc_msgs:/opt/ros/foxy LD_LIBRARY_PATH=/home/jetson/slash_ws/install/vesc_msgs/lib:/usr/lib/aarch64-linux-gnu/gazebo-11/plugins:/opt/ros/foxy/opt/yaml_cpp_vendor/lib:/opt/ros/foxy/opt/rviz_ogre_vendor/lib:/opt/ros/foxy/lib/aarch64-linux-gnu:/opt/ros/foxy/lib:/usr/local/cuda-11.4/lib64 PYTHONPATH=/home/jetson/slash_ws/install/vesc_msgs/lib/python3.8/site-packages:${PYTHONPATH} /usr/bin/cmake /home/jetson/slash_ws/src/slash_hardware/f1tenth_system/vesc/vesc_ackermann -DAMENT_CMAKE_SYMLINK_INSTALL=1 -DCMAKE_INSTALL_PREFIX=/home/jetson/slash_ws/install/vesc_ackermann
[42.667s] DEBUG:colcon.colcon_core.event_handler.log_command:Invoked command in '/home/jetson/slash_ws/build/teb_msgs' returned '0': AMENT_PREFIX_PATH=/home/jetson/slash_ws/install/costmap_converter_msgs:${AMENT_PREFIX_PATH} CMAKE_PREFIX_PATH=/home/jetson/slash_ws/install/costmap_converter_msgs:/opt/ros/foxy LD_LIBRARY_PATH=/home/jetson/slash_ws/install/costmap_converter_msgs/lib:/usr/lib/aarch64-linux-gnu/gazebo-11/plugins:/opt/ros/foxy/opt/yaml_cpp_vendor/lib:/opt/ros/foxy/opt/rviz_ogre_vendor/lib:/opt/ros/foxy/lib/aarch64-linux-gnu:/opt/ros/foxy/lib:/usr/local/cuda-11.4/lib64 PYTHONPATH=/home/jetson/slash_ws/install/costmap_converter_msgs/lib/python3.8/site-packages:${PYTHONPATH} /usr/bin/cmake /home/jetson/slash_ws/src/slash_navigation/teb_local_planner/teb_msgs -DAMENT_CMAKE_SYMLINK_INSTALL=1 -DCMAKE_INSTALL_PREFIX=/home/jetson/slash_ws/install/teb_msgs
[42.668s] DEBUG:colcon.colcon_core.event_handler.log_command:Invoking command in '/home/jetson/slash_ws/build/teb_msgs': AMENT_PREFIX_PATH=/home/jetson/slash_ws/install/costmap_converter_msgs:${AMENT_PREFIX_PATH} CMAKE_PREFIX_PATH=/home/jetson/slash_ws/install/costmap_converter_msgs:/opt/ros/foxy LD_LIBRARY_PATH=/home/jetson/slash_ws/install/costmap_converter_msgs/lib:/usr/lib/aarch64-linux-gnu/gazebo-11/plugins:/opt/ros/foxy/opt/yaml_cpp_vendor/lib:/opt/ros/foxy/opt/rviz_ogre_vendor/lib:/opt/ros/foxy/lib/aarch64-linux-gnu:/opt/ros/foxy/lib:/usr/local/cuda-11.4/lib64 PYTHONPATH=/home/jetson/slash_ws/install/costmap_converter_msgs/lib/python3.8/site-packages:${PYTHONPATH} /usr/bin/cmake --build /home/jetson/slash_ws/build/teb_msgs -- -j8 -l8
[42.696s] Level 1:colcon.colcon_core.shell:create_environment_hook('joy_teleop', 'pythonpath_develop')
[42.698s] INFO:colcon.colcon_core.shell:Creating environment hook '/home/jetson/slash_ws/build/joy_teleop/share/joy_teleop/hook/pythonpath_develop.ps1'
[42.700s] INFO:colcon.colcon_core.shell:Creating environment descriptor '/home/jetson/slash_ws/build/joy_teleop/share/joy_teleop/hook/pythonpath_develop.dsv'
[42.701s] INFO:colcon.colcon_core.shell:Creating environment hook '/home/jetson/slash_ws/build/joy_teleop/share/joy_teleop/hook/pythonpath_develop.sh'
[42.697s] DEBUG:colcon.colcon_core.event_handler.log_command:Invoked command in '/home/jetson/slash_ws/build/joy_teleop' returned '0': AMENT_PREFIX_PATH=/home/jetson/slash_ws/install/teleop_tools_msgs:${AMENT_PREFIX_PATH} CMAKE_PREFIX_PATH=/home/jetson/slash_ws/install/teleop_tools_msgs LD_LIBRARY_PATH=/home/jetson/slash_ws/install/teleop_tools_msgs/lib:/usr/lib/aarch64-linux-gnu/gazebo-11/plugins:/opt/ros/foxy/opt/yaml_cpp_vendor/lib:/opt/ros/foxy/opt/rviz_ogre_vendor/lib:/opt/ros/foxy/lib/aarch64-linux-gnu:/opt/ros/foxy/lib:/usr/local/cuda-11.4/lib64 PYTHONPATH=/home/jetson/slash_ws/build/joy_teleop/prefix_override:/usr/lib/python3/dist-packages/colcon_core/task/python/colcon_distutils_commands:/home/jetson/slash_ws/install/joy_teleop/lib/python3.8/site-packages:/home/jetson/slash_ws/install/teleop_tools_msgs/lib/python3.8/site-packages:${PYTHONPATH} /usr/bin/python3 -W ignore:setup.py install is deprecated setup.py develop --editable --build-directory /home/jetson/slash_ws/build/joy_teleop/build --no-deps symlink_data
[42.703s] Level 1:colcon.colcon_core.environment:checking '/home/jetson/slash_ws/install/joy_teleop' for CMake module files
[42.705s] Level 1:colcon.colcon_core.environment:checking '/home/jetson/slash_ws/install/joy_teleop' for CMake config files
[42.706s] Level 1:colcon.colcon_core.environment:checking '/home/jetson/slash_ws/install/joy_teleop/lib'
[42.706s] Level 1:colcon.colcon_core.environment:checking '/home/jetson/slash_ws/install/joy_teleop/bin'
[42.706s] Level 1:colcon.colcon_core.environment:checking '/home/jetson/slash_ws/install/joy_teleop/lib/pkgconfig/joy_teleop.pc'
[42.707s] Level 1:colcon.colcon_core.environment:checking '/home/jetson/slash_ws/install/joy_teleop/lib/python3.8/site-packages'
[42.707s] Level 1:colcon.colcon_core.shell:create_environment_hook('joy_teleop', 'pythonpath')
[42.707s] INFO:colcon.colcon_core.shell:Creating environment hook '/home/jetson/slash_ws/install/joy_teleop/share/joy_teleop/hook/pythonpath.ps1'
[42.709s] INFO:colcon.colcon_core.shell:Creating environment descriptor '/home/jetson/slash_ws/install/joy_teleop/share/joy_teleop/hook/pythonpath.dsv'
[42.710s] INFO:colcon.colcon_core.shell:Creating environment hook '/home/jetson/slash_ws/install/joy_teleop/share/joy_teleop/hook/pythonpath.sh'
[42.711s] Level 1:colcon.colcon_core.environment:checking '/home/jetson/slash_ws/install/joy_teleop/bin'
[42.711s] Level 1:colcon.colcon_core.environment:create_environment_scripts_only(joy_teleop)
[42.714s] INFO:colcon.colcon_core.shell:Creating package script '/home/jetson/slash_ws/install/joy_teleop/share/joy_teleop/package.ps1'
[42.716s] INFO:colcon.colcon_core.shell:Creating package descriptor '/home/jetson/slash_ws/install/joy_teleop/share/joy_teleop/package.dsv'
[42.728s] INFO:colcon.colcon_core.shell:Creating package script '/home/jetson/slash_ws/install/joy_teleop/share/joy_teleop/package.sh'
[42.730s] INFO:colcon.colcon_core.shell:Creating package script '/home/jetson/slash_ws/install/joy_teleop/share/joy_teleop/package.bash'
[42.731s] INFO:colcon.colcon_core.shell:Creating package script '/home/jetson/slash_ws/install/joy_teleop/share/joy_teleop/package.zsh'
[42.732s] Level 1:colcon.colcon_core.environment:create_file_with_runtime_dependencies(/home/jetson/slash_ws/install/joy_teleop/share/colcon-core/packages/joy_teleop)
[42.735s] INFO:colcon.colcon_ros.task.ament_cmake.build:Building ROS package in '/home/jetson/slash_ws/src/slash_hardware/f1tenth_system/vesc/vesc_driver' with build type 'ament_cmake'
[42.736s] INFO:colcon.colcon_cmake.task.cmake.build:Building CMake package in '/home/jetson/slash_ws/src/slash_hardware/f1tenth_system/vesc/vesc_driver'
[42.737s] INFO:colcon.colcon_core.shell:Skip shell extension 'powershell' for command environment: Not usable outside of PowerShell
[42.737s] DEBUG:colcon.colcon_core.shell:Skip shell extension 'dsv' for command environment
[42.870s] DEBUG:colcon.colcon_core.event_handler.log_command:Invoking command in '/home/jetson/slash_ws/build/vesc_driver': AMENT_PREFIX_PATH=/home/jetson/slash_ws/install/vesc_msgs:${AMENT_PREFIX_PATH} CMAKE_PREFIX_PATH=/home/jetson/slash_ws/install/vesc_msgs:/opt/ros/foxy LD_LIBRARY_PATH=/home/jetson/slash_ws/install/vesc_msgs/lib:/usr/lib/aarch64-linux-gnu/gazebo-11/plugins:/opt/ros/foxy/opt/yaml_cpp_vendor/lib:/opt/ros/foxy/opt/rviz_ogre_vendor/lib:/opt/ros/foxy/lib/aarch64-linux-gnu:/opt/ros/foxy/lib:/usr/local/cuda-11.4/lib64 PYTHONPATH=/home/jetson/slash_ws/install/vesc_msgs/lib/python3.8/site-packages:${PYTHONPATH} /usr/bin/cmake /home/jetson/slash_ws/src/slash_hardware/f1tenth_system/vesc/vesc_driver -DAMENT_CMAKE_SYMLINK_INSTALL=1 -DCMAKE_INSTALL_PREFIX=/home/jetson/slash_ws/install/vesc_driver
[44.711s] DEBUG:colcon.colcon_core.event_handler.log_command:Invoked command in '/home/jetson/slash_ws/build/ackermann_mux' returned '0': CMAKE_PREFIX_PATH=/opt/ros/foxy /usr/bin/cmake --build /home/jetson/slash_ws/build/ackermann_mux -- -j8 -l8
[45.051s] DEBUG:colcon.colcon_core.event_handler.log_command:Invoking command in '/home/jetson/slash_ws/build/ackermann_mux': CMAKE_PREFIX_PATH=/opt/ros/foxy /usr/bin/cmake --install /home/jetson/slash_ws/build/ackermann_mux
[45.829s] DEBUG:colcon.colcon_core.event_handler.log_command:Invoked command in '/home/jetson/slash_ws/build/vesc_ackermann' returned '0': AMENT_PREFIX_PATH=/home/jetson/slash_ws/install/vesc_msgs:${AMENT_PREFIX_PATH} CMAKE_PREFIX_PATH=/home/jetson/slash_ws/install/vesc_msgs:/opt/ros/foxy LD_LIBRARY_PATH=/home/jetson/slash_ws/install/vesc_msgs/lib:/usr/lib/aarch64-linux-gnu/gazebo-11/plugins:/opt/ros/foxy/opt/yaml_cpp_vendor/lib:/opt/ros/foxy/opt/rviz_ogre_vendor/lib:/opt/ros/foxy/lib/aarch64-linux-gnu:/opt/ros/foxy/lib:/usr/local/cuda-11.4/lib64 PYTHONPATH=/home/jetson/slash_ws/install/vesc_msgs/lib/python3.8/site-packages:${PYTHONPATH} /usr/bin/cmake /home/jetson/slash_ws/src/slash_hardware/f1tenth_system/vesc/vesc_ackermann -DAMENT_CMAKE_SYMLINK_INSTALL=1 -DCMAKE_INSTALL_PREFIX=/home/jetson/slash_ws/install/vesc_ackermann
[45.831s] DEBUG:colcon.colcon_core.event_handler.log_command:Invoking command in '/home/jetson/slash_ws/build/vesc_ackermann': AMENT_PREFIX_PATH=/home/jetson/slash_ws/install/vesc_msgs:${AMENT_PREFIX_PATH} CMAKE_PREFIX_PATH=/home/jetson/slash_ws/install/vesc_msgs:/opt/ros/foxy LD_LIBRARY_PATH=/home/jetson/slash_ws/install/vesc_msgs/lib:/usr/lib/aarch64-linux-gnu/gazebo-11/plugins:/opt/ros/foxy/opt/yaml_cpp_vendor/lib:/opt/ros/foxy/opt/rviz_ogre_vendor/lib:/opt/ros/foxy/lib/aarch64-linux-gnu:/opt/ros/foxy/lib:/usr/local/cuda-11.4/lib64 PYTHONPATH=/home/jetson/slash_ws/install/vesc_msgs/lib/python3.8/site-packages:${PYTHONPATH} /usr/bin/cmake --build /home/jetson/slash_ws/build/vesc_ackermann -- -j8 -l8
[49.276s] DEBUG:colcon.colcon_core.event_handler.log_command:Invoked command in '/home/jetson/slash_ws/build/costmap_converter' returned '0': AMENT_PREFIX_PATH=/home/jetson/slash_ws/install/costmap_converter_msgs:${AMENT_PREFIX_PATH} CMAKE_PREFIX_PATH=/home/jetson/slash_ws/install/costmap_converter_msgs:/opt/ros/foxy LD_LIBRARY_PATH=/home/jetson/slash_ws/install/costmap_converter_msgs/lib:/usr/lib/aarch64-linux-gnu/gazebo-11/plugins:/opt/ros/foxy/opt/yaml_cpp_vendor/lib:/opt/ros/foxy/opt/rviz_ogre_vendor/lib:/opt/ros/foxy/lib/aarch64-linux-gnu:/opt/ros/foxy/lib:/usr/local/cuda-11.4/lib64 PYTHONPATH=/home/jetson/slash_ws/install/costmap_converter_msgs/lib/python3.8/site-packages:${PYTHONPATH} /usr/bin/cmake /home/jetson/slash_ws/src/slash_navigation/costmap_converter/costmap_converter -DAMENT_CMAKE_SYMLINK_INSTALL=1 -DCMAKE_INSTALL_PREFIX=/home/jetson/slash_ws/install/costmap_converter
[49.278s] DEBUG:colcon.colcon_core.event_handler.log_command:Invoking command in '/home/jetson/slash_ws/build/costmap_converter': AMENT_PREFIX_PATH=/home/jetson/slash_ws/install/costmap_converter_msgs:${AMENT_PREFIX_PATH} CMAKE_PREFIX_PATH=/home/jetson/slash_ws/install/costmap_converter_msgs:/opt/ros/foxy LD_LIBRARY_PATH=/home/jetson/slash_ws/install/costmap_converter_msgs/lib:/usr/lib/aarch64-linux-gnu/gazebo-11/plugins:/opt/ros/foxy/opt/yaml_cpp_vendor/lib:/opt/ros/foxy/opt/rviz_ogre_vendor/lib:/opt/ros/foxy/lib/aarch64-linux-gnu:/opt/ros/foxy/lib:/usr/local/cuda-11.4/lib64 PYTHONPATH=/home/jetson/slash_ws/install/costmap_converter_msgs/lib/python3.8/site-packages:${PYTHONPATH} /usr/bin/cmake --build /home/jetson/slash_ws/build/costmap_converter -- -j8 -l8
[49.305s] Level 1:colcon.colcon_core.environment:create_environment_scripts_only(ackermann_mux)
[49.306s] Level 1:colcon.colcon_core.environment:checking '/home/jetson/slash_ws/install/ackermann_mux' for CMake module files
[49.307s] Level 1:colcon.colcon_core.environment:checking '/home/jetson/slash_ws/install/ackermann_mux' for CMake config files
[49.308s] Level 1:colcon.colcon_core.shell:create_environment_hook('ackermann_mux', 'cmake_prefix_path')
[49.309s] INFO:colcon.colcon_core.shell:Creating environment hook '/home/jetson/slash_ws/install/ackermann_mux/share/ackermann_mux/hook/cmake_prefix_path.ps1'
[49.310s] INFO:colcon.colcon_core.shell:Creating environment descriptor '/home/jetson/slash_ws/install/ackermann_mux/share/ackermann_mux/hook/cmake_prefix_path.dsv'
[49.311s] INFO:colcon.colcon_core.shell:Creating environment hook '/home/jetson/slash_ws/install/ackermann_mux/share/ackermann_mux/hook/cmake_prefix_path.sh'
[49.312s] Level 1:colcon.colcon_core.environment:checking '/home/jetson/slash_ws/install/ackermann_mux/lib'
[49.313s] Level 1:colcon.colcon_core.environment:checking '/home/jetson/slash_ws/install/ackermann_mux/bin'
[49.313s] Level 1:colcon.colcon_core.environment:checking '/home/jetson/slash_ws/install/ackermann_mux/lib/pkgconfig/ackermann_mux.pc'
[49.313s] Level 1:colcon.colcon_core.environment:checking '/home/jetson/slash_ws/install/ackermann_mux/lib/python3.8/site-packages'
[49.313s] Level 1:colcon.colcon_core.environment:checking '/home/jetson/slash_ws/install/ackermann_mux/bin'
[49.314s] INFO:colcon.colcon_core.shell:Creating package script '/home/jetson/slash_ws/install/ackermann_mux/share/ackermann_mux/package.ps1'
[49.315s] DEBUG:colcon.colcon_core.event_handler.log_command:Invoked command in '/home/jetson/slash_ws/build/ackermann_mux' returned '0': CMAKE_PREFIX_PATH=/opt/ros/foxy /usr/bin/cmake --install /home/jetson/slash_ws/build/ackermann_mux
[49.316s] INFO:colcon.colcon_core.shell:Creating package descriptor '/home/jetson/slash_ws/install/ackermann_mux/share/ackermann_mux/package.dsv'
[49.317s] INFO:colcon.colcon_core.shell:Creating package script '/home/jetson/slash_ws/install/ackermann_mux/share/ackermann_mux/package.sh'
[49.318s] INFO:colcon.colcon_core.shell:Creating package script '/home/jetson/slash_ws/install/ackermann_mux/share/ackermann_mux/package.bash'
[49.319s] INFO:colcon.colcon_core.shell:Creating package script '/home/jetson/slash_ws/install/ackermann_mux/share/ackermann_mux/package.zsh'
[49.319s] Level 1:colcon.colcon_core.environment:create_file_with_runtime_dependencies(/home/jetson/slash_ws/install/ackermann_mux/share/colcon-core/packages/ackermann_mux)
[49.781s] Level 1:colcon.colcon_core.environment:create_environment_scripts_only(ackermann_mux)
[49.782s] Level 1:colcon.colcon_core.environment:checking '/home/jetson/slash_ws/install/ackermann_mux' for CMake module files
[49.783s] Level 1:colcon.colcon_core.environment:checking '/home/jetson/slash_ws/install/ackermann_mux' for CMake config files
[49.784s] Level 1:colcon.colcon_core.shell:create_environment_hook('ackermann_mux', 'cmake_prefix_path')
[49.785s] INFO:colcon.colcon_core.shell:Creating environment hook '/home/jetson/slash_ws/install/ackermann_mux/share/ackermann_mux/hook/cmake_prefix_path.ps1'
[49.787s] INFO:colcon.colcon_core.shell:Creating environment descriptor '/home/jetson/slash_ws/install/ackermann_mux/share/ackermann_mux/hook/cmake_prefix_path.dsv'
[49.788s] INFO:colcon.colcon_core.shell:Creating environment hook '/home/jetson/slash_ws/install/ackermann_mux/share/ackermann_mux/hook/cmake_prefix_path.sh'
[49.789s] Level 1:colcon.colcon_core.environment:checking '/home/jetson/slash_ws/install/ackermann_mux/lib'
[49.790s] Level 1:colcon.colcon_core.environment:checking '/home/jetson/slash_ws/install/ackermann_mux/bin'
[49.790s] Level 1:colcon.colcon_core.environment:checking '/home/jetson/slash_ws/install/ackermann_mux/lib/pkgconfig/ackermann_mux.pc'
[49.790s] Level 1:colcon.colcon_core.environment:checking '/home/jetson/slash_ws/install/ackermann_mux/lib/python3.8/site-packages'
[49.790s] Level 1:colcon.colcon_core.environment:checking '/home/jetson/slash_ws/install/ackermann_mux/bin'
[49.791s] INFO:colcon.colcon_core.shell:Creating package script '/home/jetson/slash_ws/install/ackermann_mux/share/ackermann_mux/package.ps1'
[49.792s] INFO:colcon.colcon_core.shell:Creating package descriptor '/home/jetson/slash_ws/install/ackermann_mux/share/ackermann_mux/package.dsv'
[49.793s] INFO:colcon.colcon_core.shell:Creating package script '/home/jetson/slash_ws/install/ackermann_mux/share/ackermann_mux/package.sh'
[49.794s] INFO:colcon.colcon_core.shell:Creating package script '/home/jetson/slash_ws/install/ackermann_mux/share/ackermann_mux/package.bash'
[49.795s] INFO:colcon.colcon_core.shell:Creating package script '/home/jetson/slash_ws/install/ackermann_mux/share/ackermann_mux/package.zsh'
[49.808s] Level 1:colcon.colcon_core.environment:create_file_with_runtime_dependencies(/home/jetson/slash_ws/install/ackermann_mux/share/colcon-core/packages/ackermann_mux)
[49.811s] INFO:colcon.colcon_ros.task.ament_cmake.build:Building ROS package in '/home/jetson/slash_ws/src/slash_hardware/f1tenth_system/teleop_tools/teleop_tools' with build type 'ament_cmake'
[49.817s] INFO:colcon.colcon_cmake.task.cmake.build:Building CMake package in '/home/jetson/slash_ws/src/slash_hardware/f1tenth_system/teleop_tools/teleop_tools'
[49.818s] INFO:colcon.colcon_core.shell:Skip shell extension 'powershell' for command environment: Not usable outside of PowerShell
[49.818s] DEBUG:colcon.colcon_core.shell:Skip shell extension 'dsv' for command environment
[49.999s] DEBUG:colcon.colcon_core.event_handler.log_command:Invoking command in '/home/jetson/slash_ws/build/teleop_tools': AMENT_PREFIX_PATH=/home/jetson/slash_ws/install/joy_teleop:/home/jetson/slash_ws/install/teleop_tools_msgs:/home/jetson/slash_ws/install/key_teleop:${AMENT_PREFIX_PATH} CMAKE_PREFIX_PATH=/home/jetson/slash_ws/install/teleop_tools_msgs:/opt/ros/foxy LD_LIBRARY_PATH=/home/jetson/slash_ws/install/teleop_tools_msgs/lib:/usr/lib/aarch64-linux-gnu/gazebo-11/plugins:/opt/ros/foxy/opt/yaml_cpp_vendor/lib:/opt/ros/foxy/opt/rviz_ogre_vendor/lib:/opt/ros/foxy/lib/aarch64-linux-gnu:/opt/ros/foxy/lib:/usr/local/cuda-11.4/lib64 PYTHONPATH=/home/jetson/slash_ws/build/joy_teleop:/home/jetson/slash_ws/install/joy_teleop/lib/python3.8/site-packages:/home/jetson/slash_ws/install/teleop_tools_msgs/lib/python3.8/site-packages:/home/jetson/slash_ws/build/key_teleop:/home/jetson/slash_ws/install/key_teleop/lib/python3.8/site-packages:${PYTHONPATH} /usr/bin/cmake /home/jetson/slash_ws/src/slash_hardware/f1tenth_system/teleop_tools/teleop_tools -DAMENT_CMAKE_SYMLINK_INSTALL=1 -DCMAKE_INSTALL_PREFIX=/home/jetson/slash_ws/install/teleop_tools
[50.438s] DEBUG:colcon.colcon_core.event_handler.log_command:Invoked command in '/home/jetson/slash_ws/build/vesc_driver' returned '0': AMENT_PREFIX_PATH=/home/jetson/slash_ws/install/vesc_msgs:${AMENT_PREFIX_PATH} CMAKE_PREFIX_PATH=/home/jetson/slash_ws/install/vesc_msgs:/opt/ros/foxy LD_LIBRARY_PATH=/home/jetson/slash_ws/install/vesc_msgs/lib:/usr/lib/aarch64-linux-gnu/gazebo-11/plugins:/opt/ros/foxy/opt/yaml_cpp_vendor/lib:/opt/ros/foxy/opt/rviz_ogre_vendor/lib:/opt/ros/foxy/lib/aarch64-linux-gnu:/opt/ros/foxy/lib:/usr/local/cuda-11.4/lib64 PYTHONPATH=/home/jetson/slash_ws/install/vesc_msgs/lib/python3.8/site-packages:${PYTHONPATH} /usr/bin/cmake /home/jetson/slash_ws/src/slash_hardware/f1tenth_system/vesc/vesc_driver -DAMENT_CMAKE_SYMLINK_INSTALL=1 -DCMAKE_INSTALL_PREFIX=/home/jetson/slash_ws/install/vesc_driver
[50.440s] DEBUG:colcon.colcon_core.event_handler.log_command:Invoking command in '/home/jetson/slash_ws/build/vesc_driver': AMENT_PREFIX_PATH=/home/jetson/slash_ws/install/vesc_msgs:${AMENT_PREFIX_PATH} CMAKE_PREFIX_PATH=/home/jetson/slash_ws/install/vesc_msgs:/opt/ros/foxy LD_LIBRARY_PATH=/home/jetson/slash_ws/install/vesc_msgs/lib:/usr/lib/aarch64-linux-gnu/gazebo-11/plugins:/opt/ros/foxy/opt/yaml_cpp_vendor/lib:/opt/ros/foxy/opt/rviz_ogre_vendor/lib:/opt/ros/foxy/lib/aarch64-linux-gnu:/opt/ros/foxy/lib:/usr/local/cuda-11.4/lib64 PYTHONPATH=/home/jetson/slash_ws/install/vesc_msgs/lib/python3.8/site-packages:${PYTHONPATH} /usr/bin/cmake --build /home/jetson/slash_ws/build/vesc_driver -- -j8 -l8
[58.772s] DEBUG:colcon.colcon_core.event_handler.log_command:Invoked command in '/home/jetson/slash_ws/build/linefit_ground_segmentation' returned '0': CMAKE_PREFIX_PATH=/opt/ros/foxy /usr/bin/cmake --build /home/jetson/slash_ws/build/linefit_ground_segmentation -- -j8 -l8
[58.803s] DEBUG:colcon.colcon_core.event_handler.log_command:Invoked command in '/home/jetson/slash_ws/build/teleop_tools' returned '0': AMENT_PREFIX_PATH=/home/jetson/slash_ws/install/joy_teleop:/home/jetson/slash_ws/install/teleop_tools_msgs:/home/jetson/slash_ws/install/key_teleop:${AMENT_PREFIX_PATH} CMAKE_PREFIX_PATH=/home/jetson/slash_ws/install/teleop_tools_msgs:/opt/ros/foxy LD_LIBRARY_PATH=/home/jetson/slash_ws/install/teleop_tools_msgs/lib:/usr/lib/aarch64-linux-gnu/gazebo-11/plugins:/opt/ros/foxy/opt/yaml_cpp_vendor/lib:/opt/ros/foxy/opt/rviz_ogre_vendor/lib:/opt/ros/foxy/lib/aarch64-linux-gnu:/opt/ros/foxy/lib:/usr/local/cuda-11.4/lib64 PYTHONPATH=/home/jetson/slash_ws/build/joy_teleop:/home/jetson/slash_ws/install/joy_teleop/lib/python3.8/site-packages:/home/jetson/slash_ws/install/teleop_tools_msgs/lib/python3.8/site-packages:/home/jetson/slash_ws/build/key_teleop:/home/jetson/slash_ws/install/key_teleop/lib/python3.8/site-packages:${PYTHONPATH} /usr/bin/cmake /home/jetson/slash_ws/src/slash_hardware/f1tenth_system/teleop_tools/teleop_tools -DAMENT_CMAKE_SYMLINK_INSTALL=1 -DCMAKE_INSTALL_PREFIX=/home/jetson/slash_ws/install/teleop_tools
[58.805s] DEBUG:colcon.colcon_core.event_handler.log_command:Invoking command in '/home/jetson/slash_ws/build/teleop_tools': AMENT_PREFIX_PATH=/home/jetson/slash_ws/install/joy_teleop:/home/jetson/slash_ws/install/teleop_tools_msgs:/home/jetson/slash_ws/install/key_teleop:${AMENT_PREFIX_PATH} CMAKE_PREFIX_PATH=/home/jetson/slash_ws/install/teleop_tools_msgs:/opt/ros/foxy LD_LIBRARY_PATH=/home/jetson/slash_ws/install/teleop_tools_msgs/lib:/usr/lib/aarch64-linux-gnu/gazebo-11/plugins:/opt/ros/foxy/opt/yaml_cpp_vendor/lib:/opt/ros/foxy/opt/rviz_ogre_vendor/lib:/opt/ros/foxy/lib/aarch64-linux-gnu:/opt/ros/foxy/lib:/usr/local/cuda-11.4/lib64 PYTHONPATH=/home/jetson/slash_ws/build/joy_teleop:/home/jetson/slash_ws/install/joy_teleop/lib/python3.8/site-packages:/home/jetson/slash_ws/install/teleop_tools_msgs/lib/python3.8/site-packages:/home/jetson/slash_ws/build/key_teleop:/home/jetson/slash_ws/install/key_teleop/lib/python3.8/site-packages:${PYTHONPATH} /usr/bin/cmake --build /home/jetson/slash_ws/build/teleop_tools -- -j8 -l8
[58.942s] DEBUG:colcon.colcon_core.event_handler.log_command:Invoking command in '/home/jetson/slash_ws/build/linefit_ground_segmentation': CMAKE_PREFIX_PATH=/opt/ros/foxy /usr/bin/cmake --install /home/jetson/slash_ws/build/linefit_ground_segmentation
[69.719s] DEBUG:colcon.colcon_core.event_handler.log_command:Invoked command in '/home/jetson/slash_ws/build/teb_msgs' returned '0': AMENT_PREFIX_PATH=/home/jetson/slash_ws/install/costmap_converter_msgs:${AMENT_PREFIX_PATH} CMAKE_PREFIX_PATH=/home/jetson/slash_ws/install/costmap_converter_msgs:/opt/ros/foxy LD_LIBRARY_PATH=/home/jetson/slash_ws/install/costmap_converter_msgs/lib:/usr/lib/aarch64-linux-gnu/gazebo-11/plugins:/opt/ros/foxy/opt/yaml_cpp_vendor/lib:/opt/ros/foxy/opt/rviz_ogre_vendor/lib:/opt/ros/foxy/lib/aarch64-linux-gnu:/opt/ros/foxy/lib:/usr/local/cuda-11.4/lib64 PYTHONPATH=/home/jetson/slash_ws/install/costmap_converter_msgs/lib/python3.8/site-packages:${PYTHONPATH} /usr/bin/cmake --build /home/jetson/slash_ws/build/teb_msgs -- -j8 -l8
[69.736s] DEBUG:colcon.colcon_core.event_handler.log_command:Invoked command in '/home/jetson/slash_ws/build/teleop_tools' returned '0': AMENT_PREFIX_PATH=/home/jetson/slash_ws/install/joy_teleop:/home/jetson/slash_ws/install/teleop_tools_msgs:/home/jetson/slash_ws/install/key_teleop:${AMENT_PREFIX_PATH} CMAKE_PREFIX_PATH=/home/jetson/slash_ws/install/teleop_tools_msgs:/opt/ros/foxy LD_LIBRARY_PATH=/home/jetson/slash_ws/install/teleop_tools_msgs/lib:/usr/lib/aarch64-linux-gnu/gazebo-11/plugins:/opt/ros/foxy/opt/yaml_cpp_vendor/lib:/opt/ros/foxy/opt/rviz_ogre_vendor/lib:/opt/ros/foxy/lib/aarch64-linux-gnu:/opt/ros/foxy/lib:/usr/local/cuda-11.4/lib64 PYTHONPATH=/home/jetson/slash_ws/build/joy_teleop:/home/jetson/slash_ws/install/joy_teleop/lib/python3.8/site-packages:/home/jetson/slash_ws/install/teleop_tools_msgs/lib/python3.8/site-packages:/home/jetson/slash_ws/build/key_teleop:/home/jetson/slash_ws/install/key_teleop/lib/python3.8/site-packages:${PYTHONPATH} /usr/bin/cmake --build /home/jetson/slash_ws/build/teleop_tools -- -j8 -l8
[69.751s] Level 1:colcon.colcon_core.environment:create_environment_scripts_only(linefit_ground_segmentation)
[69.753s] Level 1:colcon.colcon_core.environment:checking '/home/jetson/slash_ws/install/linefit_ground_segmentation' for CMake module files
[69.754s] DEBUG:colcon.colcon_core.event_handler.log_command:Invoked command in '/home/jetson/slash_ws/build/linefit_ground_segmentation' returned '0': CMAKE_PREFIX_PATH=/opt/ros/foxy /usr/bin/cmake --install /home/jetson/slash_ws/build/linefit_ground_segmentation
[69.755s] Level 1:colcon.colcon_core.environment:checking '/home/jetson/slash_ws/install/linefit_ground_segmentation' for CMake config files
[69.756s] Level 1:colcon.colcon_core.shell:create_environment_hook('linefit_ground_segmentation', 'cmake_prefix_path')
[69.757s] INFO:colcon.colcon_core.shell:Creating environment hook '/home/jetson/slash_ws/install/linefit_ground_segmentation/share/linefit_ground_segmentation/hook/cmake_prefix_path.ps1'
[69.759s] INFO:colcon.colcon_core.shell:Creating environment descriptor '/home/jetson/slash_ws/install/linefit_ground_segmentation/share/linefit_ground_segmentation/hook/cmake_prefix_path.dsv'
[69.760s] INFO:colcon.colcon_core.shell:Creating environment hook '/home/jetson/slash_ws/install/linefit_ground_segmentation/share/linefit_ground_segmentation/hook/cmake_prefix_path.sh'
[69.761s] Level 1:colcon.colcon_core.environment:checking '/home/jetson/slash_ws/install/linefit_ground_segmentation/lib'
[69.761s] Level 1:colcon.colcon_core.shell:create_environment_hook('linefit_ground_segmentation', 'ld_library_path_lib')
[69.762s] INFO:colcon.colcon_core.shell:Creating environment hook '/home/jetson/slash_ws/install/linefit_ground_segmentation/share/linefit_ground_segmentation/hook/ld_library_path_lib.ps1'
[69.763s] INFO:colcon.colcon_core.shell:Creating environment descriptor '/home/jetson/slash_ws/install/linefit_ground_segmentation/share/linefit_ground_segmentation/hook/ld_library_path_lib.dsv'
[69.763s] INFO:colcon.colcon_core.shell:Creating environment hook '/home/jetson/slash_ws/install/linefit_ground_segmentation/share/linefit_ground_segmentation/hook/ld_library_path_lib.sh'
[69.764s] Level 1:colcon.colcon_core.environment:checking '/home/jetson/slash_ws/install/linefit_ground_segmentation/bin'
[69.764s] Level 1:colcon.colcon_core.environment:checking '/home/jetson/slash_ws/install/linefit_ground_segmentation/lib/pkgconfig/linefit_ground_segmentation.pc'
[69.765s] Level 1:colcon.colcon_core.environment:checking '/home/jetson/slash_ws/install/linefit_ground_segmentation/lib/python3.8/site-packages'
[69.765s] Level 1:colcon.colcon_core.environment:checking '/home/jetson/slash_ws/install/linefit_ground_segmentation/bin'
[69.766s] INFO:colcon.colcon_core.shell:Creating package script '/home/jetson/slash_ws/install/linefit_ground_segmentation/share/linefit_ground_segmentation/package.ps1'
[69.767s] INFO:colcon.colcon_core.shell:Creating package descriptor '/home/jetson/slash_ws/install/linefit_ground_segmentation/share/linefit_ground_segmentation/package.dsv'
[69.768s] INFO:colcon.colcon_core.shell:Creating package script '/home/jetson/slash_ws/install/linefit_ground_segmentation/share/linefit_ground_segmentation/package.sh'
[69.769s] INFO:colcon.colcon_core.shell:Creating package script '/home/jetson/slash_ws/install/linefit_ground_segmentation/share/linefit_ground_segmentation/package.bash'
[69.770s] INFO:colcon.colcon_core.shell:Creating package script '/home/jetson/slash_ws/install/linefit_ground_segmentation/share/linefit_ground_segmentation/package.zsh'
[69.770s] Level 1:colcon.colcon_core.environment:create_file_with_runtime_dependencies(/home/jetson/slash_ws/install/linefit_ground_segmentation/share/colcon-core/packages/linefit_ground_segmentation)
[69.798s] DEBUG:colcon.colcon_core.event_handler.log_command:Invoking command in '/home/jetson/slash_ws/build/teleop_tools': AMENT_PREFIX_PATH=/home/jetson/slash_ws/install/joy_teleop:/home/jetson/slash_ws/install/teleop_tools_msgs:/home/jetson/slash_ws/install/key_teleop:${AMENT_PREFIX_PATH} CMAKE_PREFIX_PATH=/home/jetson/slash_ws/install/teleop_tools_msgs:/opt/ros/foxy LD_LIBRARY_PATH=/home/jetson/slash_ws/install/teleop_tools_msgs/lib:/usr/lib/aarch64-linux-gnu/gazebo-11/plugins:/opt/ros/foxy/opt/yaml_cpp_vendor/lib:/opt/ros/foxy/opt/rviz_ogre_vendor/lib:/opt/ros/foxy/lib/aarch64-linux-gnu:/opt/ros/foxy/lib:/usr/local/cuda-11.4/lib64 PYTHONPATH=/home/jetson/slash_ws/build/joy_teleop:/home/jetson/slash_ws/install/joy_teleop/lib/python3.8/site-packages:/home/jetson/slash_ws/install/teleop_tools_msgs/lib/python3.8/site-packages:/home/jetson/slash_ws/build/key_teleop:/home/jetson/slash_ws/install/key_teleop/lib/python3.8/site-packages:${PYTHONPATH} /usr/bin/cmake --install /home/jetson/slash_ws/build/teleop_tools
[69.877s] Level 1:colcon.colcon_core.environment:create_environment_scripts_only(linefit_ground_segmentation)
[69.878s] Level 1:colcon.colcon_core.environment:checking '/home/jetson/slash_ws/install/linefit_ground_segmentation' for CMake module files
[69.879s] Level 1:colcon.colcon_core.environment:checking '/home/jetson/slash_ws/install/linefit_ground_segmentation' for CMake config files
[69.880s] Level 1:colcon.colcon_core.shell:create_environment_hook('linefit_ground_segmentation', 'cmake_prefix_path')
[69.881s] INFO:colcon.colcon_core.shell:Creating environment hook '/home/jetson/slash_ws/install/linefit_ground_segmentation/share/linefit_ground_segmentation/hook/cmake_prefix_path.ps1'
[69.884s] INFO:colcon.colcon_core.shell:Creating environment descriptor '/home/jetson/slash_ws/install/linefit_ground_segmentation/share/linefit_ground_segmentation/hook/cmake_prefix_path.dsv'
[69.885s] INFO:colcon.colcon_core.shell:Creating environment hook '/home/jetson/slash_ws/install/linefit_ground_segmentation/share/linefit_ground_segmentation/hook/cmake_prefix_path.sh'
[69.887s] Level 1:colcon.colcon_core.environment:checking '/home/jetson/slash_ws/install/linefit_ground_segmentation/lib'
[69.887s] Level 1:colcon.colcon_core.shell:create_environment_hook('linefit_ground_segmentation', 'ld_library_path_lib')
[69.888s] INFO:colcon.colcon_core.shell:Creating environment hook '/home/jetson/slash_ws/install/linefit_ground_segmentation/share/linefit_ground_segmentation/hook/ld_library_path_lib.ps1'
[69.889s] INFO:colcon.colcon_core.shell:Creating environment descriptor '/home/jetson/slash_ws/install/linefit_ground_segmentation/share/linefit_ground_segmentation/hook/ld_library_path_lib.dsv'
[69.890s] INFO:colcon.colcon_core.shell:Creating environment hook '/home/jetson/slash_ws/install/linefit_ground_segmentation/share/linefit_ground_segmentation/hook/ld_library_path_lib.sh'
[69.891s] Level 1:colcon.colcon_core.environment:checking '/home/jetson/slash_ws/install/linefit_ground_segmentation/bin'
[69.891s] Level 1:colcon.colcon_core.environment:checking '/home/jetson/slash_ws/install/linefit_ground_segmentation/lib/pkgconfig/linefit_ground_segmentation.pc'
[69.891s] Level 1:colcon.colcon_core.environment:checking '/home/jetson/slash_ws/install/linefit_ground_segmentation/lib/python3.8/site-packages'
[69.892s] Level 1:colcon.colcon_core.environment:checking '/home/jetson/slash_ws/install/linefit_ground_segmentation/bin'
[69.892s] INFO:colcon.colcon_core.shell:Creating package script '/home/jetson/slash_ws/install/linefit_ground_segmentation/share/linefit_ground_segmentation/package.ps1'
[69.894s] INFO:colcon.colcon_core.shell:Creating package descriptor '/home/jetson/slash_ws/install/linefit_ground_segmentation/share/linefit_ground_segmentation/package.dsv'
[69.896s] INFO:colcon.colcon_core.shell:Creating package script '/home/jetson/slash_ws/install/linefit_ground_segmentation/share/linefit_ground_segmentation/package.sh'
[69.897s] INFO:colcon.colcon_core.shell:Creating package script '/home/jetson/slash_ws/install/linefit_ground_segmentation/share/linefit_ground_segmentation/package.bash'
[69.898s] INFO:colcon.colcon_core.shell:Creating package script '/home/jetson/slash_ws/install/linefit_ground_segmentation/share/linefit_ground_segmentation/package.zsh'
[69.901s] Level 1:colcon.colcon_core.environment:create_file_with_runtime_dependencies(/home/jetson/slash_ws/install/linefit_ground_segmentation/share/colcon-core/packages/linefit_ground_segmentation)
[69.905s] INFO:colcon.colcon_ros.task.ament_cmake.build:Building ROS package in '/home/jetson/slash_ws/src/slash_perception/linefit_ground_segementation_ros2/linefit_ground_segmentation_ros' with build type 'ament_cmake'
[69.905s] INFO:colcon.colcon_cmake.task.cmake.build:Building CMake package in '/home/jetson/slash_ws/src/slash_perception/linefit_ground_segementation_ros2/linefit_ground_segmentation_ros'
[69.906s] INFO:colcon.colcon_core.shell:Skip shell extension 'powershell' for command environment: Not usable outside of PowerShell
[69.906s] DEBUG:colcon.colcon_core.shell:Skip shell extension 'dsv' for command environment
[69.958s] DEBUG:colcon.colcon_core.event_handler.log_command:Invoking command in '/home/jetson/slash_ws/build/linefit_ground_segmentation_ros': AMENT_PREFIX_PATH=/home/jetson/slash_ws/install/linefit_ground_segmentation:${AMENT_PREFIX_PATH} CMAKE_PREFIX_PATH=/home/jetson/slash_ws/install/linefit_ground_segmentation:/opt/ros/foxy LD_LIBRARY_PATH=/home/jetson/slash_ws/install/linefit_ground_segmentation/lib:/usr/lib/aarch64-linux-gnu/gazebo-11/plugins:/opt/ros/foxy/opt/yaml_cpp_vendor/lib:/opt/ros/foxy/opt/rviz_ogre_vendor/lib:/opt/ros/foxy/lib/aarch64-linux-gnu:/opt/ros/foxy/lib:/usr/local/cuda-11.4/lib64 /usr/bin/cmake /home/jetson/slash_ws/src/slash_perception/linefit_ground_segementation_ros2/linefit_ground_segmentation_ros -DAMENT_CMAKE_SYMLINK_INSTALL=1 -DCMAKE_INSTALL_PREFIX=/home/jetson/slash_ws/install/linefit_ground_segmentation_ros
[70.180s] DEBUG:colcon.colcon_core.event_handler.log_command:Invoking command in '/home/jetson/slash_ws/build/teb_msgs': AMENT_PREFIX_PATH=/home/jetson/slash_ws/install/costmap_converter_msgs:${AMENT_PREFIX_PATH} CMAKE_PREFIX_PATH=/home/jetson/slash_ws/install/costmap_converter_msgs:/opt/ros/foxy LD_LIBRARY_PATH=/home/jetson/slash_ws/install/costmap_converter_msgs/lib:/usr/lib/aarch64-linux-gnu/gazebo-11/plugins:/opt/ros/foxy/opt/yaml_cpp_vendor/lib:/opt/ros/foxy/opt/rviz_ogre_vendor/lib:/opt/ros/foxy/lib/aarch64-linux-gnu:/opt/ros/foxy/lib:/usr/local/cuda-11.4/lib64 PYTHONPATH=/home/jetson/slash_ws/install/costmap_converter_msgs/lib/python3.8/site-packages:${PYTHONPATH} /usr/bin/cmake --install /home/jetson/slash_ws/build/teb_msgs
[70.321s] Level 1:colcon.colcon_core.environment:create_environment_scripts_only(teleop_tools)
[70.323s] Level 1:colcon.colcon_core.environment:checking '/home/jetson/slash_ws/install/teleop_tools' for CMake module files
[70.324s] Level 1:colcon.colcon_core.environment:checking '/home/jetson/slash_ws/install/teleop_tools' for CMake config files
[70.325s] Level 1:colcon.colcon_core.shell:create_environment_hook('teleop_tools', 'cmake_prefix_path')
[70.326s] INFO:colcon.colcon_core.shell:Creating environment hook '/home/jetson/slash_ws/install/teleop_tools/share/teleop_tools/hook/cmake_prefix_path.ps1'
[70.327s] INFO:colcon.colcon_core.shell:Creating environment descriptor '/home/jetson/slash_ws/install/teleop_tools/share/teleop_tools/hook/cmake_prefix_path.dsv'
[70.328s] INFO:colcon.colcon_core.shell:Creating environment hook '/home/jetson/slash_ws/install/teleop_tools/share/teleop_tools/hook/cmake_prefix_path.sh'
[70.329s] Level 1:colcon.colcon_core.environment:checking '/home/jetson/slash_ws/install/teleop_tools/bin'
[70.329s] Level 1:colcon.colcon_core.environment:checking '/home/jetson/slash_ws/install/teleop_tools/lib/pkgconfig/teleop_tools.pc'
[70.330s] Level 1:colcon.colcon_core.environment:checking '/home/jetson/slash_ws/install/teleop_tools/lib/python3.8/site-packages'
[70.330s] Level 1:colcon.colcon_core.environment:checking '/home/jetson/slash_ws/install/teleop_tools/bin'
[70.331s] INFO:colcon.colcon_core.shell:Creating package script '/home/jetson/slash_ws/install/teleop_tools/share/teleop_tools/package.ps1'
[70.332s] INFO:colcon.colcon_core.shell:Creating package descriptor '/home/jetson/slash_ws/install/teleop_tools/share/teleop_tools/package.dsv'
[70.333s] INFO:colcon.colcon_core.shell:Creating package script '/home/jetson/slash_ws/install/teleop_tools/share/teleop_tools/package.sh'
[70.334s] INFO:colcon.colcon_core.shell:Creating package script '/home/jetson/slash_ws/install/teleop_tools/share/teleop_tools/package.bash'
[70.322s] DEBUG:colcon.colcon_core.event_handler.log_command:Invoked command in '/home/jetson/slash_ws/build/teleop_tools' returned '0': AMENT_PREFIX_PATH=/home/jetson/slash_ws/install/joy_teleop:/home/jetson/slash_ws/install/teleop_tools_msgs:/home/jetson/slash_ws/install/key_teleop:${AMENT_PREFIX_PATH} CMAKE_PREFIX_PATH=/home/jetson/slash_ws/install/teleop_tools_msgs:/opt/ros/foxy LD_LIBRARY_PATH=/home/jetson/slash_ws/install/teleop_tools_msgs/lib:/usr/lib/aarch64-linux-gnu/gazebo-11/plugins:/opt/ros/foxy/opt/yaml_cpp_vendor/lib:/opt/ros/foxy/opt/rviz_ogre_vendor/lib:/opt/ros/foxy/lib/aarch64-linux-gnu:/opt/ros/foxy/lib:/usr/local/cuda-11.4/lib64 PYTHONPATH=/home/jetson/slash_ws/build/joy_teleop:/home/jetson/slash_ws/install/joy_teleop/lib/python3.8/site-packages:/home/jetson/slash_ws/install/teleop_tools_msgs/lib/python3.8/site-packages:/home/jetson/slash_ws/build/key_teleop:/home/jetson/slash_ws/install/key_teleop/lib/python3.8/site-packages:${PYTHONPATH} /usr/bin/cmake --install /home/jetson/slash_ws/build/teleop_tools
[70.336s] INFO:colcon.colcon_core.shell:Creating package script '/home/jetson/slash_ws/install/teleop_tools/share/teleop_tools/package.zsh'
[70.337s] Level 1:colcon.colcon_core.environment:create_file_with_runtime_dependencies(/home/jetson/slash_ws/install/teleop_tools/share/colcon-core/packages/teleop_tools)
[70.520s] Level 1:colcon.colcon_core.environment:create_environment_scripts_only(teleop_tools)
[70.521s] Level 1:colcon.colcon_core.environment:checking '/home/jetson/slash_ws/install/teleop_tools' for CMake module files
[70.522s] Level 1:colcon.colcon_core.environment:checking '/home/jetson/slash_ws/install/teleop_tools' for CMake config files
[70.524s] Level 1:colcon.colcon_core.shell:create_environment_hook('teleop_tools', 'cmake_prefix_path')
[70.525s] INFO:colcon.colcon_core.shell:Creating environment hook '/home/jetson/slash_ws/install/teleop_tools/share/teleop_tools/hook/cmake_prefix_path.ps1'
[70.527s] INFO:colcon.colcon_core.shell:Creating environment descriptor '/home/jetson/slash_ws/install/teleop_tools/share/teleop_tools/hook/cmake_prefix_path.dsv'
[70.529s] INFO:colcon.colcon_core.shell:Creating environment hook '/home/jetson/slash_ws/install/teleop_tools/share/teleop_tools/hook/cmake_prefix_path.sh'
[70.534s] Level 1:colcon.colcon_core.environment:checking '/home/jetson/slash_ws/install/teleop_tools/bin'
[70.535s] Level 1:colcon.colcon_core.environment:checking '/home/jetson/slash_ws/install/teleop_tools/lib/pkgconfig/teleop_tools.pc'
[70.535s] Level 1:colcon.colcon_core.environment:checking '/home/jetson/slash_ws/install/teleop_tools/lib/python3.8/site-packages'
[70.536s] Level 1:colcon.colcon_core.environment:checking '/home/jetson/slash_ws/install/teleop_tools/bin'
[70.536s] INFO:colcon.colcon_core.shell:Creating package script '/home/jetson/slash_ws/install/teleop_tools/share/teleop_tools/package.ps1'
[70.555s] INFO:colcon.colcon_core.shell:Creating package descriptor '/home/jetson/slash_ws/install/teleop_tools/share/teleop_tools/package.dsv'
[70.557s] INFO:colcon.colcon_core.shell:Creating package script '/home/jetson/slash_ws/install/teleop_tools/share/teleop_tools/package.sh'
[70.560s] INFO:colcon.colcon_core.shell:Creating package script '/home/jetson/slash_ws/install/teleop_tools/share/teleop_tools/package.bash'
[70.562s] INFO:colcon.colcon_core.shell:Creating package script '/home/jetson/slash_ws/install/teleop_tools/share/teleop_tools/package.zsh'
[70.564s] Level 1:colcon.colcon_core.environment:create_file_with_runtime_dependencies(/home/jetson/slash_ws/install/teleop_tools/share/colcon-core/packages/teleop_tools)
[77.868s] DEBUG:colcon.colcon_core.event_handler.log_command:Invoked command in '/home/jetson/slash_ws/build/linefit_ground_segmentation_ros' returned '0': AMENT_PREFIX_PATH=/home/jetson/slash_ws/install/linefit_ground_segmentation:${AMENT_PREFIX_PATH} CMAKE_PREFIX_PATH=/home/jetson/slash_ws/install/linefit_ground_segmentation:/opt/ros/foxy LD_LIBRARY_PATH=/home/jetson/slash_ws/install/linefit_ground_segmentation/lib:/usr/lib/aarch64-linux-gnu/gazebo-11/plugins:/opt/ros/foxy/opt/yaml_cpp_vendor/lib:/opt/ros/foxy/opt/rviz_ogre_vendor/lib:/opt/ros/foxy/lib/aarch64-linux-gnu:/opt/ros/foxy/lib:/usr/local/cuda-11.4/lib64 /usr/bin/cmake /home/jetson/slash_ws/src/slash_perception/linefit_ground_segementation_ros2/linefit_ground_segmentation_ros -DAMENT_CMAKE_SYMLINK_INSTALL=1 -DCMAKE_INSTALL_PREFIX=/home/jetson/slash_ws/install/linefit_ground_segmentation_ros
[77.870s] DEBUG:colcon.colcon_core.event_handler.log_command:Invoking command in '/home/jetson/slash_ws/build/linefit_ground_segmentation_ros': AMENT_PREFIX_PATH=/home/jetson/slash_ws/install/linefit_ground_segmentation:${AMENT_PREFIX_PATH} CMAKE_PREFIX_PATH=/home/jetson/slash_ws/install/linefit_ground_segmentation:/opt/ros/foxy LD_LIBRARY_PATH=/home/jetson/slash_ws/install/linefit_ground_segmentation/lib:/usr/lib/aarch64-linux-gnu/gazebo-11/plugins:/opt/ros/foxy/opt/yaml_cpp_vendor/lib:/opt/ros/foxy/opt/rviz_ogre_vendor/lib:/opt/ros/foxy/lib/aarch64-linux-gnu:/opt/ros/foxy/lib:/usr/local/cuda-11.4/lib64 /usr/bin/cmake --build /home/jetson/slash_ws/build/linefit_ground_segmentation_ros -- -j8 -l8
[77.892s] Level 1:colcon.colcon_core.environment:create_environment_scripts_only(teb_msgs)
[77.893s] Level 1:colcon.colcon_core.environment:checking '/home/jetson/slash_ws/install/teb_msgs' for CMake module files
[77.895s] Level 1:colcon.colcon_core.environment:checking '/home/jetson/slash_ws/install/teb_msgs' for CMake config files
[77.898s] Level 1:colcon.colcon_core.shell:create_environment_hook('teb_msgs', 'cmake_prefix_path')
[77.900s] INFO:colcon.colcon_core.shell:Creating environment hook '/home/jetson/slash_ws/install/teb_msgs/share/teb_msgs/hook/cmake_prefix_path.ps1'
[77.902s] INFO:colcon.colcon_core.shell:Creating environment descriptor '/home/jetson/slash_ws/install/teb_msgs/share/teb_msgs/hook/cmake_prefix_path.dsv'
[77.904s] INFO:colcon.colcon_core.shell:Creating environment hook '/home/jetson/slash_ws/install/teb_msgs/share/teb_msgs/hook/cmake_prefix_path.sh'
[77.906s] Level 1:colcon.colcon_core.environment:checking '/home/jetson/slash_ws/install/teb_msgs/lib'
[77.906s] Level 1:colcon.colcon_core.shell:create_environment_hook('teb_msgs', 'ld_library_path_lib')
[77.907s] INFO:colcon.colcon_core.shell:Creating environment hook '/home/jetson/slash_ws/install/teb_msgs/share/teb_msgs/hook/ld_library_path_lib.ps1'
[77.912s] DEBUG:colcon.colcon_core.event_handler.log_command:Invoked command in '/home/jetson/slash_ws/build/teb_msgs' returned '0': AMENT_PREFIX_PATH=/home/jetson/slash_ws/install/costmap_converter_msgs:${AMENT_PREFIX_PATH} CMAKE_PREFIX_PATH=/home/jetson/slash_ws/install/costmap_converter_msgs:/opt/ros/foxy LD_LIBRARY_PATH=/home/jetson/slash_ws/install/costmap_converter_msgs/lib:/usr/lib/aarch64-linux-gnu/gazebo-11/plugins:/opt/ros/foxy/opt/yaml_cpp_vendor/lib:/opt/ros/foxy/opt/rviz_ogre_vendor/lib:/opt/ros/foxy/lib/aarch64-linux-gnu:/opt/ros/foxy/lib:/usr/local/cuda-11.4/lib64 PYTHONPATH=/home/jetson/slash_ws/install/costmap_converter_msgs/lib/python3.8/site-packages:${PYTHONPATH} /usr/bin/cmake --install /home/jetson/slash_ws/build/teb_msgs
[77.913s] INFO:colcon.colcon_core.shell:Creating environment descriptor '/home/jetson/slash_ws/install/teb_msgs/share/teb_msgs/hook/ld_library_path_lib.dsv'
[77.914s] INFO:colcon.colcon_core.shell:Creating environment hook '/home/jetson/slash_ws/install/teb_msgs/share/teb_msgs/hook/ld_library_path_lib.sh'
[77.915s] Level 1:colcon.colcon_core.environment:checking '/home/jetson/slash_ws/install/teb_msgs/bin'
[77.916s] Level 1:colcon.colcon_core.environment:checking '/home/jetson/slash_ws/install/teb_msgs/lib/pkgconfig/teb_msgs.pc'
[77.916s] Level 1:colcon.colcon_core.environment:checking '/home/jetson/slash_ws/install/teb_msgs/lib/python3.8/site-packages'
[77.916s] Level 1:colcon.colcon_core.shell:create_environment_hook('teb_msgs', 'pythonpath')
[77.917s] INFO:colcon.colcon_core.shell:Creating environment hook '/home/jetson/slash_ws/install/teb_msgs/share/teb_msgs/hook/pythonpath.ps1'
[77.918s] INFO:colcon.colcon_core.shell:Creating environment descriptor '/home/jetson/slash_ws/install/teb_msgs/share/teb_msgs/hook/pythonpath.dsv'
[77.921s] INFO:colcon.colcon_core.shell:Creating environment hook '/home/jetson/slash_ws/install/teb_msgs/share/teb_msgs/hook/pythonpath.sh'
[77.922s] Level 1:colcon.colcon_core.environment:checking '/home/jetson/slash_ws/install/teb_msgs/bin'
[77.923s] INFO:colcon.colcon_core.shell:Creating package script '/home/jetson/slash_ws/install/teb_msgs/share/teb_msgs/package.ps1'
[77.928s] INFO:colcon.colcon_core.shell:Creating package descriptor '/home/jetson/slash_ws/install/teb_msgs/share/teb_msgs/package.dsv'
[77.930s] INFO:colcon.colcon_core.shell:Creating package script '/home/jetson/slash_ws/install/teb_msgs/share/teb_msgs/package.sh'
[77.931s] INFO:colcon.colcon_core.shell:Creating package script '/home/jetson/slash_ws/install/teb_msgs/share/teb_msgs/package.bash'
[77.932s] INFO:colcon.colcon_core.shell:Creating package script '/home/jetson/slash_ws/install/teb_msgs/share/teb_msgs/package.zsh'
[77.935s] Level 1:colcon.colcon_core.environment:create_file_with_runtime_dependencies(/home/jetson/slash_ws/install/teb_msgs/share/colcon-core/packages/teb_msgs)
[78.354s] Level 1:colcon.colcon_core.environment:create_environment_scripts_only(teb_msgs)
[78.355s] Level 1:colcon.colcon_core.environment:checking '/home/jetson/slash_ws/install/teb_msgs' for CMake module files
[78.356s] Level 1:colcon.colcon_core.environment:checking '/home/jetson/slash_ws/install/teb_msgs' for CMake config files
[78.359s] Level 1:colcon.colcon_core.shell:create_environment_hook('teb_msgs', 'cmake_prefix_path')
[78.360s] INFO:colcon.colcon_core.shell:Creating environment hook '/home/jetson/slash_ws/install/teb_msgs/share/teb_msgs/hook/cmake_prefix_path.ps1'
[78.361s] INFO:colcon.colcon_core.shell:Creating environment descriptor '/home/jetson/slash_ws/install/teb_msgs/share/teb_msgs/hook/cmake_prefix_path.dsv'
[78.362s] INFO:colcon.colcon_core.shell:Creating environment hook '/home/jetson/slash_ws/install/teb_msgs/share/teb_msgs/hook/cmake_prefix_path.sh'
[78.365s] Level 1:colcon.colcon_core.environment:checking '/home/jetson/slash_ws/install/teb_msgs/lib'
[78.365s] Level 1:colcon.colcon_core.shell:create_environment_hook('teb_msgs', 'ld_library_path_lib')
[78.366s] INFO:colcon.colcon_core.shell:Creating environment hook '/home/jetson/slash_ws/install/teb_msgs/share/teb_msgs/hook/ld_library_path_lib.ps1'
[78.367s] INFO:colcon.colcon_core.shell:Creating environment descriptor '/home/jetson/slash_ws/install/teb_msgs/share/teb_msgs/hook/ld_library_path_lib.dsv'
[78.368s] INFO:colcon.colcon_core.shell:Creating environment hook '/home/jetson/slash_ws/install/teb_msgs/share/teb_msgs/hook/ld_library_path_lib.sh'
[78.369s] Level 1:colcon.colcon_core.environment:checking '/home/jetson/slash_ws/install/teb_msgs/bin'
[78.369s] Level 1:colcon.colcon_core.environment:checking '/home/jetson/slash_ws/install/teb_msgs/lib/pkgconfig/teb_msgs.pc'
[78.369s] Level 1:colcon.colcon_core.environment:checking '/home/jetson/slash_ws/install/teb_msgs/lib/python3.8/site-packages'
[78.369s] Level 1:colcon.colcon_core.shell:create_environment_hook('teb_msgs', 'pythonpath')
[78.370s] INFO:colcon.colcon_core.shell:Creating environment hook '/home/jetson/slash_ws/install/teb_msgs/share/teb_msgs/hook/pythonpath.ps1'
[78.371s] INFO:colcon.colcon_core.shell:Creating environment descriptor '/home/jetson/slash_ws/install/teb_msgs/share/teb_msgs/hook/pythonpath.dsv'
[78.372s] INFO:colcon.colcon_core.shell:Creating environment hook '/home/jetson/slash_ws/install/teb_msgs/share/teb_msgs/hook/pythonpath.sh'
[78.373s] Level 1:colcon.colcon_core.environment:checking '/home/jetson/slash_ws/install/teb_msgs/bin'
[78.374s] INFO:colcon.colcon_core.shell:Creating package script '/home/jetson/slash_ws/install/teb_msgs/share/teb_msgs/package.ps1'
[78.375s] INFO:colcon.colcon_core.shell:Creating package descriptor '/home/jetson/slash_ws/install/teb_msgs/share/teb_msgs/package.dsv'
[78.376s] INFO:colcon.colcon_core.shell:Creating package script '/home/jetson/slash_ws/install/teb_msgs/share/teb_msgs/package.sh'
[78.377s] INFO:colcon.colcon_core.shell:Creating package script '/home/jetson/slash_ws/install/teb_msgs/share/teb_msgs/package.bash'
[78.378s] INFO:colcon.colcon_core.shell:Creating package script '/home/jetson/slash_ws/install/teb_msgs/share/teb_msgs/package.zsh'
[78.380s] Level 1:colcon.colcon_core.environment:create_file_with_runtime_dependencies(/home/jetson/slash_ws/install/teb_msgs/share/colcon-core/packages/teb_msgs)
[78.887s] DEBUG:colcon.colcon_core.event_handler.log_command:Invoked command in '/home/jetson/slash_ws/build/vesc_driver' returned '0': AMENT_PREFIX_PATH=/home/jetson/slash_ws/install/vesc_msgs:${AMENT_PREFIX_PATH} CMAKE_PREFIX_PATH=/home/jetson/slash_ws/install/vesc_msgs:/opt/ros/foxy LD_LIBRARY_PATH=/home/jetson/slash_ws/install/vesc_msgs/lib:/usr/lib/aarch64-linux-gnu/gazebo-11/plugins:/opt/ros/foxy/opt/yaml_cpp_vendor/lib:/opt/ros/foxy/opt/rviz_ogre_vendor/lib:/opt/ros/foxy/lib/aarch64-linux-gnu:/opt/ros/foxy/lib:/usr/local/cuda-11.4/lib64 PYTHONPATH=/home/jetson/slash_ws/install/vesc_msgs/lib/python3.8/site-packages:${PYTHONPATH} /usr/bin/cmake --build /home/jetson/slash_ws/build/vesc_driver -- -j8 -l8
[78.991s] DEBUG:colcon.colcon_core.event_handler.log_command:Invoking command in '/home/jetson/slash_ws/build/vesc_driver': AMENT_PREFIX_PATH=/home/jetson/slash_ws/install/vesc_msgs:${AMENT_PREFIX_PATH} CMAKE_PREFIX_PATH=/home/jetson/slash_ws/install/vesc_msgs:/opt/ros/foxy LD_LIBRARY_PATH=/home/jetson/slash_ws/install/vesc_msgs/lib:/usr/lib/aarch64-linux-gnu/gazebo-11/plugins:/opt/ros/foxy/opt/yaml_cpp_vendor/lib:/opt/ros/foxy/opt/rviz_ogre_vendor/lib:/opt/ros/foxy/lib/aarch64-linux-gnu:/opt/ros/foxy/lib:/usr/local/cuda-11.4/lib64 PYTHONPATH=/home/jetson/slash_ws/install/vesc_msgs/lib/python3.8/site-packages:${PYTHONPATH} /usr/bin/cmake --install /home/jetson/slash_ws/build/vesc_driver
[79.754s] Level 1:colcon.colcon_core.environment:create_environment_scripts_only(vesc_driver)
[79.756s] Level 1:colcon.colcon_core.environment:checking '/home/jetson/slash_ws/install/vesc_driver' for CMake module files
[79.757s] Level 1:colcon.colcon_core.environment:checking '/home/jetson/slash_ws/install/vesc_driver' for CMake config files
[79.758s] Level 1:colcon.colcon_core.shell:create_environment_hook('vesc_driver', 'cmake_prefix_path')
[79.759s] INFO:colcon.colcon_core.shell:Creating environment hook '/home/jetson/slash_ws/install/vesc_driver/share/vesc_driver/hook/cmake_prefix_path.ps1'
[79.761s] DEBUG:colcon.colcon_core.event_handler.log_command:Invoked command in '/home/jetson/slash_ws/build/vesc_driver' returned '0': AMENT_PREFIX_PATH=/home/jetson/slash_ws/install/vesc_msgs:${AMENT_PREFIX_PATH} CMAKE_PREFIX_PATH=/home/jetson/slash_ws/install/vesc_msgs:/opt/ros/foxy LD_LIBRARY_PATH=/home/jetson/slash_ws/install/vesc_msgs/lib:/usr/lib/aarch64-linux-gnu/gazebo-11/plugins:/opt/ros/foxy/opt/yaml_cpp_vendor/lib:/opt/ros/foxy/opt/rviz_ogre_vendor/lib:/opt/ros/foxy/lib/aarch64-linux-gnu:/opt/ros/foxy/lib:/usr/local/cuda-11.4/lib64 PYTHONPATH=/home/jetson/slash_ws/install/vesc_msgs/lib/python3.8/site-packages:${PYTHONPATH} /usr/bin/cmake --install /home/jetson/slash_ws/build/vesc_driver
[79.762s] INFO:colcon.colcon_core.shell:Creating environment descriptor '/home/jetson/slash_ws/install/vesc_driver/share/vesc_driver/hook/cmake_prefix_path.dsv'
[79.763s] INFO:colcon.colcon_core.shell:Creating environment hook '/home/jetson/slash_ws/install/vesc_driver/share/vesc_driver/hook/cmake_prefix_path.sh'
[79.764s] Level 1:colcon.colcon_core.environment:checking '/home/jetson/slash_ws/install/vesc_driver/lib'
[79.764s] Level 1:colcon.colcon_core.shell:create_environment_hook('vesc_driver', 'ld_library_path_lib')
[79.765s] INFO:colcon.colcon_core.shell:Creating environment hook '/home/jetson/slash_ws/install/vesc_driver/share/vesc_driver/hook/ld_library_path_lib.ps1'
[79.766s] INFO:colcon.colcon_core.shell:Creating environment descriptor '/home/jetson/slash_ws/install/vesc_driver/share/vesc_driver/hook/ld_library_path_lib.dsv'
[79.767s] INFO:colcon.colcon_core.shell:Creating environment hook '/home/jetson/slash_ws/install/vesc_driver/share/vesc_driver/hook/ld_library_path_lib.sh'
[79.767s] Level 1:colcon.colcon_core.environment:checking '/home/jetson/slash_ws/install/vesc_driver/bin'
[79.767s] Level 1:colcon.colcon_core.environment:checking '/home/jetson/slash_ws/install/vesc_driver/lib/pkgconfig/vesc_driver.pc'
[79.768s] Level 1:colcon.colcon_core.environment:checking '/home/jetson/slash_ws/install/vesc_driver/lib/python3.8/site-packages'
[79.768s] Level 1:colcon.colcon_core.environment:checking '/home/jetson/slash_ws/install/vesc_driver/bin'
[79.769s] INFO:colcon.colcon_core.shell:Creating package script '/home/jetson/slash_ws/install/vesc_driver/share/vesc_driver/package.ps1'
[79.770s] INFO:colcon.colcon_core.shell:Creating package descriptor '/home/jetson/slash_ws/install/vesc_driver/share/vesc_driver/package.dsv'
[79.771s] INFO:colcon.colcon_core.shell:Creating package script '/home/jetson/slash_ws/install/vesc_driver/share/vesc_driver/package.sh'
[79.772s] INFO:colcon.colcon_core.shell:Creating package script '/home/jetson/slash_ws/install/vesc_driver/share/vesc_driver/package.bash'
[79.772s] INFO:colcon.colcon_core.shell:Creating package script '/home/jetson/slash_ws/install/vesc_driver/share/vesc_driver/package.zsh'
[79.773s] Level 1:colcon.colcon_core.environment:create_file_with_runtime_dependencies(/home/jetson/slash_ws/install/vesc_driver/share/colcon-core/packages/vesc_driver)
[79.854s] Level 1:colcon.colcon_core.environment:create_environment_scripts_only(vesc_driver)
[79.854s] Level 1:colcon.colcon_core.environment:checking '/home/jetson/slash_ws/install/vesc_driver' for CMake module files
[79.856s] Level 1:colcon.colcon_core.environment:checking '/home/jetson/slash_ws/install/vesc_driver' for CMake config files
[79.857s] Level 1:colcon.colcon_core.shell:create_environment_hook('vesc_driver', 'cmake_prefix_path')
[79.857s] INFO:colcon.colcon_core.shell:Creating environment hook '/home/jetson/slash_ws/install/vesc_driver/share/vesc_driver/hook/cmake_prefix_path.ps1'
[79.859s] INFO:colcon.colcon_core.shell:Creating environment descriptor '/home/jetson/slash_ws/install/vesc_driver/share/vesc_driver/hook/cmake_prefix_path.dsv'
[79.860s] INFO:colcon.colcon_core.shell:Creating environment hook '/home/jetson/slash_ws/install/vesc_driver/share/vesc_driver/hook/cmake_prefix_path.sh'
[79.879s] Level 1:colcon.colcon_core.environment:checking '/home/jetson/slash_ws/install/vesc_driver/lib'
[79.880s] Level 1:colcon.colcon_core.shell:create_environment_hook('vesc_driver', 'ld_library_path_lib')
[79.880s] INFO:colcon.colcon_core.shell:Creating environment hook '/home/jetson/slash_ws/install/vesc_driver/share/vesc_driver/hook/ld_library_path_lib.ps1'
[79.882s] INFO:colcon.colcon_core.shell:Creating environment descriptor '/home/jetson/slash_ws/install/vesc_driver/share/vesc_driver/hook/ld_library_path_lib.dsv'
[79.883s] INFO:colcon.colcon_core.shell:Creating environment hook '/home/jetson/slash_ws/install/vesc_driver/share/vesc_driver/hook/ld_library_path_lib.sh'
[79.885s] Level 1:colcon.colcon_core.environment:checking '/home/jetson/slash_ws/install/vesc_driver/bin'
[79.885s] Level 1:colcon.colcon_core.environment:checking '/home/jetson/slash_ws/install/vesc_driver/lib/pkgconfig/vesc_driver.pc'
[79.886s] Level 1:colcon.colcon_core.environment:checking '/home/jetson/slash_ws/install/vesc_driver/lib/python3.8/site-packages'
[79.887s] Level 1:colcon.colcon_core.environment:checking '/home/jetson/slash_ws/install/vesc_driver/bin'
[79.888s] INFO:colcon.colcon_core.shell:Creating package script '/home/jetson/slash_ws/install/vesc_driver/share/vesc_driver/package.ps1'
[79.889s] INFO:colcon.colcon_core.shell:Creating package descriptor '/home/jetson/slash_ws/install/vesc_driver/share/vesc_driver/package.dsv'
[79.890s] INFO:colcon.colcon_core.shell:Creating package script '/home/jetson/slash_ws/install/vesc_driver/share/vesc_driver/package.sh'
[79.891s] INFO:colcon.colcon_core.shell:Creating package script '/home/jetson/slash_ws/install/vesc_driver/share/vesc_driver/package.bash'
[79.892s] INFO:colcon.colcon_core.shell:Creating package script '/home/jetson/slash_ws/install/vesc_driver/share/vesc_driver/package.zsh'
[79.893s] Level 1:colcon.colcon_core.environment:create_file_with_runtime_dependencies(/home/jetson/slash_ws/install/vesc_driver/share/colcon-core/packages/vesc_driver)
[90.394s] DEBUG:colcon.colcon_core.event_handler.log_command:Invoked command in '/home/jetson/slash_ws/build/vesc_ackermann' returned '0': AMENT_PREFIX_PATH=/home/jetson/slash_ws/install/vesc_msgs:${AMENT_PREFIX_PATH} CMAKE_PREFIX_PATH=/home/jetson/slash_ws/install/vesc_msgs:/opt/ros/foxy LD_LIBRARY_PATH=/home/jetson/slash_ws/install/vesc_msgs/lib:/usr/lib/aarch64-linux-gnu/gazebo-11/plugins:/opt/ros/foxy/opt/yaml_cpp_vendor/lib:/opt/ros/foxy/opt/rviz_ogre_vendor/lib:/opt/ros/foxy/lib/aarch64-linux-gnu:/opt/ros/foxy/lib:/usr/local/cuda-11.4/lib64 PYTHONPATH=/home/jetson/slash_ws/install/vesc_msgs/lib/python3.8/site-packages:${PYTHONPATH} /usr/bin/cmake --build /home/jetson/slash_ws/build/vesc_ackermann -- -j8 -l8
[90.464s] DEBUG:colcon.colcon_core.event_handler.log_command:Invoking command in '/home/jetson/slash_ws/build/vesc_ackermann': AMENT_PREFIX_PATH=/home/jetson/slash_ws/install/vesc_msgs:${AMENT_PREFIX_PATH} CMAKE_PREFIX_PATH=/home/jetson/slash_ws/install/vesc_msgs:/opt/ros/foxy LD_LIBRARY_PATH=/home/jetson/slash_ws/install/vesc_msgs/lib:/usr/lib/aarch64-linux-gnu/gazebo-11/plugins:/opt/ros/foxy/opt/yaml_cpp_vendor/lib:/opt/ros/foxy/opt/rviz_ogre_vendor/lib:/opt/ros/foxy/lib/aarch64-linux-gnu:/opt/ros/foxy/lib:/usr/local/cuda-11.4/lib64 PYTHONPATH=/home/jetson/slash_ws/install/vesc_msgs/lib/python3.8/site-packages:${PYTHONPATH} /usr/bin/cmake --install /home/jetson/slash_ws/build/vesc_ackermann
[91.099s] Level 1:colcon.colcon_core.environment:create_environment_scripts_only(vesc_ackermann)
[91.100s] Level 1:colcon.colcon_core.environment:checking '/home/jetson/slash_ws/install/vesc_ackermann' for CMake module files
[91.102s] Level 1:colcon.colcon_core.environment:checking '/home/jetson/slash_ws/install/vesc_ackermann' for CMake config files
[91.102s] Level 1:colcon.colcon_core.shell:create_environment_hook('vesc_ackermann', 'cmake_prefix_path')
[91.103s] INFO:colcon.colcon_core.shell:Creating environment hook '/home/jetson/slash_ws/install/vesc_ackermann/share/vesc_ackermann/hook/cmake_prefix_path.ps1'
[91.105s] INFO:colcon.colcon_core.shell:Creating environment descriptor '/home/jetson/slash_ws/install/vesc_ackermann/share/vesc_ackermann/hook/cmake_prefix_path.dsv'
[91.105s] INFO:colcon.colcon_core.shell:Creating environment hook '/home/jetson/slash_ws/install/vesc_ackermann/share/vesc_ackermann/hook/cmake_prefix_path.sh'
[91.107s] Level 1:colcon.colcon_core.environment:checking '/home/jetson/slash_ws/install/vesc_ackermann/lib'
[91.108s] DEBUG:colcon.colcon_core.event_handler.log_command:Invoked command in '/home/jetson/slash_ws/build/vesc_ackermann' returned '0': AMENT_PREFIX_PATH=/home/jetson/slash_ws/install/vesc_msgs:${AMENT_PREFIX_PATH} CMAKE_PREFIX_PATH=/home/jetson/slash_ws/install/vesc_msgs:/opt/ros/foxy LD_LIBRARY_PATH=/home/jetson/slash_ws/install/vesc_msgs/lib:/usr/lib/aarch64-linux-gnu/gazebo-11/plugins:/opt/ros/foxy/opt/yaml_cpp_vendor/lib:/opt/ros/foxy/opt/rviz_ogre_vendor/lib:/opt/ros/foxy/lib/aarch64-linux-gnu:/opt/ros/foxy/lib:/usr/local/cuda-11.4/lib64 PYTHONPATH=/home/jetson/slash_ws/install/vesc_msgs/lib/python3.8/site-packages:${PYTHONPATH} /usr/bin/cmake --install /home/jetson/slash_ws/build/vesc_ackermann
[91.109s] Level 1:colcon.colcon_core.shell:create_environment_hook('vesc_ackermann', 'ld_library_path_lib')
[91.109s] INFO:colcon.colcon_core.shell:Creating environment hook '/home/jetson/slash_ws/install/vesc_ackermann/share/vesc_ackermann/hook/ld_library_path_lib.ps1'
[91.110s] INFO:colcon.colcon_core.shell:Creating environment descriptor '/home/jetson/slash_ws/install/vesc_ackermann/share/vesc_ackermann/hook/ld_library_path_lib.dsv'
[91.111s] INFO:colcon.colcon_core.shell:Creating environment hook '/home/jetson/slash_ws/install/vesc_ackermann/share/vesc_ackermann/hook/ld_library_path_lib.sh'
[91.112s] Level 1:colcon.colcon_core.environment:checking '/home/jetson/slash_ws/install/vesc_ackermann/bin'
[91.112s] Level 1:colcon.colcon_core.environment:checking '/home/jetson/slash_ws/install/vesc_ackermann/lib/pkgconfig/vesc_ackermann.pc'
[91.113s] Level 1:colcon.colcon_core.environment:checking '/home/jetson/slash_ws/install/vesc_ackermann/lib/python3.8/site-packages'
[91.113s] Level 1:colcon.colcon_core.environment:checking '/home/jetson/slash_ws/install/vesc_ackermann/bin'
[91.114s] INFO:colcon.colcon_core.shell:Creating package script '/home/jetson/slash_ws/install/vesc_ackermann/share/vesc_ackermann/package.ps1'
[91.115s] INFO:colcon.colcon_core.shell:Creating package descriptor '/home/jetson/slash_ws/install/vesc_ackermann/share/vesc_ackermann/package.dsv'
[91.116s] INFO:colcon.colcon_core.shell:Creating package script '/home/jetson/slash_ws/install/vesc_ackermann/share/vesc_ackermann/package.sh'
[91.117s] INFO:colcon.colcon_core.shell:Creating package script '/home/jetson/slash_ws/install/vesc_ackermann/share/vesc_ackermann/package.bash'
[91.118s] INFO:colcon.colcon_core.shell:Creating package script '/home/jetson/slash_ws/install/vesc_ackermann/share/vesc_ackermann/package.zsh'
[91.119s] Level 1:colcon.colcon_core.environment:create_file_with_runtime_dependencies(/home/jetson/slash_ws/install/vesc_ackermann/share/colcon-core/packages/vesc_ackermann)
[91.198s] Level 1:colcon.colcon_core.environment:create_environment_scripts_only(vesc_ackermann)
[91.199s] Level 1:colcon.colcon_core.environment:checking '/home/jetson/slash_ws/install/vesc_ackermann' for CMake module files
[91.200s] Level 1:colcon.colcon_core.environment:checking '/home/jetson/slash_ws/install/vesc_ackermann' for CMake config files
[91.201s] Level 1:colcon.colcon_core.shell:create_environment_hook('vesc_ackermann', 'cmake_prefix_path')
[91.201s] INFO:colcon.colcon_core.shell:Creating environment hook '/home/jetson/slash_ws/install/vesc_ackermann/share/vesc_ackermann/hook/cmake_prefix_path.ps1'
[91.203s] INFO:colcon.colcon_core.shell:Creating environment descriptor '/home/jetson/slash_ws/install/vesc_ackermann/share/vesc_ackermann/hook/cmake_prefix_path.dsv'
[91.204s] INFO:colcon.colcon_core.shell:Creating environment hook '/home/jetson/slash_ws/install/vesc_ackermann/share/vesc_ackermann/hook/cmake_prefix_path.sh'
[91.205s] Level 1:colcon.colcon_core.environment:checking '/home/jetson/slash_ws/install/vesc_ackermann/lib'
[91.205s] Level 1:colcon.colcon_core.shell:create_environment_hook('vesc_ackermann', 'ld_library_path_lib')
[91.206s] INFO:colcon.colcon_core.shell:Creating environment hook '/home/jetson/slash_ws/install/vesc_ackermann/share/vesc_ackermann/hook/ld_library_path_lib.ps1'
[91.206s] INFO:colcon.colcon_core.shell:Creating environment descriptor '/home/jetson/slash_ws/install/vesc_ackermann/share/vesc_ackermann/hook/ld_library_path_lib.dsv'
[91.207s] INFO:colcon.colcon_core.shell:Creating environment hook '/home/jetson/slash_ws/install/vesc_ackermann/share/vesc_ackermann/hook/ld_library_path_lib.sh'
[91.208s] Level 1:colcon.colcon_core.environment:checking '/home/jetson/slash_ws/install/vesc_ackermann/bin'
[91.208s] Level 1:colcon.colcon_core.environment:checking '/home/jetson/slash_ws/install/vesc_ackermann/lib/pkgconfig/vesc_ackermann.pc'
[91.209s] Level 1:colcon.colcon_core.environment:checking '/home/jetson/slash_ws/install/vesc_ackermann/lib/python3.8/site-packages'
[91.209s] Level 1:colcon.colcon_core.environment:checking '/home/jetson/slash_ws/install/vesc_ackermann/bin'
[91.209s] INFO:colcon.colcon_core.shell:Creating package script '/home/jetson/slash_ws/install/vesc_ackermann/share/vesc_ackermann/package.ps1'
[91.211s] INFO:colcon.colcon_core.shell:Creating package descriptor '/home/jetson/slash_ws/install/vesc_ackermann/share/vesc_ackermann/package.dsv'
[91.212s] INFO:colcon.colcon_core.shell:Creating package script '/home/jetson/slash_ws/install/vesc_ackermann/share/vesc_ackermann/package.sh'
[91.213s] INFO:colcon.colcon_core.shell:Creating package script '/home/jetson/slash_ws/install/vesc_ackermann/share/vesc_ackermann/package.bash'
[91.214s] INFO:colcon.colcon_core.shell:Creating package script '/home/jetson/slash_ws/install/vesc_ackermann/share/vesc_ackermann/package.zsh'
[91.215s] Level 1:colcon.colcon_core.environment:create_file_with_runtime_dependencies(/home/jetson/slash_ws/install/vesc_ackermann/share/colcon-core/packages/vesc_ackermann)
[91.216s] INFO:colcon.colcon_ros.task.ament_cmake.build:Building ROS package in '/home/jetson/slash_ws/src/slash_hardware/f1tenth_system/vesc/vesc' with build type 'ament_cmake'
[91.216s] INFO:colcon.colcon_cmake.task.cmake.build:Building CMake package in '/home/jetson/slash_ws/src/slash_hardware/f1tenth_system/vesc/vesc'
[91.217s] INFO:colcon.colcon_core.shell:Skip shell extension 'powershell' for command environment: Not usable outside of PowerShell
[91.217s] DEBUG:colcon.colcon_core.shell:Skip shell extension 'dsv' for command environment
[91.260s] DEBUG:colcon.colcon_core.event_handler.log_command:Invoking command in '/home/jetson/slash_ws/build/vesc': AMENT_PREFIX_PATH=/home/jetson/slash_ws/install/vesc_driver:/home/jetson/slash_ws/install/vesc_ackermann:/home/jetson/slash_ws/install/vesc_msgs:${AMENT_PREFIX_PATH} CMAKE_PREFIX_PATH=/home/jetson/slash_ws/install/vesc_driver:/home/jetson/slash_ws/install/vesc_ackermann:/home/jetson/slash_ws/install/vesc_msgs:/opt/ros/foxy LD_LIBRARY_PATH=/home/jetson/slash_ws/install/vesc_driver/lib:/home/jetson/slash_ws/install/vesc_ackermann/lib:/home/jetson/slash_ws/install/vesc_msgs/lib:/usr/lib/aarch64-linux-gnu/gazebo-11/plugins:/opt/ros/foxy/opt/yaml_cpp_vendor/lib:/opt/ros/foxy/opt/rviz_ogre_vendor/lib:/opt/ros/foxy/lib/aarch64-linux-gnu:/opt/ros/foxy/lib:/usr/local/cuda-11.4/lib64 PYTHONPATH=/home/jetson/slash_ws/install/vesc_msgs/lib/python3.8/site-packages:${PYTHONPATH} /usr/bin/cmake /home/jetson/slash_ws/src/slash_hardware/f1tenth_system/vesc/vesc -DAMENT_CMAKE_SYMLINK_INSTALL=1 -DCMAKE_INSTALL_PREFIX=/home/jetson/slash_ws/install/vesc
[92.898s] DEBUG:colcon.colcon_core.event_handler.log_command:Invoked command in '/home/jetson/slash_ws/build/vesc' returned '0': AMENT_PREFIX_PATH=/home/jetson/slash_ws/install/vesc_driver:/home/jetson/slash_ws/install/vesc_ackermann:/home/jetson/slash_ws/install/vesc_msgs:${AMENT_PREFIX_PATH} CMAKE_PREFIX_PATH=/home/jetson/slash_ws/install/vesc_driver:/home/jetson/slash_ws/install/vesc_ackermann:/home/jetson/slash_ws/install/vesc_msgs:/opt/ros/foxy LD_LIBRARY_PATH=/home/jetson/slash_ws/install/vesc_driver/lib:/home/jetson/slash_ws/install/vesc_ackermann/lib:/home/jetson/slash_ws/install/vesc_msgs/lib:/usr/lib/aarch64-linux-gnu/gazebo-11/plugins:/opt/ros/foxy/opt/yaml_cpp_vendor/lib:/opt/ros/foxy/opt/rviz_ogre_vendor/lib:/opt/ros/foxy/lib/aarch64-linux-gnu:/opt/ros/foxy/lib:/usr/local/cuda-11.4/lib64 PYTHONPATH=/home/jetson/slash_ws/install/vesc_msgs/lib/python3.8/site-packages:${PYTHONPATH} /usr/bin/cmake /home/jetson/slash_ws/src/slash_hardware/f1tenth_system/vesc/vesc -DAMENT_CMAKE_SYMLINK_INSTALL=1 -DCMAKE_INSTALL_PREFIX=/home/jetson/slash_ws/install/vesc
[92.905s] DEBUG:colcon.colcon_core.event_handler.log_command:Invoking command in '/home/jetson/slash_ws/build/vesc': AMENT_PREFIX_PATH=/home/jetson/slash_ws/install/vesc_driver:/home/jetson/slash_ws/install/vesc_ackermann:/home/jetson/slash_ws/install/vesc_msgs:${AMENT_PREFIX_PATH} CMAKE_PREFIX_PATH=/home/jetson/slash_ws/install/vesc_driver:/home/jetson/slash_ws/install/vesc_ackermann:/home/jetson/slash_ws/install/vesc_msgs:/opt/ros/foxy LD_LIBRARY_PATH=/home/jetson/slash_ws/install/vesc_driver/lib:/home/jetson/slash_ws/install/vesc_ackermann/lib:/home/jetson/slash_ws/install/vesc_msgs/lib:/usr/lib/aarch64-linux-gnu/gazebo-11/plugins:/opt/ros/foxy/opt/yaml_cpp_vendor/lib:/opt/ros/foxy/opt/rviz_ogre_vendor/lib:/opt/ros/foxy/lib/aarch64-linux-gnu:/opt/ros/foxy/lib:/usr/local/cuda-11.4/lib64 PYTHONPATH=/home/jetson/slash_ws/install/vesc_msgs/lib/python3.8/site-packages:${PYTHONPATH} /usr/bin/cmake --build /home/jetson/slash_ws/build/vesc -- -j8 -l8
[92.997s] DEBUG:colcon.colcon_core.event_handler.log_command:Invoked command in '/home/jetson/slash_ws/build/vesc' returned '0': AMENT_PREFIX_PATH=/home/jetson/slash_ws/install/vesc_driver:/home/jetson/slash_ws/install/vesc_ackermann:/home/jetson/slash_ws/install/vesc_msgs:${AMENT_PREFIX_PATH} CMAKE_PREFIX_PATH=/home/jetson/slash_ws/install/vesc_driver:/home/jetson/slash_ws/install/vesc_ackermann:/home/jetson/slash_ws/install/vesc_msgs:/opt/ros/foxy LD_LIBRARY_PATH=/home/jetson/slash_ws/install/vesc_driver/lib:/home/jetson/slash_ws/install/vesc_ackermann/lib:/home/jetson/slash_ws/install/vesc_msgs/lib:/usr/lib/aarch64-linux-gnu/gazebo-11/plugins:/opt/ros/foxy/opt/yaml_cpp_vendor/lib:/opt/ros/foxy/opt/rviz_ogre_vendor/lib:/opt/ros/foxy/lib/aarch64-linux-gnu:/opt/ros/foxy/lib:/usr/local/cuda-11.4/lib64 PYTHONPATH=/home/jetson/slash_ws/install/vesc_msgs/lib/python3.8/site-packages:${PYTHONPATH} /usr/bin/cmake --build /home/jetson/slash_ws/build/vesc -- -j8 -l8
[93.067s] DEBUG:colcon.colcon_core.event_handler.log_command:Invoking command in '/home/jetson/slash_ws/build/vesc': AMENT_PREFIX_PATH=/home/jetson/slash_ws/install/vesc_driver:/home/jetson/slash_ws/install/vesc_ackermann:/home/jetson/slash_ws/install/vesc_msgs:${AMENT_PREFIX_PATH} CMAKE_PREFIX_PATH=/home/jetson/slash_ws/install/vesc_driver:/home/jetson/slash_ws/install/vesc_ackermann:/home/jetson/slash_ws/install/vesc_msgs:/opt/ros/foxy LD_LIBRARY_PATH=/home/jetson/slash_ws/install/vesc_driver/lib:/home/jetson/slash_ws/install/vesc_ackermann/lib:/home/jetson/slash_ws/install/vesc_msgs/lib:/usr/lib/aarch64-linux-gnu/gazebo-11/plugins:/opt/ros/foxy/opt/yaml_cpp_vendor/lib:/opt/ros/foxy/opt/rviz_ogre_vendor/lib:/opt/ros/foxy/lib/aarch64-linux-gnu:/opt/ros/foxy/lib:/usr/local/cuda-11.4/lib64 PYTHONPATH=/home/jetson/slash_ws/install/vesc_msgs/lib/python3.8/site-packages:${PYTHONPATH} /usr/bin/cmake --install /home/jetson/slash_ws/build/vesc
[93.463s] Level 1:colcon.colcon_core.environment:create_environment_scripts_only(vesc)
[93.464s] Level 1:colcon.colcon_core.environment:checking '/home/jetson/slash_ws/install/vesc' for CMake module files
[93.466s] DEBUG:colcon.colcon_core.event_handler.log_command:Invoked command in '/home/jetson/slash_ws/build/vesc' returned '0': AMENT_PREFIX_PATH=/home/jetson/slash_ws/install/vesc_driver:/home/jetson/slash_ws/install/vesc_ackermann:/home/jetson/slash_ws/install/vesc_msgs:${AMENT_PREFIX_PATH} CMAKE_PREFIX_PATH=/home/jetson/slash_ws/install/vesc_driver:/home/jetson/slash_ws/install/vesc_ackermann:/home/jetson/slash_ws/install/vesc_msgs:/opt/ros/foxy LD_LIBRARY_PATH=/home/jetson/slash_ws/install/vesc_driver/lib:/home/jetson/slash_ws/install/vesc_ackermann/lib:/home/jetson/slash_ws/install/vesc_msgs/lib:/usr/lib/aarch64-linux-gnu/gazebo-11/plugins:/opt/ros/foxy/opt/yaml_cpp_vendor/lib:/opt/ros/foxy/opt/rviz_ogre_vendor/lib:/opt/ros/foxy/lib/aarch64-linux-gnu:/opt/ros/foxy/lib:/usr/local/cuda-11.4/lib64 PYTHONPATH=/home/jetson/slash_ws/install/vesc_msgs/lib/python3.8/site-packages:${PYTHONPATH} /usr/bin/cmake --install /home/jetson/slash_ws/build/vesc
[93.467s] Level 1:colcon.colcon_core.environment:checking '/home/jetson/slash_ws/install/vesc' for CMake config files
[93.467s] Level 1:colcon.colcon_core.shell:create_environment_hook('vesc', 'cmake_prefix_path')
[93.468s] INFO:colcon.colcon_core.shell:Creating environment hook '/home/jetson/slash_ws/install/vesc/share/vesc/hook/cmake_prefix_path.ps1'
[93.470s] INFO:colcon.colcon_core.shell:Creating environment descriptor '/home/jetson/slash_ws/install/vesc/share/vesc/hook/cmake_prefix_path.dsv'
[93.471s] INFO:colcon.colcon_core.shell:Creating environment hook '/home/jetson/slash_ws/install/vesc/share/vesc/hook/cmake_prefix_path.sh'
[93.474s] Level 1:colcon.colcon_core.environment:checking '/home/jetson/slash_ws/install/vesc/bin'
[93.474s] Level 1:colcon.colcon_core.environment:checking '/home/jetson/slash_ws/install/vesc/lib/pkgconfig/vesc.pc'
[93.475s] Level 1:colcon.colcon_core.environment:checking '/home/jetson/slash_ws/install/vesc/lib/python3.8/site-packages'
[93.475s] Level 1:colcon.colcon_core.environment:checking '/home/jetson/slash_ws/install/vesc/bin'
[93.476s] INFO:colcon.colcon_core.shell:Creating package script '/home/jetson/slash_ws/install/vesc/share/vesc/package.ps1'
[93.477s] INFO:colcon.colcon_core.shell:Creating package descriptor '/home/jetson/slash_ws/install/vesc/share/vesc/package.dsv'
[93.479s] INFO:colcon.colcon_core.shell:Creating package script '/home/jetson/slash_ws/install/vesc/share/vesc/package.sh'
[93.480s] INFO:colcon.colcon_core.shell:Creating package script '/home/jetson/slash_ws/install/vesc/share/vesc/package.bash'
[93.481s] INFO:colcon.colcon_core.shell:Creating package script '/home/jetson/slash_ws/install/vesc/share/vesc/package.zsh'
[93.482s] Level 1:colcon.colcon_core.environment:create_file_with_runtime_dependencies(/home/jetson/slash_ws/install/vesc/share/colcon-core/packages/vesc)
[93.530s] Level 1:colcon.colcon_core.environment:create_environment_scripts_only(vesc)
[93.531s] Level 1:colcon.colcon_core.environment:checking '/home/jetson/slash_ws/install/vesc' for CMake module files
[93.532s] Level 1:colcon.colcon_core.environment:checking '/home/jetson/slash_ws/install/vesc' for CMake config files
[93.533s] Level 1:colcon.colcon_core.shell:create_environment_hook('vesc', 'cmake_prefix_path')
[93.534s] INFO:colcon.colcon_core.shell:Creating environment hook '/home/jetson/slash_ws/install/vesc/share/vesc/hook/cmake_prefix_path.ps1'
[93.536s] INFO:colcon.colcon_core.shell:Creating environment descriptor '/home/jetson/slash_ws/install/vesc/share/vesc/hook/cmake_prefix_path.dsv'
[93.539s] INFO:colcon.colcon_core.shell:Creating environment hook '/home/jetson/slash_ws/install/vesc/share/vesc/hook/cmake_prefix_path.sh'
[93.541s] Level 1:colcon.colcon_core.environment:checking '/home/jetson/slash_ws/install/vesc/bin'
[93.542s] Level 1:colcon.colcon_core.environment:checking '/home/jetson/slash_ws/install/vesc/lib/pkgconfig/vesc.pc'
[93.542s] Level 1:colcon.colcon_core.environment:checking '/home/jetson/slash_ws/install/vesc/lib/python3.8/site-packages'
[93.543s] Level 1:colcon.colcon_core.environment:checking '/home/jetson/slash_ws/install/vesc/bin'
[93.543s] INFO:colcon.colcon_core.shell:Creating package script '/home/jetson/slash_ws/install/vesc/share/vesc/package.ps1'
[93.546s] INFO:colcon.colcon_core.shell:Creating package descriptor '/home/jetson/slash_ws/install/vesc/share/vesc/package.dsv'
[93.549s] INFO:colcon.colcon_core.shell:Creating package script '/home/jetson/slash_ws/install/vesc/share/vesc/package.sh'
[93.550s] INFO:colcon.colcon_core.shell:Creating package script '/home/jetson/slash_ws/install/vesc/share/vesc/package.bash'
[93.552s] INFO:colcon.colcon_core.shell:Creating package script '/home/jetson/slash_ws/install/vesc/share/vesc/package.zsh'
[93.554s] Level 1:colcon.colcon_core.environment:create_file_with_runtime_dependencies(/home/jetson/slash_ws/install/vesc/share/colcon-core/packages/vesc)
[93.558s] INFO:colcon.colcon_ros.task.ament_python.build:Building ROS package in '/home/jetson/slash_ws/src/slash_hardware/f1tenth_system/f1tenth_stack' with build type 'ament_python'
[93.558s] Level 1:colcon.colcon_core.shell:create_environment_hook('f1tenth_stack', 'ament_prefix_path')
[93.560s] INFO:colcon.colcon_core.shell:Creating environment hook '/home/jetson/slash_ws/install/f1tenth_stack/share/f1tenth_stack/hook/ament_prefix_path.ps1'
[93.563s] INFO:colcon.colcon_core.shell:Creating environment descriptor '/home/jetson/slash_ws/install/f1tenth_stack/share/f1tenth_stack/hook/ament_prefix_path.dsv'
[93.564s] INFO:colcon.colcon_core.shell:Creating environment hook '/home/jetson/slash_ws/install/f1tenth_stack/share/f1tenth_stack/hook/ament_prefix_path.sh'
[93.565s] INFO:colcon.colcon_core.shell:Skip shell extension 'powershell' for command environment: Not usable outside of PowerShell
[93.565s] DEBUG:colcon.colcon_core.shell:Skip shell extension 'dsv' for command environment
[94.072s] INFO:colcon.colcon_core.task.python.build:Building Python package in '/home/jetson/slash_ws/src/slash_hardware/f1tenth_system/f1tenth_stack'
[94.073s] INFO:colcon.colcon_core.shell:Skip shell extension 'powershell' for command environment: Not usable outside of PowerShell
[94.073s] DEBUG:colcon.colcon_core.shell:Skip shell extension 'dsv' for command environment
[95.006s] DEBUG:colcon.colcon_core.event_handler.log_command:Invoking command in '/home/jetson/slash_ws/build/f1tenth_stack': AMENT_PREFIX_PATH=/home/jetson/slash_ws/install/vesc:/home/jetson/slash_ws/install/vesc_driver:/home/jetson/slash_ws/install/vesc_ackermann:/home/jetson/slash_ws/install/joy_teleop:/home/jetson/slash_ws/install/vesc_msgs:/home/jetson/slash_ws/install/teleop_tools_msgs:/home/jetson/slash_ws/install/ackermann_mux:${AMENT_PREFIX_PATH} CMAKE_PREFIX_PATH=/home/jetson/slash_ws/install/vesc:/home/jetson/slash_ws/install/vesc_driver:/home/jetson/slash_ws/install/vesc_ackermann:/home/jetson/slash_ws/install/vesc_msgs:/home/jetson/slash_ws/install/teleop_tools_msgs:/home/jetson/slash_ws/install/ackermann_mux LD_LIBRARY_PATH=/home/jetson/slash_ws/install/vesc_driver/lib:/home/jetson/slash_ws/install/vesc_ackermann/lib:/home/jetson/slash_ws/install/vesc_msgs/lib:/home/jetson/slash_ws/install/teleop_tools_msgs/lib:/usr/lib/aarch64-linux-gnu/gazebo-11/plugins:/opt/ros/foxy/opt/yaml_cpp_vendor/lib:/opt/ros/foxy/opt/rviz_ogre_vendor/lib:/opt/ros/foxy/lib/aarch64-linux-gnu:/opt/ros/foxy/lib:/usr/local/cuda-11.4/lib64 PYTHONPATH=/home/jetson/slash_ws/build/f1tenth_stack/prefix_override:/usr/lib/python3/dist-packages/colcon_core/task/python/colcon_distutils_commands:/home/jetson/slash_ws/install/f1tenth_stack/lib/python3.8/site-packages:/home/jetson/slash_ws/build/joy_teleop:/home/jetson/slash_ws/install/joy_teleop/lib/python3.8/site-packages:/home/jetson/slash_ws/install/vesc_msgs/lib/python3.8/site-packages:/home/jetson/slash_ws/install/teleop_tools_msgs/lib/python3.8/site-packages:${PYTHONPATH} /usr/bin/python3 -W ignore:setup.py install is deprecated setup.py develop --editable --build-directory /home/jetson/slash_ws/build/f1tenth_stack/build --no-deps symlink_data
[96.048s] Level 1:colcon.colcon_core.shell:create_environment_hook('f1tenth_stack', 'pythonpath_develop')
[96.050s] INFO:colcon.colcon_core.shell:Creating environment hook '/home/jetson/slash_ws/build/f1tenth_stack/share/f1tenth_stack/hook/pythonpath_develop.ps1'
[96.052s] INFO:colcon.colcon_core.shell:Creating environment descriptor '/home/jetson/slash_ws/build/f1tenth_stack/share/f1tenth_stack/hook/pythonpath_develop.dsv'
[96.053s] INFO:colcon.colcon_core.shell:Creating environment hook '/home/jetson/slash_ws/build/f1tenth_stack/share/f1tenth_stack/hook/pythonpath_develop.sh'
[96.049s] DEBUG:colcon.colcon_core.event_handler.log_command:Invoked command in '/home/jetson/slash_ws/build/f1tenth_stack' returned '0': AMENT_PREFIX_PATH=/home/jetson/slash_ws/install/vesc:/home/jetson/slash_ws/install/vesc_driver:/home/jetson/slash_ws/install/vesc_ackermann:/home/jetson/slash_ws/install/joy_teleop:/home/jetson/slash_ws/install/vesc_msgs:/home/jetson/slash_ws/install/teleop_tools_msgs:/home/jetson/slash_ws/install/ackermann_mux:${AMENT_PREFIX_PATH} CMAKE_PREFIX_PATH=/home/jetson/slash_ws/install/vesc:/home/jetson/slash_ws/install/vesc_driver:/home/jetson/slash_ws/install/vesc_ackermann:/home/jetson/slash_ws/install/vesc_msgs:/home/jetson/slash_ws/install/teleop_tools_msgs:/home/jetson/slash_ws/install/ackermann_mux LD_LIBRARY_PATH=/home/jetson/slash_ws/install/vesc_driver/lib:/home/jetson/slash_ws/install/vesc_ackermann/lib:/home/jetson/slash_ws/install/vesc_msgs/lib:/home/jetson/slash_ws/install/teleop_tools_msgs/lib:/usr/lib/aarch64-linux-gnu/gazebo-11/plugins:/opt/ros/foxy/opt/yaml_cpp_vendor/lib:/opt/ros/foxy/opt/rviz_ogre_vendor/lib:/opt/ros/foxy/lib/aarch64-linux-gnu:/opt/ros/foxy/lib:/usr/local/cuda-11.4/lib64 PYTHONPATH=/home/jetson/slash_ws/build/f1tenth_stack/prefix_override:/usr/lib/python3/dist-packages/colcon_core/task/python/colcon_distutils_commands:/home/jetson/slash_ws/install/f1tenth_stack/lib/python3.8/site-packages:/home/jetson/slash_ws/build/joy_teleop:/home/jetson/slash_ws/install/joy_teleop/lib/python3.8/site-packages:/home/jetson/slash_ws/install/vesc_msgs/lib/python3.8/site-packages:/home/jetson/slash_ws/install/teleop_tools_msgs/lib/python3.8/site-packages:${PYTHONPATH} /usr/bin/python3 -W ignore:setup.py install is deprecated setup.py develop --editable --build-directory /home/jetson/slash_ws/build/f1tenth_stack/build --no-deps symlink_data
[96.056s] Level 1:colcon.colcon_core.environment:checking '/home/jetson/slash_ws/install/f1tenth_stack' for CMake module files
[96.057s] Level 1:colcon.colcon_core.environment:checking '/home/jetson/slash_ws/install/f1tenth_stack' for CMake config files
[96.059s] Level 1:colcon.colcon_core.environment:checking '/home/jetson/slash_ws/install/f1tenth_stack/lib'
[96.059s] Level 1:colcon.colcon_core.environment:checking '/home/jetson/slash_ws/install/f1tenth_stack/bin'
[96.060s] Level 1:colcon.colcon_core.environment:checking '/home/jetson/slash_ws/install/f1tenth_stack/lib/pkgconfig/f1tenth_stack.pc'
[96.060s] Level 1:colcon.colcon_core.environment:checking '/home/jetson/slash_ws/install/f1tenth_stack/lib/python3.8/site-packages'
[96.060s] Level 1:colcon.colcon_core.shell:create_environment_hook('f1tenth_stack', 'pythonpath')
[96.063s] INFO:colcon.colcon_core.shell:Creating environment hook '/home/jetson/slash_ws/install/f1tenth_stack/share/f1tenth_stack/hook/pythonpath.ps1'
[96.065s] INFO:colcon.colcon_core.shell:Creating environment descriptor '/home/jetson/slash_ws/install/f1tenth_stack/share/f1tenth_stack/hook/pythonpath.dsv'
[96.065s] INFO:colcon.colcon_core.shell:Creating environment hook '/home/jetson/slash_ws/install/f1tenth_stack/share/f1tenth_stack/hook/pythonpath.sh'
[96.067s] Level 1:colcon.colcon_core.environment:checking '/home/jetson/slash_ws/install/f1tenth_stack/bin'
[96.067s] Level 1:colcon.colcon_core.environment:create_environment_scripts_only(f1tenth_stack)
[96.068s] INFO:colcon.colcon_core.shell:Creating package script '/home/jetson/slash_ws/install/f1tenth_stack/share/f1tenth_stack/package.ps1'
[96.069s] INFO:colcon.colcon_core.shell:Creating package descriptor '/home/jetson/slash_ws/install/f1tenth_stack/share/f1tenth_stack/package.dsv'
[96.070s] INFO:colcon.colcon_core.shell:Creating package script '/home/jetson/slash_ws/install/f1tenth_stack/share/f1tenth_stack/package.sh'
[96.072s] INFO:colcon.colcon_core.shell:Creating package script '/home/jetson/slash_ws/install/f1tenth_stack/share/f1tenth_stack/package.bash'
[96.073s] INFO:colcon.colcon_core.shell:Creating package script '/home/jetson/slash_ws/install/f1tenth_stack/share/f1tenth_stack/package.zsh'
[96.074s] Level 1:colcon.colcon_core.environment:create_file_with_runtime_dependencies(/home/jetson/slash_ws/install/f1tenth_stack/share/colcon-core/packages/f1tenth_stack)
[97.785s] DEBUG:colcon.colcon_core.event_handler.log_command:Invoked command in '/home/jetson/slash_ws/build/pointcloud_to_laserscan' returned '0': CMAKE_PREFIX_PATH=/opt/ros/foxy /usr/bin/cmake --build /home/jetson/slash_ws/build/pointcloud_to_laserscan -- -j8 -l8
[97.895s] DEBUG:colcon.colcon_core.event_handler.log_command:Invoking command in '/home/jetson/slash_ws/build/pointcloud_to_laserscan': CMAKE_PREFIX_PATH=/opt/ros/foxy /usr/bin/cmake --install /home/jetson/slash_ws/build/pointcloud_to_laserscan
[98.848s] Level 1:colcon.colcon_core.environment:create_environment_scripts_only(pointcloud_to_laserscan)
[98.850s] Level 1:colcon.colcon_core.environment:checking '/home/jetson/slash_ws/install/pointcloud_to_laserscan' for CMake module files
[98.851s] DEBUG:colcon.colcon_core.event_handler.log_command:Invoked command in '/home/jetson/slash_ws/build/pointcloud_to_laserscan' returned '0': CMAKE_PREFIX_PATH=/opt/ros/foxy /usr/bin/cmake --install /home/jetson/slash_ws/build/pointcloud_to_laserscan
[98.852s] Level 1:colcon.colcon_core.environment:checking '/home/jetson/slash_ws/install/pointcloud_to_laserscan' for CMake config files
[98.853s] Level 1:colcon.colcon_core.shell:create_environment_hook('pointcloud_to_laserscan', 'cmake_prefix_path')
[98.853s] INFO:colcon.colcon_core.shell:Creating environment hook '/home/jetson/slash_ws/install/pointcloud_to_laserscan/share/pointcloud_to_laserscan/hook/cmake_prefix_path.ps1'
[98.855s] INFO:colcon.colcon_core.shell:Creating environment descriptor '/home/jetson/slash_ws/install/pointcloud_to_laserscan/share/pointcloud_to_laserscan/hook/cmake_prefix_path.dsv'
[98.857s] INFO:colcon.colcon_core.shell:Creating environment hook '/home/jetson/slash_ws/install/pointcloud_to_laserscan/share/pointcloud_to_laserscan/hook/cmake_prefix_path.sh'
[98.859s] Level 1:colcon.colcon_core.environment:checking '/home/jetson/slash_ws/install/pointcloud_to_laserscan/lib'
[98.859s] Level 1:colcon.colcon_core.shell:create_environment_hook('pointcloud_to_laserscan', 'ld_library_path_lib')
[98.860s] INFO:colcon.colcon_core.shell:Creating environment hook '/home/jetson/slash_ws/install/pointcloud_to_laserscan/share/pointcloud_to_laserscan/hook/ld_library_path_lib.ps1'
[98.861s] INFO:colcon.colcon_core.shell:Creating environment descriptor '/home/jetson/slash_ws/install/pointcloud_to_laserscan/share/pointcloud_to_laserscan/hook/ld_library_path_lib.dsv'
[98.862s] INFO:colcon.colcon_core.shell:Creating environment hook '/home/jetson/slash_ws/install/pointcloud_to_laserscan/share/pointcloud_to_laserscan/hook/ld_library_path_lib.sh'
[98.863s] Level 1:colcon.colcon_core.environment:checking '/home/jetson/slash_ws/install/pointcloud_to_laserscan/bin'
[98.863s] Level 1:colcon.colcon_core.environment:checking '/home/jetson/slash_ws/install/pointcloud_to_laserscan/lib/pkgconfig/pointcloud_to_laserscan.pc'
[98.864s] Level 1:colcon.colcon_core.environment:checking '/home/jetson/slash_ws/install/pointcloud_to_laserscan/lib/python3.8/site-packages'
[98.864s] Level 1:colcon.colcon_core.environment:checking '/home/jetson/slash_ws/install/pointcloud_to_laserscan/bin'
[98.865s] INFO:colcon.colcon_core.shell:Creating package script '/home/jetson/slash_ws/install/pointcloud_to_laserscan/share/pointcloud_to_laserscan/package.ps1'
[98.869s] INFO:colcon.colcon_core.shell:Creating package descriptor '/home/jetson/slash_ws/install/pointcloud_to_laserscan/share/pointcloud_to_laserscan/package.dsv'
[98.871s] INFO:colcon.colcon_core.shell:Creating package script '/home/jetson/slash_ws/install/pointcloud_to_laserscan/share/pointcloud_to_laserscan/package.sh'
[98.872s] INFO:colcon.colcon_core.shell:Creating package script '/home/jetson/slash_ws/install/pointcloud_to_laserscan/share/pointcloud_to_laserscan/package.bash'
[98.873s] INFO:colcon.colcon_core.shell:Creating package script '/home/jetson/slash_ws/install/pointcloud_to_laserscan/share/pointcloud_to_laserscan/package.zsh'
[98.875s] Level 1:colcon.colcon_core.environment:create_file_with_runtime_dependencies(/home/jetson/slash_ws/install/pointcloud_to_laserscan/share/colcon-core/packages/pointcloud_to_laserscan)
[99.111s] Level 1:colcon.colcon_core.environment:create_environment_scripts_only(pointcloud_to_laserscan)
[99.112s] Level 1:colcon.colcon_core.environment:checking '/home/jetson/slash_ws/install/pointcloud_to_laserscan' for CMake module files
[99.113s] Level 1:colcon.colcon_core.environment:checking '/home/jetson/slash_ws/install/pointcloud_to_laserscan' for CMake config files
[99.114s] Level 1:colcon.colcon_core.shell:create_environment_hook('pointcloud_to_laserscan', 'cmake_prefix_path')
[99.115s] INFO:colcon.colcon_core.shell:Creating environment hook '/home/jetson/slash_ws/install/pointcloud_to_laserscan/share/pointcloud_to_laserscan/hook/cmake_prefix_path.ps1'
[99.118s] INFO:colcon.colcon_core.shell:Creating environment descriptor '/home/jetson/slash_ws/install/pointcloud_to_laserscan/share/pointcloud_to_laserscan/hook/cmake_prefix_path.dsv'
[99.120s] INFO:colcon.colcon_core.shell:Creating environment hook '/home/jetson/slash_ws/install/pointcloud_to_laserscan/share/pointcloud_to_laserscan/hook/cmake_prefix_path.sh'
[99.122s] Level 1:colcon.colcon_core.environment:checking '/home/jetson/slash_ws/install/pointcloud_to_laserscan/lib'
[99.123s] Level 1:colcon.colcon_core.shell:create_environment_hook('pointcloud_to_laserscan', 'ld_library_path_lib')
[99.131s] INFO:colcon.colcon_core.shell:Creating environment hook '/home/jetson/slash_ws/install/pointcloud_to_laserscan/share/pointcloud_to_laserscan/hook/ld_library_path_lib.ps1'
[99.133s] INFO:colcon.colcon_core.shell:Creating environment descriptor '/home/jetson/slash_ws/install/pointcloud_to_laserscan/share/pointcloud_to_laserscan/hook/ld_library_path_lib.dsv'
[99.135s] INFO:colcon.colcon_core.shell:Creating environment hook '/home/jetson/slash_ws/install/pointcloud_to_laserscan/share/pointcloud_to_laserscan/hook/ld_library_path_lib.sh'
[99.136s] Level 1:colcon.colcon_core.environment:checking '/home/jetson/slash_ws/install/pointcloud_to_laserscan/bin'
[99.137s] Level 1:colcon.colcon_core.environment:checking '/home/jetson/slash_ws/install/pointcloud_to_laserscan/lib/pkgconfig/pointcloud_to_laserscan.pc'
[99.137s] Level 1:colcon.colcon_core.environment:checking '/home/jetson/slash_ws/install/pointcloud_to_laserscan/lib/python3.8/site-packages'
[99.137s] Level 1:colcon.colcon_core.environment:checking '/home/jetson/slash_ws/install/pointcloud_to_laserscan/bin'
[99.138s] INFO:colcon.colcon_core.shell:Creating package script '/home/jetson/slash_ws/install/pointcloud_to_laserscan/share/pointcloud_to_laserscan/package.ps1'
[99.141s] INFO:colcon.colcon_core.shell:Creating package descriptor '/home/jetson/slash_ws/install/pointcloud_to_laserscan/share/pointcloud_to_laserscan/package.dsv'
[99.143s] INFO:colcon.colcon_core.shell:Creating package script '/home/jetson/slash_ws/install/pointcloud_to_laserscan/share/pointcloud_to_laserscan/package.sh'
[99.145s] INFO:colcon.colcon_core.shell:Creating package script '/home/jetson/slash_ws/install/pointcloud_to_laserscan/share/pointcloud_to_laserscan/package.bash'
[99.147s] INFO:colcon.colcon_core.shell:Creating package script '/home/jetson/slash_ws/install/pointcloud_to_laserscan/share/pointcloud_to_laserscan/package.zsh'
[99.149s] Level 1:colcon.colcon_core.environment:create_file_with_runtime_dependencies(/home/jetson/slash_ws/install/pointcloud_to_laserscan/share/colcon-core/packages/pointcloud_to_laserscan)
[107.892s] DEBUG:colcon.colcon_core.event_handler.log_command:Invoked command in '/home/jetson/slash_ws/build/livox_ros_driver2' returned '0': CMAKE_PREFIX_PATH=/opt/ros/foxy /usr/bin/cmake --build /home/jetson/slash_ws/build/livox_ros_driver2 -- -j8 -l8
[108.051s] DEBUG:colcon.colcon_core.event_handler.log_command:Invoking command in '/home/jetson/slash_ws/build/livox_ros_driver2': CMAKE_PREFIX_PATH=/opt/ros/foxy /usr/bin/cmake --install /home/jetson/slash_ws/build/livox_ros_driver2
[109.836s] Level 1:colcon.colcon_core.environment:create_environment_scripts_only(livox_ros_driver2)
[109.837s] Level 1:colcon.colcon_core.environment:checking '/home/jetson/slash_ws/install/livox_ros_driver2' for CMake module files
[109.838s] DEBUG:colcon.colcon_core.event_handler.log_command:Invoked command in '/home/jetson/slash_ws/build/livox_ros_driver2' returned '0': CMAKE_PREFIX_PATH=/opt/ros/foxy /usr/bin/cmake --install /home/jetson/slash_ws/build/livox_ros_driver2
[109.839s] Level 1:colcon.colcon_core.environment:checking '/home/jetson/slash_ws/install/livox_ros_driver2' for CMake config files
[109.841s] Level 1:colcon.colcon_core.shell:create_environment_hook('livox_ros_driver2', 'cmake_prefix_path')
[109.841s] INFO:colcon.colcon_core.shell:Creating environment hook '/home/jetson/slash_ws/install/livox_ros_driver2/share/livox_ros_driver2/hook/cmake_prefix_path.ps1'
[109.843s] INFO:colcon.colcon_core.shell:Creating environment descriptor '/home/jetson/slash_ws/install/livox_ros_driver2/share/livox_ros_driver2/hook/cmake_prefix_path.dsv'
[109.844s] INFO:colcon.colcon_core.shell:Creating environment hook '/home/jetson/slash_ws/install/livox_ros_driver2/share/livox_ros_driver2/hook/cmake_prefix_path.sh'
[109.845s] Level 1:colcon.colcon_core.environment:checking '/home/jetson/slash_ws/install/livox_ros_driver2/lib'
[109.845s] Level 1:colcon.colcon_core.shell:create_environment_hook('livox_ros_driver2', 'ld_library_path_lib')
[109.846s] INFO:colcon.colcon_core.shell:Creating environment hook '/home/jetson/slash_ws/install/livox_ros_driver2/share/livox_ros_driver2/hook/ld_library_path_lib.ps1'
[109.847s] INFO:colcon.colcon_core.shell:Creating environment descriptor '/home/jetson/slash_ws/install/livox_ros_driver2/share/livox_ros_driver2/hook/ld_library_path_lib.dsv'
[109.847s] INFO:colcon.colcon_core.shell:Creating environment hook '/home/jetson/slash_ws/install/livox_ros_driver2/share/livox_ros_driver2/hook/ld_library_path_lib.sh'
[109.848s] Level 1:colcon.colcon_core.environment:checking '/home/jetson/slash_ws/install/livox_ros_driver2/bin'
[109.849s] Level 1:colcon.colcon_core.environment:checking '/home/jetson/slash_ws/install/livox_ros_driver2/lib/pkgconfig/livox_ros_driver2.pc'
[109.849s] Level 1:colcon.colcon_core.environment:checking '/home/jetson/slash_ws/install/livox_ros_driver2/lib/python3.8/site-packages'
[109.849s] Level 1:colcon.colcon_core.shell:create_environment_hook('livox_ros_driver2', 'pythonpath')
[109.850s] INFO:colcon.colcon_core.shell:Creating environment hook '/home/jetson/slash_ws/install/livox_ros_driver2/share/livox_ros_driver2/hook/pythonpath.ps1'
[109.851s] INFO:colcon.colcon_core.shell:Creating environment descriptor '/home/jetson/slash_ws/install/livox_ros_driver2/share/livox_ros_driver2/hook/pythonpath.dsv'
[109.851s] INFO:colcon.colcon_core.shell:Creating environment hook '/home/jetson/slash_ws/install/livox_ros_driver2/share/livox_ros_driver2/hook/pythonpath.sh'
[109.852s] Level 1:colcon.colcon_core.environment:checking '/home/jetson/slash_ws/install/livox_ros_driver2/bin'
[109.853s] INFO:colcon.colcon_core.shell:Creating package script '/home/jetson/slash_ws/install/livox_ros_driver2/share/livox_ros_driver2/package.ps1'
[109.855s] INFO:colcon.colcon_core.shell:Creating package descriptor '/home/jetson/slash_ws/install/livox_ros_driver2/share/livox_ros_driver2/package.dsv'
[109.856s] INFO:colcon.colcon_core.shell:Creating package script '/home/jetson/slash_ws/install/livox_ros_driver2/share/livox_ros_driver2/package.sh'
[109.857s] INFO:colcon.colcon_core.shell:Creating package script '/home/jetson/slash_ws/install/livox_ros_driver2/share/livox_ros_driver2/package.bash'
[109.857s] INFO:colcon.colcon_core.shell:Creating package script '/home/jetson/slash_ws/install/livox_ros_driver2/share/livox_ros_driver2/package.zsh'
[109.858s] Level 1:colcon.colcon_core.environment:create_file_with_runtime_dependencies(/home/jetson/slash_ws/install/livox_ros_driver2/share/colcon-core/packages/livox_ros_driver2)
[110.013s] Level 1:colcon.colcon_core.environment:create_environment_scripts_only(livox_ros_driver2)
[110.014s] Level 1:colcon.colcon_core.environment:checking '/home/jetson/slash_ws/install/livox_ros_driver2' for CMake module files
[110.015s] Level 1:colcon.colcon_core.environment:checking '/home/jetson/slash_ws/install/livox_ros_driver2' for CMake config files
[110.017s] Level 1:colcon.colcon_core.shell:create_environment_hook('livox_ros_driver2', 'cmake_prefix_path')
[110.018s] INFO:colcon.colcon_core.shell:Creating environment hook '/home/jetson/slash_ws/install/livox_ros_driver2/share/livox_ros_driver2/hook/cmake_prefix_path.ps1'
[110.019s] INFO:colcon.colcon_core.shell:Creating environment descriptor '/home/jetson/slash_ws/install/livox_ros_driver2/share/livox_ros_driver2/hook/cmake_prefix_path.dsv'
[110.020s] INFO:colcon.colcon_core.shell:Creating environment hook '/home/jetson/slash_ws/install/livox_ros_driver2/share/livox_ros_driver2/hook/cmake_prefix_path.sh'
[110.021s] Level 1:colcon.colcon_core.environment:checking '/home/jetson/slash_ws/install/livox_ros_driver2/lib'
[110.021s] Level 1:colcon.colcon_core.shell:create_environment_hook('livox_ros_driver2', 'ld_library_path_lib')
[110.022s] INFO:colcon.colcon_core.shell:Creating environment hook '/home/jetson/slash_ws/install/livox_ros_driver2/share/livox_ros_driver2/hook/ld_library_path_lib.ps1'
[110.023s] INFO:colcon.colcon_core.shell:Creating environment descriptor '/home/jetson/slash_ws/install/livox_ros_driver2/share/livox_ros_driver2/hook/ld_library_path_lib.dsv'
[110.023s] INFO:colcon.colcon_core.shell:Creating environment hook '/home/jetson/slash_ws/install/livox_ros_driver2/share/livox_ros_driver2/hook/ld_library_path_lib.sh'
[110.024s] Level 1:colcon.colcon_core.environment:checking '/home/jetson/slash_ws/install/livox_ros_driver2/bin'
[110.024s] Level 1:colcon.colcon_core.environment:checking '/home/jetson/slash_ws/install/livox_ros_driver2/lib/pkgconfig/livox_ros_driver2.pc'
[110.025s] Level 1:colcon.colcon_core.environment:checking '/home/jetson/slash_ws/install/livox_ros_driver2/lib/python3.8/site-packages'
[110.025s] Level 1:colcon.colcon_core.shell:create_environment_hook('livox_ros_driver2', 'pythonpath')
[110.025s] INFO:colcon.colcon_core.shell:Creating environment hook '/home/jetson/slash_ws/install/livox_ros_driver2/share/livox_ros_driver2/hook/pythonpath.ps1'
[110.026s] INFO:colcon.colcon_core.shell:Creating environment descriptor '/home/jetson/slash_ws/install/livox_ros_driver2/share/livox_ros_driver2/hook/pythonpath.dsv'
[110.027s] INFO:colcon.colcon_core.shell:Creating environment hook '/home/jetson/slash_ws/install/livox_ros_driver2/share/livox_ros_driver2/hook/pythonpath.sh'
[110.027s] Level 1:colcon.colcon_core.environment:checking '/home/jetson/slash_ws/install/livox_ros_driver2/bin'
[110.028s] INFO:colcon.colcon_core.shell:Creating package script '/home/jetson/slash_ws/install/livox_ros_driver2/share/livox_ros_driver2/package.ps1'
[110.029s] INFO:colcon.colcon_core.shell:Creating package descriptor '/home/jetson/slash_ws/install/livox_ros_driver2/share/livox_ros_driver2/package.dsv'
[110.030s] INFO:colcon.colcon_core.shell:Creating package script '/home/jetson/slash_ws/install/livox_ros_driver2/share/livox_ros_driver2/package.sh'
[110.032s] INFO:colcon.colcon_core.shell:Creating package script '/home/jetson/slash_ws/install/livox_ros_driver2/share/livox_ros_driver2/package.bash'
[110.033s] INFO:colcon.colcon_core.shell:Creating package script '/home/jetson/slash_ws/install/livox_ros_driver2/share/livox_ros_driver2/package.zsh'
[110.034s] Level 1:colcon.colcon_core.environment:create_file_with_runtime_dependencies(/home/jetson/slash_ws/install/livox_ros_driver2/share/colcon-core/packages/livox_ros_driver2)
[110.035s] INFO:colcon.colcon_ros.task.ament_cmake.build:Building ROS package in '/home/jetson/slash_ws/src/slash_localization/FAST_LIO' with build type 'ament_cmake'
[110.035s] INFO:colcon.colcon_cmake.task.cmake.build:Building CMake package in '/home/jetson/slash_ws/src/slash_localization/FAST_LIO'
[110.036s] INFO:colcon.colcon_core.shell:Skip shell extension 'powershell' for command environment: Not usable outside of PowerShell
[110.036s] DEBUG:colcon.colcon_core.shell:Skip shell extension 'dsv' for command environment
[110.063s] DEBUG:colcon.colcon_core.event_handler.log_command:Invoking command in '/home/jetson/slash_ws/build/fast_lio': AMENT_PREFIX_PATH=/home/jetson/slash_ws/install/livox_ros_driver2:${AMENT_PREFIX_PATH} CMAKE_PREFIX_PATH=/home/jetson/slash_ws/install/livox_ros_driver2:/opt/ros/foxy LD_LIBRARY_PATH=/home/jetson/slash_ws/install/livox_ros_driver2/lib:/usr/lib/aarch64-linux-gnu/gazebo-11/plugins:/opt/ros/foxy/opt/yaml_cpp_vendor/lib:/opt/ros/foxy/opt/rviz_ogre_vendor/lib:/opt/ros/foxy/lib/aarch64-linux-gnu:/opt/ros/foxy/lib:/usr/local/cuda-11.4/lib64 PYTHONPATH=/home/jetson/slash_ws/install/livox_ros_driver2/lib/python3.8/site-packages:${PYTHONPATH} /usr/bin/cmake /home/jetson/slash_ws/src/slash_localization/FAST_LIO -DAMENT_CMAKE_SYMLINK_INSTALL=1 -DCMAKE_INSTALL_PREFIX=/home/jetson/slash_ws/install/fast_lio
[117.043s] DEBUG:colcon.colcon_core.event_handler.log_command:Invoked command in '/home/jetson/slash_ws/build/fast_lio' returned '0': AMENT_PREFIX_PATH=/home/jetson/slash_ws/install/livox_ros_driver2:${AMENT_PREFIX_PATH} CMAKE_PREFIX_PATH=/home/jetson/slash_ws/install/livox_ros_driver2:/opt/ros/foxy LD_LIBRARY_PATH=/home/jetson/slash_ws/install/livox_ros_driver2/lib:/usr/lib/aarch64-linux-gnu/gazebo-11/plugins:/opt/ros/foxy/opt/yaml_cpp_vendor/lib:/opt/ros/foxy/opt/rviz_ogre_vendor/lib:/opt/ros/foxy/lib/aarch64-linux-gnu:/opt/ros/foxy/lib:/usr/local/cuda-11.4/lib64 PYTHONPATH=/home/jetson/slash_ws/install/livox_ros_driver2/lib/python3.8/site-packages:${PYTHONPATH} /usr/bin/cmake /home/jetson/slash_ws/src/slash_localization/FAST_LIO -DAMENT_CMAKE_SYMLINK_INSTALL=1 -DCMAKE_INSTALL_PREFIX=/home/jetson/slash_ws/install/fast_lio
[117.046s] DEBUG:colcon.colcon_core.event_handler.log_command:Invoking command in '/home/jetson/slash_ws/build/fast_lio': AMENT_PREFIX_PATH=/home/jetson/slash_ws/install/livox_ros_driver2:${AMENT_PREFIX_PATH} CMAKE_PREFIX_PATH=/home/jetson/slash_ws/install/livox_ros_driver2:/opt/ros/foxy LD_LIBRARY_PATH=/home/jetson/slash_ws/install/livox_ros_driver2/lib:/usr/lib/aarch64-linux-gnu/gazebo-11/plugins:/opt/ros/foxy/opt/yaml_cpp_vendor/lib:/opt/ros/foxy/opt/rviz_ogre_vendor/lib:/opt/ros/foxy/lib/aarch64-linux-gnu:/opt/ros/foxy/lib:/usr/local/cuda-11.4/lib64 PYTHONPATH=/home/jetson/slash_ws/install/livox_ros_driver2/lib/python3.8/site-packages:${PYTHONPATH} /usr/bin/cmake --build /home/jetson/slash_ws/build/fast_lio -- -j8 -l8
[147.135s] DEBUG:colcon.colcon_core.event_handler.log_command:Invoked command in '/home/jetson/slash_ws/build/linefit_ground_segmentation_ros' returned '0': AMENT_PREFIX_PATH=/home/jetson/slash_ws/install/linefit_ground_segmentation:${AMENT_PREFIX_PATH} CMAKE_PREFIX_PATH=/home/jetson/slash_ws/install/linefit_ground_segmentation:/opt/ros/foxy LD_LIBRARY_PATH=/home/jetson/slash_ws/install/linefit_ground_segmentation/lib:/usr/lib/aarch64-linux-gnu/gazebo-11/plugins:/opt/ros/foxy/opt/yaml_cpp_vendor/lib:/opt/ros/foxy/opt/rviz_ogre_vendor/lib:/opt/ros/foxy/lib/aarch64-linux-gnu:/opt/ros/foxy/lib:/usr/local/cuda-11.4/lib64 /usr/bin/cmake --build /home/jetson/slash_ws/build/linefit_ground_segmentation_ros -- -j8 -l8
[147.194s] DEBUG:colcon.colcon_core.event_handler.log_command:Invoking command in '/home/jetson/slash_ws/build/linefit_ground_segmentation_ros': AMENT_PREFIX_PATH=/home/jetson/slash_ws/install/linefit_ground_segmentation:${AMENT_PREFIX_PATH} CMAKE_PREFIX_PATH=/home/jetson/slash_ws/install/linefit_ground_segmentation:/opt/ros/foxy LD_LIBRARY_PATH=/home/jetson/slash_ws/install/linefit_ground_segmentation/lib:/usr/lib/aarch64-linux-gnu/gazebo-11/plugins:/opt/ros/foxy/opt/yaml_cpp_vendor/lib:/opt/ros/foxy/opt/rviz_ogre_vendor/lib:/opt/ros/foxy/lib/aarch64-linux-gnu:/opt/ros/foxy/lib:/usr/local/cuda-11.4/lib64 /usr/bin/cmake --install /home/jetson/slash_ws/build/linefit_ground_segmentation_ros
[147.651s] Level 1:colcon.colcon_core.environment:create_environment_scripts_only(linefit_ground_segmentation_ros)
[147.652s] Level 1:colcon.colcon_core.environment:checking '/home/jetson/slash_ws/install/linefit_ground_segmentation_ros' for CMake module files
[147.653s] DEBUG:colcon.colcon_core.event_handler.log_command:Invoked command in '/home/jetson/slash_ws/build/linefit_ground_segmentation_ros' returned '0': AMENT_PREFIX_PATH=/home/jetson/slash_ws/install/linefit_ground_segmentation:${AMENT_PREFIX_PATH} CMAKE_PREFIX_PATH=/home/jetson/slash_ws/install/linefit_ground_segmentation:/opt/ros/foxy LD_LIBRARY_PATH=/home/jetson/slash_ws/install/linefit_ground_segmentation/lib:/usr/lib/aarch64-linux-gnu/gazebo-11/plugins:/opt/ros/foxy/opt/yaml_cpp_vendor/lib:/opt/ros/foxy/opt/rviz_ogre_vendor/lib:/opt/ros/foxy/lib/aarch64-linux-gnu:/opt/ros/foxy/lib:/usr/local/cuda-11.4/lib64 /usr/bin/cmake --install /home/jetson/slash_ws/build/linefit_ground_segmentation_ros
[147.654s] Level 1:colcon.colcon_core.environment:checking '/home/jetson/slash_ws/install/linefit_ground_segmentation_ros' for CMake config files
[147.655s] Level 1:colcon.colcon_core.shell:create_environment_hook('linefit_ground_segmentation_ros', 'cmake_prefix_path')
[147.655s] INFO:colcon.colcon_core.shell:Creating environment hook '/home/jetson/slash_ws/install/linefit_ground_segmentation_ros/share/linefit_ground_segmentation_ros/hook/cmake_prefix_path.ps1'
[147.657s] INFO:colcon.colcon_core.shell:Creating environment descriptor '/home/jetson/slash_ws/install/linefit_ground_segmentation_ros/share/linefit_ground_segmentation_ros/hook/cmake_prefix_path.dsv'
[147.657s] INFO:colcon.colcon_core.shell:Creating environment hook '/home/jetson/slash_ws/install/linefit_ground_segmentation_ros/share/linefit_ground_segmentation_ros/hook/cmake_prefix_path.sh'
[147.659s] Level 1:colcon.colcon_core.environment:checking '/home/jetson/slash_ws/install/linefit_ground_segmentation_ros/lib'
[147.659s] Level 1:colcon.colcon_core.environment:checking '/home/jetson/slash_ws/install/linefit_ground_segmentation_ros/bin'
[147.659s] Level 1:colcon.colcon_core.environment:checking '/home/jetson/slash_ws/install/linefit_ground_segmentation_ros/lib/pkgconfig/linefit_ground_segmentation_ros.pc'
[147.660s] Level 1:colcon.colcon_core.environment:checking '/home/jetson/slash_ws/install/linefit_ground_segmentation_ros/lib/python3.8/site-packages'
[147.660s] Level 1:colcon.colcon_core.environment:checking '/home/jetson/slash_ws/install/linefit_ground_segmentation_ros/bin'
[147.660s] INFO:colcon.colcon_core.shell:Creating package script '/home/jetson/slash_ws/install/linefit_ground_segmentation_ros/share/linefit_ground_segmentation_ros/package.ps1'
[147.661s] INFO:colcon.colcon_core.shell:Creating package descriptor '/home/jetson/slash_ws/install/linefit_ground_segmentation_ros/share/linefit_ground_segmentation_ros/package.dsv'
[147.662s] INFO:colcon.colcon_core.shell:Creating package script '/home/jetson/slash_ws/install/linefit_ground_segmentation_ros/share/linefit_ground_segmentation_ros/package.sh'
[147.663s] INFO:colcon.colcon_core.shell:Creating package script '/home/jetson/slash_ws/install/linefit_ground_segmentation_ros/share/linefit_ground_segmentation_ros/package.bash'
[147.664s] INFO:colcon.colcon_core.shell:Creating package script '/home/jetson/slash_ws/install/linefit_ground_segmentation_ros/share/linefit_ground_segmentation_ros/package.zsh'
[147.664s] Level 1:colcon.colcon_core.environment:create_file_with_runtime_dependencies(/home/jetson/slash_ws/install/linefit_ground_segmentation_ros/share/colcon-core/packages/linefit_ground_segmentation_ros)
[147.724s] Level 1:colcon.colcon_core.environment:create_environment_scripts_only(linefit_ground_segmentation_ros)
[147.725s] Level 1:colcon.colcon_core.environment:checking '/home/jetson/slash_ws/install/linefit_ground_segmentation_ros' for CMake module files
[147.726s] Level 1:colcon.colcon_core.environment:checking '/home/jetson/slash_ws/install/linefit_ground_segmentation_ros' for CMake config files
[147.727s] Level 1:colcon.colcon_core.shell:create_environment_hook('linefit_ground_segmentation_ros', 'cmake_prefix_path')
[147.728s] INFO:colcon.colcon_core.shell:Creating environment hook '/home/jetson/slash_ws/install/linefit_ground_segmentation_ros/share/linefit_ground_segmentation_ros/hook/cmake_prefix_path.ps1'
[147.729s] INFO:colcon.colcon_core.shell:Creating environment descriptor '/home/jetson/slash_ws/install/linefit_ground_segmentation_ros/share/linefit_ground_segmentation_ros/hook/cmake_prefix_path.dsv'
[147.730s] INFO:colcon.colcon_core.shell:Creating environment hook '/home/jetson/slash_ws/install/linefit_ground_segmentation_ros/share/linefit_ground_segmentation_ros/hook/cmake_prefix_path.sh'
[147.731s] Level 1:colcon.colcon_core.environment:checking '/home/jetson/slash_ws/install/linefit_ground_segmentation_ros/lib'
[147.731s] Level 1:colcon.colcon_core.environment:checking '/home/jetson/slash_ws/install/linefit_ground_segmentation_ros/bin'
[147.731s] Level 1:colcon.colcon_core.environment:checking '/home/jetson/slash_ws/install/linefit_ground_segmentation_ros/lib/pkgconfig/linefit_ground_segmentation_ros.pc'
[147.733s] Level 1:colcon.colcon_core.environment:checking '/home/jetson/slash_ws/install/linefit_ground_segmentation_ros/lib/python3.8/site-packages'
[147.733s] Level 1:colcon.colcon_core.environment:checking '/home/jetson/slash_ws/install/linefit_ground_segmentation_ros/bin'
[147.734s] INFO:colcon.colcon_core.shell:Creating package script '/home/jetson/slash_ws/install/linefit_ground_segmentation_ros/share/linefit_ground_segmentation_ros/package.ps1'
[147.737s] INFO:colcon.colcon_core.shell:Creating package descriptor '/home/jetson/slash_ws/install/linefit_ground_segmentation_ros/share/linefit_ground_segmentation_ros/package.dsv'
[147.739s] INFO:colcon.colcon_core.shell:Creating package script '/home/jetson/slash_ws/install/linefit_ground_segmentation_ros/share/linefit_ground_segmentation_ros/package.sh'
[147.744s] INFO:colcon.colcon_core.shell:Creating package script '/home/jetson/slash_ws/install/linefit_ground_segmentation_ros/share/linefit_ground_segmentation_ros/package.bash'
[147.745s] INFO:colcon.colcon_core.shell:Creating package script '/home/jetson/slash_ws/install/linefit_ground_segmentation_ros/share/linefit_ground_segmentation_ros/package.zsh'
[147.746s] Level 1:colcon.colcon_core.environment:create_file_with_runtime_dependencies(/home/jetson/slash_ws/install/linefit_ground_segmentation_ros/share/colcon-core/packages/linefit_ground_segmentation_ros)
[176.688s] DEBUG:colcon.colcon_core.event_handler.log_command:Invoked command in '/home/jetson/slash_ws/build/costmap_converter' returned '0': AMENT_PREFIX_PATH=/home/jetson/slash_ws/install/costmap_converter_msgs:${AMENT_PREFIX_PATH} CMAKE_PREFIX_PATH=/home/jetson/slash_ws/install/costmap_converter_msgs:/opt/ros/foxy LD_LIBRARY_PATH=/home/jetson/slash_ws/install/costmap_converter_msgs/lib:/usr/lib/aarch64-linux-gnu/gazebo-11/plugins:/opt/ros/foxy/opt/yaml_cpp_vendor/lib:/opt/ros/foxy/opt/rviz_ogre_vendor/lib:/opt/ros/foxy/lib/aarch64-linux-gnu:/opt/ros/foxy/lib:/usr/local/cuda-11.4/lib64 PYTHONPATH=/home/jetson/slash_ws/install/costmap_converter_msgs/lib/python3.8/site-packages:${PYTHONPATH} /usr/bin/cmake --build /home/jetson/slash_ws/build/costmap_converter -- -j8 -l8
[176.771s] DEBUG:colcon.colcon_core.event_handler.log_command:Invoking command in '/home/jetson/slash_ws/build/costmap_converter': AMENT_PREFIX_PATH=/home/jetson/slash_ws/install/costmap_converter_msgs:${AMENT_PREFIX_PATH} CMAKE_PREFIX_PATH=/home/jetson/slash_ws/install/costmap_converter_msgs:/opt/ros/foxy LD_LIBRARY_PATH=/home/jetson/slash_ws/install/costmap_converter_msgs/lib:/usr/lib/aarch64-linux-gnu/gazebo-11/plugins:/opt/ros/foxy/opt/yaml_cpp_vendor/lib:/opt/ros/foxy/opt/rviz_ogre_vendor/lib:/opt/ros/foxy/lib/aarch64-linux-gnu:/opt/ros/foxy/lib:/usr/local/cuda-11.4/lib64 PYTHONPATH=/home/jetson/slash_ws/install/costmap_converter_msgs/lib/python3.8/site-packages:${PYTHONPATH} /usr/bin/cmake --install /home/jetson/slash_ws/build/costmap_converter
[177.480s] Level 1:colcon.colcon_core.environment:create_environment_scripts_only(costmap_converter)
[177.481s] Level 1:colcon.colcon_core.environment:checking '/home/jetson/slash_ws/install/costmap_converter' for CMake module files
[177.482s] DEBUG:colcon.colcon_core.event_handler.log_command:Invoked command in '/home/jetson/slash_ws/build/costmap_converter' returned '0': AMENT_PREFIX_PATH=/home/jetson/slash_ws/install/costmap_converter_msgs:${AMENT_PREFIX_PATH} CMAKE_PREFIX_PATH=/home/jetson/slash_ws/install/costmap_converter_msgs:/opt/ros/foxy LD_LIBRARY_PATH=/home/jetson/slash_ws/install/costmap_converter_msgs/lib:/usr/lib/aarch64-linux-gnu/gazebo-11/plugins:/opt/ros/foxy/opt/yaml_cpp_vendor/lib:/opt/ros/foxy/opt/rviz_ogre_vendor/lib:/opt/ros/foxy/lib/aarch64-linux-gnu:/opt/ros/foxy/lib:/usr/local/cuda-11.4/lib64 PYTHONPATH=/home/jetson/slash_ws/install/costmap_converter_msgs/lib/python3.8/site-packages:${PYTHONPATH} /usr/bin/cmake --install /home/jetson/slash_ws/build/costmap_converter
[177.483s] Level 1:colcon.colcon_core.environment:checking '/home/jetson/slash_ws/install/costmap_converter' for CMake config files
[177.484s] Level 1:colcon.colcon_core.shell:create_environment_hook('costmap_converter', 'cmake_prefix_path')
[177.484s] INFO:colcon.colcon_core.shell:Creating environment hook '/home/jetson/slash_ws/install/costmap_converter/share/costmap_converter/hook/cmake_prefix_path.ps1'
[177.485s] INFO:colcon.colcon_core.shell:Creating environment descriptor '/home/jetson/slash_ws/install/costmap_converter/share/costmap_converter/hook/cmake_prefix_path.dsv'
[177.486s] INFO:colcon.colcon_core.shell:Creating environment hook '/home/jetson/slash_ws/install/costmap_converter/share/costmap_converter/hook/cmake_prefix_path.sh'
[177.487s] Level 1:colcon.colcon_core.environment:checking '/home/jetson/slash_ws/install/costmap_converter/lib'
[177.487s] Level 1:colcon.colcon_core.shell:create_environment_hook('costmap_converter', 'ld_library_path_lib')
[177.488s] INFO:colcon.colcon_core.shell:Creating environment hook '/home/jetson/slash_ws/install/costmap_converter/share/costmap_converter/hook/ld_library_path_lib.ps1'
[177.488s] INFO:colcon.colcon_core.shell:Creating environment descriptor '/home/jetson/slash_ws/install/costmap_converter/share/costmap_converter/hook/ld_library_path_lib.dsv'
[177.489s] INFO:colcon.colcon_core.shell:Creating environment hook '/home/jetson/slash_ws/install/costmap_converter/share/costmap_converter/hook/ld_library_path_lib.sh'
[177.489s] Level 1:colcon.colcon_core.environment:checking '/home/jetson/slash_ws/install/costmap_converter/bin'
[177.489s] Level 1:colcon.colcon_core.shell:create_environment_hook('costmap_converter', 'path')
[177.490s] INFO:colcon.colcon_core.shell:Creating environment hook '/home/jetson/slash_ws/install/costmap_converter/share/costmap_converter/hook/path.ps1'
[177.490s] INFO:colcon.colcon_core.shell:Creating environment descriptor '/home/jetson/slash_ws/install/costmap_converter/share/costmap_converter/hook/path.dsv'
[177.491s] INFO:colcon.colcon_core.shell:Creating environment hook '/home/jetson/slash_ws/install/costmap_converter/share/costmap_converter/hook/path.sh'
[177.491s] Level 1:colcon.colcon_core.environment:checking '/home/jetson/slash_ws/install/costmap_converter/lib/pkgconfig/costmap_converter.pc'
[177.492s] Level 1:colcon.colcon_core.environment:checking '/home/jetson/slash_ws/install/costmap_converter/lib/python3.8/site-packages'
[177.492s] Level 1:colcon.colcon_core.environment:checking '/home/jetson/slash_ws/install/costmap_converter/bin'
[177.492s] Level 1:colcon.colcon_core.shell:create_environment_hook('costmap_converter', 'pythonscriptspath')
[177.493s] INFO:colcon.colcon_core.shell:Creating environment hook '/home/jetson/slash_ws/install/costmap_converter/share/costmap_converter/hook/pythonscriptspath.ps1'
[177.493s] INFO:colcon.colcon_core.shell:Creating environment descriptor '/home/jetson/slash_ws/install/costmap_converter/share/costmap_converter/hook/pythonscriptspath.dsv'
[177.494s] INFO:colcon.colcon_core.shell:Creating environment hook '/home/jetson/slash_ws/install/costmap_converter/share/costmap_converter/hook/pythonscriptspath.sh'
[177.495s] INFO:colcon.colcon_core.shell:Creating package script '/home/jetson/slash_ws/install/costmap_converter/share/costmap_converter/package.ps1'
[177.496s] INFO:colcon.colcon_core.shell:Creating package descriptor '/home/jetson/slash_ws/install/costmap_converter/share/costmap_converter/package.dsv'
[177.497s] INFO:colcon.colcon_core.shell:Creating package script '/home/jetson/slash_ws/install/costmap_converter/share/costmap_converter/package.sh'
[177.497s] INFO:colcon.colcon_core.shell:Creating package script '/home/jetson/slash_ws/install/costmap_converter/share/costmap_converter/package.bash'
[177.498s] INFO:colcon.colcon_core.shell:Creating package script '/home/jetson/slash_ws/install/costmap_converter/share/costmap_converter/package.zsh'
[177.499s] Level 1:colcon.colcon_core.environment:create_file_with_runtime_dependencies(/home/jetson/slash_ws/install/costmap_converter/share/colcon-core/packages/costmap_converter)
[177.579s] Level 1:colcon.colcon_core.environment:create_environment_scripts_only(costmap_converter)
[177.579s] Level 1:colcon.colcon_core.environment:checking '/home/jetson/slash_ws/install/costmap_converter' for CMake module files
[177.580s] Level 1:colcon.colcon_core.environment:checking '/home/jetson/slash_ws/install/costmap_converter' for CMake config files
[177.581s] Level 1:colcon.colcon_core.shell:create_environment_hook('costmap_converter', 'cmake_prefix_path')
[177.582s] INFO:colcon.colcon_core.shell:Creating environment hook '/home/jetson/slash_ws/install/costmap_converter/share/costmap_converter/hook/cmake_prefix_path.ps1'
[177.583s] INFO:colcon.colcon_core.shell:Creating environment descriptor '/home/jetson/slash_ws/install/costmap_converter/share/costmap_converter/hook/cmake_prefix_path.dsv'
[177.584s] INFO:colcon.colcon_core.shell:Creating environment hook '/home/jetson/slash_ws/install/costmap_converter/share/costmap_converter/hook/cmake_prefix_path.sh'
[177.585s] Level 1:colcon.colcon_core.environment:checking '/home/jetson/slash_ws/install/costmap_converter/lib'
[177.585s] Level 1:colcon.colcon_core.shell:create_environment_hook('costmap_converter', 'ld_library_path_lib')
[177.586s] INFO:colcon.colcon_core.shell:Creating environment hook '/home/jetson/slash_ws/install/costmap_converter/share/costmap_converter/hook/ld_library_path_lib.ps1'
[177.586s] INFO:colcon.colcon_core.shell:Creating environment descriptor '/home/jetson/slash_ws/install/costmap_converter/share/costmap_converter/hook/ld_library_path_lib.dsv'
[177.587s] INFO:colcon.colcon_core.shell:Creating environment hook '/home/jetson/slash_ws/install/costmap_converter/share/costmap_converter/hook/ld_library_path_lib.sh'
[177.588s] Level 1:colcon.colcon_core.environment:checking '/home/jetson/slash_ws/install/costmap_converter/bin'
[177.588s] Level 1:colcon.colcon_core.shell:create_environment_hook('costmap_converter', 'path')
[177.588s] INFO:colcon.colcon_core.shell:Creating environment hook '/home/jetson/slash_ws/install/costmap_converter/share/costmap_converter/hook/path.ps1'
[177.589s] INFO:colcon.colcon_core.shell:Creating environment descriptor '/home/jetson/slash_ws/install/costmap_converter/share/costmap_converter/hook/path.dsv'
[177.589s] INFO:colcon.colcon_core.shell:Creating environment hook '/home/jetson/slash_ws/install/costmap_converter/share/costmap_converter/hook/path.sh'
[177.590s] Level 1:colcon.colcon_core.environment:checking '/home/jetson/slash_ws/install/costmap_converter/lib/pkgconfig/costmap_converter.pc'
[177.590s] Level 1:colcon.colcon_core.environment:checking '/home/jetson/slash_ws/install/costmap_converter/lib/python3.8/site-packages'
[177.591s] Level 1:colcon.colcon_core.environment:checking '/home/jetson/slash_ws/install/costmap_converter/bin'
[177.591s] Level 1:colcon.colcon_core.shell:create_environment_hook('costmap_converter', 'pythonscriptspath')
[177.591s] INFO:colcon.colcon_core.shell:Creating environment hook '/home/jetson/slash_ws/install/costmap_converter/share/costmap_converter/hook/pythonscriptspath.ps1'
[177.592s] INFO:colcon.colcon_core.shell:Creating environment descriptor '/home/jetson/slash_ws/install/costmap_converter/share/costmap_converter/hook/pythonscriptspath.dsv'
[177.593s] INFO:colcon.colcon_core.shell:Creating environment hook '/home/jetson/slash_ws/install/costmap_converter/share/costmap_converter/hook/pythonscriptspath.sh'
[177.594s] INFO:colcon.colcon_core.shell:Creating package script '/home/jetson/slash_ws/install/costmap_converter/share/costmap_converter/package.ps1'
[177.595s] INFO:colcon.colcon_core.shell:Creating package descriptor '/home/jetson/slash_ws/install/costmap_converter/share/costmap_converter/package.dsv'
[177.596s] INFO:colcon.colcon_core.shell:Creating package script '/home/jetson/slash_ws/install/costmap_converter/share/costmap_converter/package.sh'
[177.597s] INFO:colcon.colcon_core.shell:Creating package script '/home/jetson/slash_ws/install/costmap_converter/share/costmap_converter/package.bash'
[177.598s] INFO:colcon.colcon_core.shell:Creating package script '/home/jetson/slash_ws/install/costmap_converter/share/costmap_converter/package.zsh'
[177.599s] Level 1:colcon.colcon_core.environment:create_file_with_runtime_dependencies(/home/jetson/slash_ws/install/costmap_converter/share/colcon-core/packages/costmap_converter)
[177.600s] INFO:colcon.colcon_ros.task.ament_cmake.build:Building ROS package in '/home/jetson/slash_ws/src/slash_navigation/teb_local_planner/teb_local_planner' with build type 'ament_cmake'
[177.601s] INFO:colcon.colcon_cmake.task.cmake.build:Building CMake package in '/home/jetson/slash_ws/src/slash_navigation/teb_local_planner/teb_local_planner'
[177.601s] INFO:colcon.colcon_core.shell:Skip shell extension 'powershell' for command environment: Not usable outside of PowerShell
[177.601s] DEBUG:colcon.colcon_core.shell:Skip shell extension 'dsv' for command environment
[177.638s] DEBUG:colcon.colcon_core.event_handler.log_command:Invoking command in '/home/jetson/slash_ws/build/teb_local_planner': AMENT_PREFIX_PATH=/home/jetson/slash_ws/install/teb_msgs:/home/jetson/slash_ws/install/costmap_converter:/home/jetson/slash_ws/install/costmap_converter_msgs:${AMENT_PREFIX_PATH} CMAKE_PREFIX_PATH=/home/jetson/slash_ws/install/teb_msgs:/home/jetson/slash_ws/install/costmap_converter:/home/jetson/slash_ws/install/costmap_converter_msgs:/opt/ros/foxy LD_LIBRARY_PATH=/home/jetson/slash_ws/install/teb_msgs/lib:/home/jetson/slash_ws/install/costmap_converter/lib:/home/jetson/slash_ws/install/costmap_converter_msgs/lib:/usr/lib/aarch64-linux-gnu/gazebo-11/plugins:/opt/ros/foxy/opt/yaml_cpp_vendor/lib:/opt/ros/foxy/opt/rviz_ogre_vendor/lib:/opt/ros/foxy/lib/aarch64-linux-gnu:/opt/ros/foxy/lib:/usr/local/cuda-11.4/lib64 PATH=/home/jetson/slash_ws/install/costmap_converter/bin:${PATH} PYTHONPATH=/home/jetson/slash_ws/install/teb_msgs/lib/python3.8/site-packages:/home/jetson/slash_ws/install/costmap_converter_msgs/lib/python3.8/site-packages:${PYTHONPATH} /usr/bin/cmake /home/jetson/slash_ws/src/slash_navigation/teb_local_planner/teb_local_planner -DAMENT_CMAKE_SYMLINK_INSTALL=1 -DCMAKE_INSTALL_PREFIX=/home/jetson/slash_ws/install/teb_local_planner
[204.106s] DEBUG:colcon.colcon_core.event_handler.log_command:Invoked command in '/home/jetson/slash_ws/build/teb_local_planner' returned '0': AMENT_PREFIX_PATH=/home/jetson/slash_ws/install/teb_msgs:/home/jetson/slash_ws/install/costmap_converter:/home/jetson/slash_ws/install/costmap_converter_msgs:${AMENT_PREFIX_PATH} CMAKE_PREFIX_PATH=/home/jetson/slash_ws/install/teb_msgs:/home/jetson/slash_ws/install/costmap_converter:/home/jetson/slash_ws/install/costmap_converter_msgs:/opt/ros/foxy LD_LIBRARY_PATH=/home/jetson/slash_ws/install/teb_msgs/lib:/home/jetson/slash_ws/install/costmap_converter/lib:/home/jetson/slash_ws/install/costmap_converter_msgs/lib:/usr/lib/aarch64-linux-gnu/gazebo-11/plugins:/opt/ros/foxy/opt/yaml_cpp_vendor/lib:/opt/ros/foxy/opt/rviz_ogre_vendor/lib:/opt/ros/foxy/lib/aarch64-linux-gnu:/opt/ros/foxy/lib:/usr/local/cuda-11.4/lib64 PATH=/home/jetson/slash_ws/install/costmap_converter/bin:${PATH} PYTHONPATH=/home/jetson/slash_ws/install/teb_msgs/lib/python3.8/site-packages:/home/jetson/slash_ws/install/costmap_converter_msgs/lib/python3.8/site-packages:${PYTHONPATH} /usr/bin/cmake /home/jetson/slash_ws/src/slash_navigation/teb_local_planner/teb_local_planner -DAMENT_CMAKE_SYMLINK_INSTALL=1 -DCMAKE_INSTALL_PREFIX=/home/jetson/slash_ws/install/teb_local_planner
[204.114s] DEBUG:colcon.colcon_core.event_handler.log_command:Invoking command in '/home/jetson/slash_ws/build/teb_local_planner': AMENT_PREFIX_PATH=/home/jetson/slash_ws/install/teb_msgs:/home/jetson/slash_ws/install/costmap_converter:/home/jetson/slash_ws/install/costmap_converter_msgs:${AMENT_PREFIX_PATH} CMAKE_PREFIX_PATH=/home/jetson/slash_ws/install/teb_msgs:/home/jetson/slash_ws/install/costmap_converter:/home/jetson/slash_ws/install/costmap_converter_msgs:/opt/ros/foxy LD_LIBRARY_PATH=/home/jetson/slash_ws/install/teb_msgs/lib:/home/jetson/slash_ws/install/costmap_converter/lib:/home/jetson/slash_ws/install/costmap_converter_msgs/lib:/usr/lib/aarch64-linux-gnu/gazebo-11/plugins:/opt/ros/foxy/opt/yaml_cpp_vendor/lib:/opt/ros/foxy/opt/rviz_ogre_vendor/lib:/opt/ros/foxy/lib/aarch64-linux-gnu:/opt/ros/foxy/lib:/usr/local/cuda-11.4/lib64 PATH=/home/jetson/slash_ws/install/costmap_converter/bin:${PATH} PYTHONPATH=/home/jetson/slash_ws/install/teb_msgs/lib/python3.8/site-packages:/home/jetson/slash_ws/install/costmap_converter_msgs/lib/python3.8/site-packages:${PYTHONPATH} /usr/bin/cmake --build /home/jetson/slash_ws/build/teb_local_planner -- -j8 -l8
[274.852s] DEBUG:colcon.colcon_core.event_handler.log_command:Invoked command in '/home/jetson/slash_ws/build/fast_lio' returned '0': AMENT_PREFIX_PATH=/home/jetson/slash_ws/install/livox_ros_driver2:${AMENT_PREFIX_PATH} CMAKE_PREFIX_PATH=/home/jetson/slash_ws/install/livox_ros_driver2:/opt/ros/foxy LD_LIBRARY_PATH=/home/jetson/slash_ws/install/livox_ros_driver2/lib:/usr/lib/aarch64-linux-gnu/gazebo-11/plugins:/opt/ros/foxy/opt/yaml_cpp_vendor/lib:/opt/ros/foxy/opt/rviz_ogre_vendor/lib:/opt/ros/foxy/lib/aarch64-linux-gnu:/opt/ros/foxy/lib:/usr/local/cuda-11.4/lib64 PYTHONPATH=/home/jetson/slash_ws/install/livox_ros_driver2/lib/python3.8/site-packages:${PYTHONPATH} /usr/bin/cmake --build /home/jetson/slash_ws/build/fast_lio -- -j8 -l8
[274.945s] DEBUG:colcon.colcon_core.event_handler.log_command:Invoking command in '/home/jetson/slash_ws/build/fast_lio': AMENT_PREFIX_PATH=/home/jetson/slash_ws/install/livox_ros_driver2:${AMENT_PREFIX_PATH} CMAKE_PREFIX_PATH=/home/jetson/slash_ws/install/livox_ros_driver2:/opt/ros/foxy LD_LIBRARY_PATH=/home/jetson/slash_ws/install/livox_ros_driver2/lib:/usr/lib/aarch64-linux-gnu/gazebo-11/plugins:/opt/ros/foxy/opt/yaml_cpp_vendor/lib:/opt/ros/foxy/opt/rviz_ogre_vendor/lib:/opt/ros/foxy/lib/aarch64-linux-gnu:/opt/ros/foxy/lib:/usr/local/cuda-11.4/lib64 PYTHONPATH=/home/jetson/slash_ws/install/livox_ros_driver2/lib/python3.8/site-packages:${PYTHONPATH} /usr/bin/cmake --install /home/jetson/slash_ws/build/fast_lio
[276.286s] Level 1:colcon.colcon_core.environment:create_environment_scripts_only(fast_lio)
[276.287s] Level 1:colcon.colcon_core.environment:checking '/home/jetson/slash_ws/install/fast_lio' for CMake module files
[276.289s] DEBUG:colcon.colcon_core.event_handler.log_command:Invoked command in '/home/jetson/slash_ws/build/fast_lio' returned '0': AMENT_PREFIX_PATH=/home/jetson/slash_ws/install/livox_ros_driver2:${AMENT_PREFIX_PATH} CMAKE_PREFIX_PATH=/home/jetson/slash_ws/install/livox_ros_driver2:/opt/ros/foxy LD_LIBRARY_PATH=/home/jetson/slash_ws/install/livox_ros_driver2/lib:/usr/lib/aarch64-linux-gnu/gazebo-11/plugins:/opt/ros/foxy/opt/yaml_cpp_vendor/lib:/opt/ros/foxy/opt/rviz_ogre_vendor/lib:/opt/ros/foxy/lib/aarch64-linux-gnu:/opt/ros/foxy/lib:/usr/local/cuda-11.4/lib64 PYTHONPATH=/home/jetson/slash_ws/install/livox_ros_driver2/lib/python3.8/site-packages:${PYTHONPATH} /usr/bin/cmake --install /home/jetson/slash_ws/build/fast_lio
[276.290s] Level 1:colcon.colcon_core.environment:checking '/home/jetson/slash_ws/install/fast_lio' for CMake config files
[276.291s] Level 1:colcon.colcon_core.shell:create_environment_hook('fast_lio', 'cmake_prefix_path')
[276.292s] INFO:colcon.colcon_core.shell:Creating environment hook '/home/jetson/slash_ws/install/fast_lio/share/fast_lio/hook/cmake_prefix_path.ps1'
[276.295s] INFO:colcon.colcon_core.shell:Creating environment descriptor '/home/jetson/slash_ws/install/fast_lio/share/fast_lio/hook/cmake_prefix_path.dsv'
[276.297s] INFO:colcon.colcon_core.shell:Creating environment hook '/home/jetson/slash_ws/install/fast_lio/share/fast_lio/hook/cmake_prefix_path.sh'
[276.299s] Level 1:colcon.colcon_core.environment:checking '/home/jetson/slash_ws/install/fast_lio/lib'
[276.299s] Level 1:colcon.colcon_core.shell:create_environment_hook('fast_lio', 'ld_library_path_lib')
[276.299s] INFO:colcon.colcon_core.shell:Creating environment hook '/home/jetson/slash_ws/install/fast_lio/share/fast_lio/hook/ld_library_path_lib.ps1'
[276.300s] INFO:colcon.colcon_core.shell:Creating environment descriptor '/home/jetson/slash_ws/install/fast_lio/share/fast_lio/hook/ld_library_path_lib.dsv'
[276.301s] INFO:colcon.colcon_core.shell:Creating environment hook '/home/jetson/slash_ws/install/fast_lio/share/fast_lio/hook/ld_library_path_lib.sh'
[276.301s] Level 1:colcon.colcon_core.environment:checking '/home/jetson/slash_ws/install/fast_lio/bin'
[276.302s] Level 1:colcon.colcon_core.environment:checking '/home/jetson/slash_ws/install/fast_lio/lib/pkgconfig/fast_lio.pc'
[276.302s] Level 1:colcon.colcon_core.environment:checking '/home/jetson/slash_ws/install/fast_lio/lib/python3.8/site-packages'
[276.302s] Level 1:colcon.colcon_core.shell:create_environment_hook('fast_lio', 'pythonpath')
[276.303s] INFO:colcon.colcon_core.shell:Creating environment hook '/home/jetson/slash_ws/install/fast_lio/share/fast_lio/hook/pythonpath.ps1'
[276.303s] INFO:colcon.colcon_core.shell:Creating environment descriptor '/home/jetson/slash_ws/install/fast_lio/share/fast_lio/hook/pythonpath.dsv'
[276.304s] INFO:colcon.colcon_core.shell:Creating environment hook '/home/jetson/slash_ws/install/fast_lio/share/fast_lio/hook/pythonpath.sh'
[276.305s] Level 1:colcon.colcon_core.environment:checking '/home/jetson/slash_ws/install/fast_lio/bin'
[276.305s] INFO:colcon.colcon_core.shell:Creating package script '/home/jetson/slash_ws/install/fast_lio/share/fast_lio/package.ps1'
[276.306s] INFO:colcon.colcon_core.shell:Creating package descriptor '/home/jetson/slash_ws/install/fast_lio/share/fast_lio/package.dsv'
[276.307s] INFO:colcon.colcon_core.shell:Creating package script '/home/jetson/slash_ws/install/fast_lio/share/fast_lio/package.sh'
[276.308s] INFO:colcon.colcon_core.shell:Creating package script '/home/jetson/slash_ws/install/fast_lio/share/fast_lio/package.bash'
[276.310s] INFO:colcon.colcon_core.shell:Creating package script '/home/jetson/slash_ws/install/fast_lio/share/fast_lio/package.zsh'
[276.311s] Level 1:colcon.colcon_core.environment:create_file_with_runtime_dependencies(/home/jetson/slash_ws/install/fast_lio/share/colcon-core/packages/fast_lio)
[276.407s] Level 1:colcon.colcon_core.environment:create_environment_scripts_only(fast_lio)
[276.408s] Level 1:colcon.colcon_core.environment:checking '/home/jetson/slash_ws/install/fast_lio' for CMake module files
[276.409s] Level 1:colcon.colcon_core.environment:checking '/home/jetson/slash_ws/install/fast_lio' for CMake config files
[276.411s] Level 1:colcon.colcon_core.shell:create_environment_hook('fast_lio', 'cmake_prefix_path')
[276.411s] INFO:colcon.colcon_core.shell:Creating environment hook '/home/jetson/slash_ws/install/fast_lio/share/fast_lio/hook/cmake_prefix_path.ps1'
[276.413s] INFO:colcon.colcon_core.shell:Creating environment descriptor '/home/jetson/slash_ws/install/fast_lio/share/fast_lio/hook/cmake_prefix_path.dsv'
[276.415s] INFO:colcon.colcon_core.shell:Creating environment hook '/home/jetson/slash_ws/install/fast_lio/share/fast_lio/hook/cmake_prefix_path.sh'
[276.417s] Level 1:colcon.colcon_core.environment:checking '/home/jetson/slash_ws/install/fast_lio/lib'
[276.417s] Level 1:colcon.colcon_core.shell:create_environment_hook('fast_lio', 'ld_library_path_lib')
[276.417s] INFO:colcon.colcon_core.shell:Creating environment hook '/home/jetson/slash_ws/install/fast_lio/share/fast_lio/hook/ld_library_path_lib.ps1'
[276.418s] INFO:colcon.colcon_core.shell:Creating environment descriptor '/home/jetson/slash_ws/install/fast_lio/share/fast_lio/hook/ld_library_path_lib.dsv'
[276.419s] INFO:colcon.colcon_core.shell:Creating environment hook '/home/jetson/slash_ws/install/fast_lio/share/fast_lio/hook/ld_library_path_lib.sh'
[276.420s] Level 1:colcon.colcon_core.environment:checking '/home/jetson/slash_ws/install/fast_lio/bin'
[276.420s] Level 1:colcon.colcon_core.environment:checking '/home/jetson/slash_ws/install/fast_lio/lib/pkgconfig/fast_lio.pc'
[276.420s] Level 1:colcon.colcon_core.environment:checking '/home/jetson/slash_ws/install/fast_lio/lib/python3.8/site-packages'
[276.420s] Level 1:colcon.colcon_core.shell:create_environment_hook('fast_lio', 'pythonpath')
[276.421s] INFO:colcon.colcon_core.shell:Creating environment hook '/home/jetson/slash_ws/install/fast_lio/share/fast_lio/hook/pythonpath.ps1'
[276.422s] INFO:colcon.colcon_core.shell:Creating environment descriptor '/home/jetson/slash_ws/install/fast_lio/share/fast_lio/hook/pythonpath.dsv'
[276.422s] INFO:colcon.colcon_core.shell:Creating environment hook '/home/jetson/slash_ws/install/fast_lio/share/fast_lio/hook/pythonpath.sh'
[276.423s] Level 1:colcon.colcon_core.environment:checking '/home/jetson/slash_ws/install/fast_lio/bin'
[276.424s] INFO:colcon.colcon_core.shell:Creating package script '/home/jetson/slash_ws/install/fast_lio/share/fast_lio/package.ps1'
[276.425s] INFO:colcon.colcon_core.shell:Creating package descriptor '/home/jetson/slash_ws/install/fast_lio/share/fast_lio/package.dsv'
[276.426s] INFO:colcon.colcon_core.shell:Creating package script '/home/jetson/slash_ws/install/fast_lio/share/fast_lio/package.sh'
[276.427s] INFO:colcon.colcon_core.shell:Creating package script '/home/jetson/slash_ws/install/fast_lio/share/fast_lio/package.bash'
[276.428s] INFO:colcon.colcon_core.shell:Creating package script '/home/jetson/slash_ws/install/fast_lio/share/fast_lio/package.zsh'
[276.429s] Level 1:colcon.colcon_core.environment:create_file_with_runtime_dependencies(/home/jetson/slash_ws/install/fast_lio/share/colcon-core/packages/fast_lio)
[283.530s] DEBUG:colcon.colcon_core.event_handler.log_command:Invoked command in '/home/jetson/slash_ws/build/teb_local_planner' returned '0': AMENT_PREFIX_PATH=/home/jetson/slash_ws/install/teb_msgs:/home/jetson/slash_ws/install/costmap_converter:/home/jetson/slash_ws/install/costmap_converter_msgs:${AMENT_PREFIX_PATH} CMAKE_PREFIX_PATH=/home/jetson/slash_ws/install/teb_msgs:/home/jetson/slash_ws/install/costmap_converter:/home/jetson/slash_ws/install/costmap_converter_msgs:/opt/ros/foxy LD_LIBRARY_PATH=/home/jetson/slash_ws/install/teb_msgs/lib:/home/jetson/slash_ws/install/costmap_converter/lib:/home/jetson/slash_ws/install/costmap_converter_msgs/lib:/usr/lib/aarch64-linux-gnu/gazebo-11/plugins:/opt/ros/foxy/opt/yaml_cpp_vendor/lib:/opt/ros/foxy/opt/rviz_ogre_vendor/lib:/opt/ros/foxy/lib/aarch64-linux-gnu:/opt/ros/foxy/lib:/usr/local/cuda-11.4/lib64 PATH=/home/jetson/slash_ws/install/costmap_converter/bin:${PATH} PYTHONPATH=/home/jetson/slash_ws/install/teb_msgs/lib/python3.8/site-packages:/home/jetson/slash_ws/install/costmap_converter_msgs/lib/python3.8/site-packages:${PYTHONPATH} /usr/bin/cmake --build /home/jetson/slash_ws/build/teb_local_planner -- -j8 -l8
[283.599s] DEBUG:colcon.colcon_core.event_handler.log_command:Invoking command in '/home/jetson/slash_ws/build/teb_local_planner': AMENT_PREFIX_PATH=/home/jetson/slash_ws/install/teb_msgs:/home/jetson/slash_ws/install/costmap_converter:/home/jetson/slash_ws/install/costmap_converter_msgs:${AMENT_PREFIX_PATH} CMAKE_PREFIX_PATH=/home/jetson/slash_ws/install/teb_msgs:/home/jetson/slash_ws/install/costmap_converter:/home/jetson/slash_ws/install/costmap_converter_msgs:/opt/ros/foxy LD_LIBRARY_PATH=/home/jetson/slash_ws/install/teb_msgs/lib:/home/jetson/slash_ws/install/costmap_converter/lib:/home/jetson/slash_ws/install/costmap_converter_msgs/lib:/usr/lib/aarch64-linux-gnu/gazebo-11/plugins:/opt/ros/foxy/opt/yaml_cpp_vendor/lib:/opt/ros/foxy/opt/rviz_ogre_vendor/lib:/opt/ros/foxy/lib/aarch64-linux-gnu:/opt/ros/foxy/lib:/usr/local/cuda-11.4/lib64 PATH=/home/jetson/slash_ws/install/costmap_converter/bin:${PATH} PYTHONPATH=/home/jetson/slash_ws/install/teb_msgs/lib/python3.8/site-packages:/home/jetson/slash_ws/install/costmap_converter_msgs/lib/python3.8/site-packages:${PYTHONPATH} /usr/bin/cmake --install /home/jetson/slash_ws/build/teb_local_planner
[284.800s] Level 1:colcon.colcon_core.environment:create_environment_scripts_only(teb_local_planner)
[284.802s] Level 1:colcon.colcon_core.environment:checking '/home/jetson/slash_ws/install/teb_local_planner' for CMake module files
[284.803s] DEBUG:colcon.colcon_core.event_handler.log_command:Invoked command in '/home/jetson/slash_ws/build/teb_local_planner' returned '0': AMENT_PREFIX_PATH=/home/jetson/slash_ws/install/teb_msgs:/home/jetson/slash_ws/install/costmap_converter:/home/jetson/slash_ws/install/costmap_converter_msgs:${AMENT_PREFIX_PATH} CMAKE_PREFIX_PATH=/home/jetson/slash_ws/install/teb_msgs:/home/jetson/slash_ws/install/costmap_converter:/home/jetson/slash_ws/install/costmap_converter_msgs:/opt/ros/foxy LD_LIBRARY_PATH=/home/jetson/slash_ws/install/teb_msgs/lib:/home/jetson/slash_ws/install/costmap_converter/lib:/home/jetson/slash_ws/install/costmap_converter_msgs/lib:/usr/lib/aarch64-linux-gnu/gazebo-11/plugins:/opt/ros/foxy/opt/yaml_cpp_vendor/lib:/opt/ros/foxy/opt/rviz_ogre_vendor/lib:/opt/ros/foxy/lib/aarch64-linux-gnu:/opt/ros/foxy/lib:/usr/local/cuda-11.4/lib64 PATH=/home/jetson/slash_ws/install/costmap_converter/bin:${PATH} PYTHONPATH=/home/jetson/slash_ws/install/teb_msgs/lib/python3.8/site-packages:/home/jetson/slash_ws/install/costmap_converter_msgs/lib/python3.8/site-packages:${PYTHONPATH} /usr/bin/cmake --install /home/jetson/slash_ws/build/teb_local_planner
[284.805s] Level 1:colcon.colcon_core.environment:checking '/home/jetson/slash_ws/install/teb_local_planner' for CMake config files
[284.806s] Level 1:colcon.colcon_core.shell:create_environment_hook('teb_local_planner', 'cmake_prefix_path')
[284.807s] INFO:colcon.colcon_core.shell:Creating environment hook '/home/jetson/slash_ws/install/teb_local_planner/share/teb_local_planner/hook/cmake_prefix_path.ps1'
[284.809s] INFO:colcon.colcon_core.shell:Creating environment descriptor '/home/jetson/slash_ws/install/teb_local_planner/share/teb_local_planner/hook/cmake_prefix_path.dsv'
[284.810s] INFO:colcon.colcon_core.shell:Creating environment hook '/home/jetson/slash_ws/install/teb_local_planner/share/teb_local_planner/hook/cmake_prefix_path.sh'
[284.812s] Level 1:colcon.colcon_core.environment:checking '/home/jetson/slash_ws/install/teb_local_planner/lib'
[284.812s] Level 1:colcon.colcon_core.shell:create_environment_hook('teb_local_planner', 'ld_library_path_lib')
[284.812s] INFO:colcon.colcon_core.shell:Creating environment hook '/home/jetson/slash_ws/install/teb_local_planner/share/teb_local_planner/hook/ld_library_path_lib.ps1'
[284.813s] INFO:colcon.colcon_core.shell:Creating environment descriptor '/home/jetson/slash_ws/install/teb_local_planner/share/teb_local_planner/hook/ld_library_path_lib.dsv'
[284.814s] INFO:colcon.colcon_core.shell:Creating environment hook '/home/jetson/slash_ws/install/teb_local_planner/share/teb_local_planner/hook/ld_library_path_lib.sh'
[284.815s] Level 1:colcon.colcon_core.environment:checking '/home/jetson/slash_ws/install/teb_local_planner/bin'
[284.815s] Level 1:colcon.colcon_core.environment:checking '/home/jetson/slash_ws/install/teb_local_planner/lib/pkgconfig/teb_local_planner.pc'
[284.815s] Level 1:colcon.colcon_core.environment:checking '/home/jetson/slash_ws/install/teb_local_planner/lib/python3.8/site-packages'
[284.816s] Level 1:colcon.colcon_core.environment:checking '/home/jetson/slash_ws/install/teb_local_planner/bin'
[284.816s] INFO:colcon.colcon_core.shell:Creating package script '/home/jetson/slash_ws/install/teb_local_planner/share/teb_local_planner/package.ps1'
[284.818s] INFO:colcon.colcon_core.shell:Creating package descriptor '/home/jetson/slash_ws/install/teb_local_planner/share/teb_local_planner/package.dsv'
[284.819s] INFO:colcon.colcon_core.shell:Creating package script '/home/jetson/slash_ws/install/teb_local_planner/share/teb_local_planner/package.sh'
[284.820s] INFO:colcon.colcon_core.shell:Creating package script '/home/jetson/slash_ws/install/teb_local_planner/share/teb_local_planner/package.bash'
[284.821s] INFO:colcon.colcon_core.shell:Creating package script '/home/jetson/slash_ws/install/teb_local_planner/share/teb_local_planner/package.zsh'
[284.821s] Level 1:colcon.colcon_core.environment:create_file_with_runtime_dependencies(/home/jetson/slash_ws/install/teb_local_planner/share/colcon-core/packages/teb_local_planner)
[284.884s] Level 1:colcon.colcon_core.environment:create_environment_scripts_only(teb_local_planner)
[284.885s] Level 1:colcon.colcon_core.environment:checking '/home/jetson/slash_ws/install/teb_local_planner' for CMake module files
[284.885s] Level 1:colcon.colcon_core.environment:checking '/home/jetson/slash_ws/install/teb_local_planner' for CMake config files
[284.887s] Level 1:colcon.colcon_core.shell:create_environment_hook('teb_local_planner', 'cmake_prefix_path')
[284.887s] INFO:colcon.colcon_core.shell:Creating environment hook '/home/jetson/slash_ws/install/teb_local_planner/share/teb_local_planner/hook/cmake_prefix_path.ps1'
[284.889s] INFO:colcon.colcon_core.shell:Creating environment descriptor '/home/jetson/slash_ws/install/teb_local_planner/share/teb_local_planner/hook/cmake_prefix_path.dsv'
[284.890s] INFO:colcon.colcon_core.shell:Creating environment hook '/home/jetson/slash_ws/install/teb_local_planner/share/teb_local_planner/hook/cmake_prefix_path.sh'
[284.891s] Level 1:colcon.colcon_core.environment:checking '/home/jetson/slash_ws/install/teb_local_planner/lib'
[284.891s] Level 1:colcon.colcon_core.shell:create_environment_hook('teb_local_planner', 'ld_library_path_lib')
[284.892s] INFO:colcon.colcon_core.shell:Creating environment hook '/home/jetson/slash_ws/install/teb_local_planner/share/teb_local_planner/hook/ld_library_path_lib.ps1'
[284.892s] INFO:colcon.colcon_core.shell:Creating environment descriptor '/home/jetson/slash_ws/install/teb_local_planner/share/teb_local_planner/hook/ld_library_path_lib.dsv'
[284.893s] INFO:colcon.colcon_core.shell:Creating environment hook '/home/jetson/slash_ws/install/teb_local_planner/share/teb_local_planner/hook/ld_library_path_lib.sh'
[284.894s] Level 1:colcon.colcon_core.environment:checking '/home/jetson/slash_ws/install/teb_local_planner/bin'
[284.894s] Level 1:colcon.colcon_core.environment:checking '/home/jetson/slash_ws/install/teb_local_planner/lib/pkgconfig/teb_local_planner.pc'
[284.895s] Level 1:colcon.colcon_core.environment:checking '/home/jetson/slash_ws/install/teb_local_planner/lib/python3.8/site-packages'
[284.895s] Level 1:colcon.colcon_core.environment:checking '/home/jetson/slash_ws/install/teb_local_planner/bin'
[284.896s] INFO:colcon.colcon_core.shell:Creating package script '/home/jetson/slash_ws/install/teb_local_planner/share/teb_local_planner/package.ps1'
[284.897s] INFO:colcon.colcon_core.shell:Creating package descriptor '/home/jetson/slash_ws/install/teb_local_planner/share/teb_local_planner/package.dsv'
[284.898s] INFO:colcon.colcon_core.shell:Creating package script '/home/jetson/slash_ws/install/teb_local_planner/share/teb_local_planner/package.sh'
[284.900s] INFO:colcon.colcon_core.shell:Creating package script '/home/jetson/slash_ws/install/teb_local_planner/share/teb_local_planner/package.bash'
[284.901s] INFO:colcon.colcon_core.shell:Creating package script '/home/jetson/slash_ws/install/teb_local_planner/share/teb_local_planner/package.zsh'
[284.902s] Level 1:colcon.colcon_core.environment:create_file_with_runtime_dependencies(/home/jetson/slash_ws/install/teb_local_planner/share/colcon-core/packages/teb_local_planner)
[284.903s] DEBUG:colcon.colcon_parallel_executor.executor.parallel:closing loop
[284.904s] DEBUG:colcon.colcon_parallel_executor.executor.parallel:loop closed
[284.904s] DEBUG:colcon.colcon_parallel_executor.executor.parallel:run_until_complete finished with '0'
[284.904s] DEBUG:colcon.colcon_core.event_reactor:joining thread
[284.926s] INFO:colcon.colcon_core.plugin_system:Skipping extension 'colcon_notification.desktop_notification.terminal_notifier': Not used on non-Darwin systems
[284.926s] INFO:colcon.colcon_core.plugin_system:Skipping extension 'colcon_notification.desktop_notification.win32': Not used on non-Windows systems
[284.927s] INFO:colcon.colcon_notification.desktop_notification:Sending desktop notification using 'notify2'
[284.987s] DEBUG:colcon.colcon_core.event_reactor:joined thread
[284.988s] INFO:colcon.colcon_core.shell:Creating prefix script '/home/jetson/slash_ws/install/local_setup.ps1'
[284.990s] INFO:colcon.colcon_core.shell:Creating prefix util module '/home/jetson/slash_ws/install/_local_setup_util_ps1.py'
[284.993s] INFO:colcon.colcon_core.shell:Creating prefix chain script '/home/jetson/slash_ws/install/setup.ps1'
[284.995s] INFO:colcon.colcon_core.shell:Creating prefix script '/home/jetson/slash_ws/install/local_setup.sh'
[284.996s] INFO:colcon.colcon_core.shell:Creating prefix util module '/home/jetson/slash_ws/install/_local_setup_util_sh.py'
[284.997s] INFO:colcon.colcon_core.shell:Creating prefix chain script '/home/jetson/slash_ws/install/setup.sh'
[284.999s] INFO:colcon.colcon_core.shell:Creating prefix script '/home/jetson/slash_ws/install/local_setup.bash'
[285.000s] INFO:colcon.colcon_core.shell:Creating prefix chain script '/home/jetson/slash_ws/install/setup.bash'
[285.001s] INFO:colcon.colcon_core.shell:Creating prefix script '/home/jetson/slash_ws/install/local_setup.zsh'
[285.003s] INFO:colcon.colcon_core.shell:Creating prefix chain script '/home/jetson/slash_ws/install/setup.zsh'
