            0.300011 0 0 0   0.00014874 -0.000566205 -0.000524824 0 0 0   -0.011 -0.02329  0.04412  0.00132088 -0.00592254 -0.00486131 -0.0189007 0.00453501 0.00328465 0 0 0 0.0418053 -0.288921  -9.80465 
            0.400145  0.0199751 -0.0248761 -0.0760966  -0.0141476  0.00548646 -0.00422823  6.54712e-07  1.63107e-06 -5.87034e-07 -0.0110001 -0.0232899    0.04412   -0.001394 -0.00653729 -0.00801058 -0.0189007 0.00453499 0.00328468   2.6413e-07 -1.21978e-07  5.83198e-08  0.041805 -0.288921  -9.80465 
            0.500029 0.0277201 -0.103788 -0.111717   0.00305409 -5.88824e-05 -0.000255936 -3.51784e-05 -0.000122939  4.62771e-06 -0.0110003 -0.0232899  0.0441199  0.0844559 -0.0325445  0.0142469 -0.0188791 0.00479282 0.00341287  -2.1886e-05  5.91146e-06 -5.93712e-06 0.0418263 -0.288927  -9.80465 
             0.60003  0.0195394 -0.0780866 -0.0383356   0.00540997  -0.00442322 -0.000276695 -0.000105121   0.00248319  -6.6687e-05 -0.0110001 -0.0232889  0.0441189  0.0608887 -0.0384026 0.00876986 -0.0187938 0.00468568 0.00319747 0.000442834 2.04395e-05  8.8052e-05  0.041379 -0.288937  -9.80466 
            0.700116  0.0133706  -0.184079 -0.0659685  0.00217093 -0.00301265  0.00467399    0.0161229    0.0204677 -0.000503689 -0.0110002 -0.0232902  0.0441209  0.0286116 -0.0230024  0.0194282 -0.0187676 0.00498486 0.00328853  0.00365686 -0.00291782 -0.00148401 0.0382958 -0.286155  -9.80475 
            0.801383 -0.0776409  -0.200591 -0.0196789  0.00203355 -0.00191184  0.00840091    0.0338437    0.0338323 -0.000804299 -0.0109998 -0.0232907  0.0441227  0.0165923 -0.0119784  0.0221346 -0.0184583 0.00498429 0.00314324  0.00604619 -0.00612032 -0.00302225 0.0360056 -0.283118  -9.80485 
            0.900288   -0.12055  -0.142296 -0.0405751 -0.00274786 0.000506375   0.0074805   0.0647572   0.0725301 -0.00173441 -0.0109983 -0.0232905    0.04412 -0.00475038  0.00190827   0.0122565 -0.0184124 0.00465294 0.00322783   0.0129333  -0.0115259 0.000858825 0.0293823 -0.277803  -9.80502 
             1.00122  -0.125762  -0.262379 -0.0772112  -0.00605605 -7.36341e-05   0.00790552   0.0592087    0.088684 -0.00220314 -0.0109984 -0.0232913  0.0441207 -0.0194061 0.00221817 0.00924222 -0.0183484 0.00496467 0.00336143  0.0158086 -0.0104973 0.00225812 0.0266133 -0.278748    -9.805 
             1.10011 -0.145727 -0.262593 -0.222451  -0.0155529 9.68264e-05    0.012054   0.060736   0.142833 -0.0036967 -0.0109996 -0.0232978  0.0441201 -0.0488353 0.00502747  0.0170761 -0.0182498 0.00479185 0.00381883   0.0254977  -0.0109929 -0.00548614 0.0172985 -0.278469  -9.80503 
             1.20011  -0.118779  -0.283762 -0.0687955 -0.0212434 0.00220936  0.0117029   0.0732809    0.146147 -0.00370618 -0.0109978 -0.0232982  0.0441192 -0.0591283  0.0114687 0.00938192 -0.0183227 0.00483321 0.00334826   0.0260688  -0.0131081 -0.00110764 0.0167528  -0.27632  -9.80509 
             1.30122   -0.175931   -0.268177 -0.00537551 -0.0182103 0.00469986  0.0146424   0.0791063   0.0830183 -0.00188562 -0.0109988 -0.0233061  0.0441214 -0.0396231  0.0182243  0.0130298 -0.0181372 0.00496164 0.00316605   0.0148313  -0.0142864 -0.00589946 0.0275575 -0.275334   -9.8051 
             1.40011   -0.219887   -0.236805 -0.00714944 -0.0118737  0.0133242  0.0207012    0.118081   0.0187561 0.000254307 -0.0109992 -0.0233104  0.0441263 -0.015392 0.0428658  0.025652  -0.018102 0.00503664 0.00318474 0.00343024  -0.021548 -0.0166282 0.0385139 -0.268647  -9.80524 
             1.50121 -0.201194 -0.152988 0.0706272 -0.00799047   0.0142068    0.017738   0.0985903  -0.0100779 0.000927721 -0.0109962 -0.0233152  0.0441317 -0.00134398   0.0370724   0.0111972 -0.0180669 0.00487481 0.00296529 -0.00177618    -0.01774 -0.00499739 0.0435455 -0.272033  -9.80513 
             1.60041  -0.158352  -0.182411 -0.0957964 -0.0029686 0.00913374  0.0163733   0.055272 -0.0352761 0.00140437 -0.0109804 -0.0233088  0.0441374  0.0122923  0.0133046 0.00195434 -0.0180285  0.0050129 0.00343013  -0.00628508  -0.00988387 -0.000374969 0.0479006 -0.279468   -9.8049 
             1.69979  -0.158455  -0.198607 -0.0440492 -0.00378337  0.00451146   0.0158944  0.0286029  -0.026855 0.00104082 -0.0109784 -0.0233091  0.0441397  0.00608335 -0.00115413 -0.00264663 -0.0179265  0.0050177 0.00327227 -0.00478774 -0.00509639 0.000781564 0.0464784 -0.284041  -9.80478 
             1.80008 -0.134305 -0.241525 -0.114956 -0.00857422 0.000236227   0.0202371   0.0111492 -0.00713053 0.000396913 -0.0109714 -0.0233104  0.0441443 -0.0105871 -0.0110276 0.00776438 -0.0179304 0.00506861 0.00345242   -0.001241 -0.00219561 -0.00651137 0.0430818 -0.286998  -9.80471 
             1.90001 -0.200141 -0.203674 0.0189012 -0.0114149 0.00148572  0.0203616    0.0193305 -0.000883569  0.000181188  -0.010969 -0.0233082  0.0441462   -0.01746 -0.0024982 0.00562775 -0.0177642  0.0049421  0.0030961 -0.000126684  -0.00363139  -0.00564458 0.0420062 -0.285604  -9.80475 
             2.00035  -0.143314   -0.25361 -0.0717774 -0.0107188 0.00171051  0.0195251   0.0211333 -0.00942674 0.000421742 -0.0109702 -0.0233077  0.0441443   -0.0146687 -0.000839755   0.00120135 -0.0179019 0.00508823 0.00335015 -0.00165634 -0.00390473 -0.00389714 0.0434711   -0.2853  -9.80475 
             2.10001 -0.177311  -0.22241 -0.125374 -0.00580495  0.00267087   0.0200603   0.0237674  -0.0287877 0.000927672 -0.0109704 -0.0233043  0.0441439 -0.000419346   0.00271467  0.000326172 -0.0177928 0.00503478 0.00349268 -0.00511692 -0.00439256 -0.00462708 0.0467947 -0.284848  -9.80475 
             2.20128   -0.16928  -0.240437 -0.0366577 -0.00367512  0.00588192   0.0208978  0.0317264 -0.0351036 0.00102665 -0.0109683 -0.0233053  0.0441437 0.00270838  0.0117972 0.00012623 -0.0178064 0.00508075 0.00327126 -0.00624441 -0.00584634 -0.00573961 0.0478834 -0.283483  -9.80479 
             2.30124  -0.19257 -0.258688 -0.130052 -0.00390462  0.00446396   0.0249729  0.0238099 -0.0345523 0.00107591 -0.0109659 -0.0233067  0.0441427 -0.000995853   0.00773702   0.00942924 -0.0177117 0.00510844 0.00351312 -0.00614279 -0.00455306  -0.0103313  0.047792 -0.284835  -9.80475 
             2.40003 -0.135183 -0.235636  -0.20091 -0.00663647    0.005608   0.0199829   0.0255596  -0.0280775 0.000907836  -0.010966 -0.0233106  0.0441423 -0.00899674  0.00985874 -0.00576481 -0.0178446 0.00503673 0.00369946 -0.00498612 -0.00469744 -0.00385029  0.046667 -0.284531  -9.80476 
             2.50132  -0.16718 -0.276919 -0.101675 -0.00566217   0.0043004   0.0209046  0.0195124 -0.0329962 0.00108238 -0.0109682 -0.0233125   0.044141 -0.00755815  0.00472939 -0.00298588  -0.017732  0.0051376 0.00345362 -0.00586651 -0.00365965 -0.00551884 0.0475045 -0.285573  -9.80473 
             2.60119  -0.155421  -0.217341 -0.0583003 -0.00952911  0.00285313    0.020824   0.0149848  -0.0263628 0.000982344 -0.0109702 -0.0233102    0.04414 -0.0159926 0.00113207 -0.0050108 -0.0177189 0.00496297 0.00334409 -0.00468058 -0.00285828 -0.00585954 0.0463596 -0.286336  -9.80471 
             2.70122 -0.180715 -0.233958 -0.178716  -0.0105537 0.000100404   0.0208407 0.00815137 -0.0280899 0.00108497 -0.0109679 -0.0233096  0.0441388  -0.0161576 -0.00417032 -0.00598583 -0.0176359 0.00499684 0.00363675 -0.00498908 -0.00164671 -0.00630758 0.0466387 -0.287511  -9.80467 
             2.79991  -0.215357  -0.207869 -0.0734359 -0.0120927 0.00357288  0.0225136  0.0159922 -0.0281491 0.00100271 -0.0109635 -0.0233104   0.044141   -0.0180233   0.00849006 -0.000352641 -0.0175844 0.00493406 0.00338877 -0.00499731 -0.00310798 -0.00848982 0.0466725  -0.28617  -9.80471 
             2.89999 -0.157735 -0.255479 -0.086994 -0.0104269 0.00358145  0.0223223  0.0141853 -0.0350524  0.0011784 -0.0109634 -0.0233106  0.0441402    -0.012302   0.00654272 -0.000675487 -0.0176997 0.00505621 0.00342003 -0.00623564 -0.00278218 -0.00841547 0.0478511 -0.286498   -9.8047 
             3.00129 -0.220056 -0.298609 -0.142314 -0.00978587 -0.00120246   0.0319551 0.00241181 -0.0394243 0.00139314 -0.0109519 -0.0233137  0.0441354  -0.0108847 -0.00573017   0.0222096 -0.0175025 0.00514478 0.00353976   -0.0070213 -0.000898548   -0.0168352  0.048593 -0.288519  -9.80464 
              3.1012 -0.170538 -0.319814 -0.236228  -0.0101151 -0.00125587   0.0322579 0.00343705 -0.0409435 0.00141824 -0.0109535 -0.0233134  0.0441349 -0.0117726 -0.0043617  0.0157077    -0.0176 0.00518137 0.00375026 -0.00729296 -0.00104045  -0.0152667 0.0488513 -0.288349  -9.80464 
             3.20135  -0.285291  -0.243999 -0.0777231  -0.0118532 -0.00122542   0.0334857 0.00372034 -0.0400022 0.00139305 -0.0109531 -0.0233124  0.0441347  -0.0143392 0.000361202   0.0146793 -0.0173363 0.00499747 0.00338585 -0.00712483 -0.00108186  -0.0149214 0.0486911 -0.288298  -9.80464 
             3.30009  -0.23475 -0.311852 -0.127319 -0.00949922  0.00352615   0.0385494  0.0114464 -0.0462449 0.00141202 -0.0109517 -0.0233126  0.0441328 -0.00946723    0.014817   0.0239683 -0.0174684 0.00515747  0.0035019 -0.00823916 -0.00253198  -0.0176854 0.0497855 -0.287003  -9.80467 
             3.40132  -0.26833 -0.307874 -0.212089 -0.00938533  0.00482681   0.0379411  0.0111154   -0.04802 0.00144858 -0.0109515 -0.0233113  0.0441327 -0.00939978   0.0168789   0.0174957 -0.0173801 0.00514501 0.00368836  -0.0085526 -0.00241722  -0.0154978 0.0500819 -0.287069  -9.80467 
             3.50033 -0.227662 -0.305349 -0.142066 -0.00679314  0.00566994   0.0348182  0.0099095 -0.0533449 0.00156292 -0.0109522 -0.0233147  0.0441334 -0.0029359  0.0152349 0.00485288 -0.0174443 0.00513924 0.00353849 -0.00949557 -0.00212076  -0.0121228 0.0509756 -0.287299  -9.80466 
              3.6001 -0.257482 -0.351098 -0.158752 -0.00630638  0.00233055   0.0352278 0.00195878 -0.0550608 0.00171652 -0.0109525 -0.0233147  0.0441332 -0.0035899 0.00455211 0.00217314 -0.0173393  0.0052297 0.00356931  -0.00980014 -0.000707339   -0.0120401 0.0512305 -0.288649  -9.80462 
             3.69998 -0.166272  -0.32775 -0.159694 -0.00391244  0.00206816   0.0326263 0.000972088  -0.0590935   0.0018047 -0.0109523 -0.0233178  0.0441346 0.000621679  0.00318112 -0.00433949 -0.0175194 0.00517803 0.00357411   -0.0105123 -0.000483758    -0.010043 0.051906 -0.28884 -9.80461 
             3.80012 -0.214636  -0.29616  -0.14553 -0.00749032 -0.00165995   0.0290868 -0.00483744  -0.0544026  0.00182203 -0.010952 -0.023317 0.0441331 -0.00930842   -0.004878  -0.0113889 -0.0173996 0.00509489  0.0035414 -0.00967479 0.000598956 -0.00797983  0.051087 -0.289807  -9.80458 
             3.90132 -0.238582 -0.254258 -0.107365  -0.00954033 -0.000301786    0.0323129 -0.00250116  -0.0529306  0.00176086 -0.0109539  -0.023318  0.0441333  -0.0135201  0.00143279 -0.00164946 -0.0173439 0.00499256 0.00345087 -0.00941915 0.000111857   -0.010929 0.0508479 -0.289398   -9.8046 
             4.00117 -0.199722 -0.334683 -0.194806 -0.00659084 -0.00267204   0.0333327 -0.00625723  -0.0588692  0.00191717 -0.0109508 -0.0233152  0.0441314 -0.00615278 -0.00502695  -0.0008918 -0.0173953 0.00515992  0.0036238  -0.0104824 0.000767039  -0.0117101 0.0518364 -0.290063  -9.80457 
             4.10129 -0.270644 -0.287268 -0.107024 -0.00551767 -0.00470236   0.0338877 -0.00876868  -0.0611132  0.00200182 -0.0109522 -0.0233165  0.0441298 -0.00346619 -0.00658356 -0.00090358 -0.0172379 0.00506035 0.00344444  -0.010887   0.001209 -0.0120576 0.0522072 -0.290499  -9.80456 
             4.20131 -0.226398 -0.294667 -0.153741 -0.00722566 -0.00195033   0.0354346 -0.00442417  -0.0595359  0.00188722 -0.0109531 -0.0233167  0.0441295 -0.00917442  0.00429307  0.00316438 -0.0173311 0.00506524 0.00353763  -0.0106064 0.000406127  -0.0129905 0.0519613 -0.289753  -9.80458 
             4.30134 -0.198755 -0.381583 -0.210542 -0.00693104 -0.00224171   0.0379731 -0.00546081   -0.061353  0.00193094 -0.0109504 -0.0233151  0.0441285 -0.0104107 0.00371082 0.00924968 -0.0173761 0.00523291 0.00364451  -0.0109363 0.000563624  -0.0142517 0.0522676 -0.289938  -9.80457 
             4.40123 -0.184967 -0.355254 -0.214847  -0.0115435 4.56858e-05   0.0364267 -0.00285369  -0.0572533  0.00181508 -0.0109516 -0.0233168  0.0441285 -0.0213802 0.00908796 0.00284314 -0.0173926 0.00515975 0.00365291   -0.010195 0.000122155  -0.0129878 0.0515809 -0.289473  -9.80459 
             4.50015 -0.234689 -0.346086 -0.227735 -0.0124548 0.00290216  0.0364854 -0.000709697   -0.0586726   0.00178244 -0.0109518 -0.0233165  0.0441294  -0.0209521   0.0152496 0.000214222 -0.0172834  0.0051265 0.00367298   -0.0104504 -0.000261923    -0.012944 0.0518344 -0.289117   -9.8046 
             4.60129 -0.253258 -0.383602 -0.145764 -0.0120472  0.0028152  0.0396823 -0.00300801  -0.0617225  0.00187439 -0.0109531 -0.0233199  0.0441277 -0.0186185   0.013335 0.00618584  -0.017233 0.00519136 0.00350709  -0.0110056 0.000111456  -0.0146133 0.0523374 -0.289527  -9.80459 
             4.70126 -0.228174  -0.39296 -0.113229 -0.00871807  0.00152663   0.0352064 -0.00597033  -0.0674305   0.0020217 -0.0109567  -0.023324  0.0441274 -0.00962518  0.00708614  -0.0052368 -0.0172748 0.00521655 0.00344052  -0.0120246 0.000707407  -0.0118386 0.0532887 -0.290063  -9.80457 
              4.8004  -0.254073  -0.320026 -0.0547125 -0.00625777  0.00114366   0.0362533 -0.00752612  -0.0710571  0.00210513 -0.0109596 -0.0233273  0.0441294 -0.0034821 0.00704366 -0.0021106 -0.0172228 0.00507147 0.00332176  -0.0126838 0.000966834   -0.012699 0.0538928  -0.29035  -9.80455 
             4.90032 -0.205783 -0.350873 -0.108185 -0.00672889  0.00244321    0.032551 -0.00666549  -0.0709824  0.00208402 -0.0109595 -0.0233288   0.044129 -0.00576392  0.00799358  -0.0121699 -0.0172974 0.00512951 0.00342729  -0.0126619 0.000849874  -0.0109984 0.0538897 -0.290203  -9.80456 
             5.00022 -0.258298 -0.317147 -0.125788 -0.00960024  0.00269143   0.0356987 -0.00763636  -0.0688824  0.00208757 -0.0109609 -0.0233311  0.0441281  -0.0129978  0.00898847 -0.00337116 -0.0171913 0.00504642 0.00345169  -0.0122929 0.000974804  -0.0131925 0.0535225 -0.290357  -9.80456 
             5.10024 -0.195266  -0.37865 -0.223473 -0.0119238 0.00139211  0.0359398 -0.0100018 -0.0682188 0.00214222 -0.0109569 -0.0233315  0.0441293  -0.0180212   0.0050187 -0.00249267 -0.0172966 0.00515628 0.00363003 -0.0121727 0.00140081 -0.0134198 0.0533997 -0.290758  -9.80454 
             5.20035 -0.285678 -0.361721 -0.215149  -0.00812307 -0.000531802     0.039241 -0.0129285 -0.0737476 0.00229227 -0.0109547 -0.0233311  0.0441256 -0.00804186   0.0017216  0.00703069 -0.0171306 0.00512403 0.00361506 -0.0131867 0.00189744 -0.0150548 0.0543313 -0.291278  -9.80452 
             5.30124 -0.215002 -0.389481 -0.131911  -0.00515615 -0.000966881    0.0386954 -0.0134662 -0.0773316 0.00235177 -0.0109562 -0.0233339  0.0441246  -0.0021576 7.32771e-05  0.00425119 -0.0172499 0.00517051 0.00346285 -0.0138352 0.00200721 -0.0145045 0.0549394 -0.291384  -9.80452 
             5.40118  -0.25668 -0.379067 -0.184666 -0.0040593 0.00358348  0.0411364 -0.00924823  -0.0784719  0.00222855  -0.010956 -0.0233342  0.0441255 -0.00206989   0.0130216  0.00783081 -0.0171661 0.00514028 0.00355855 -0.0140493 0.00121883 -0.0155039  0.055157 -0.290674  -9.80454 
             5.50125 -0.214542 -0.384179 -0.226674 -0.00644708   0.0057297   0.0401659 -0.00842853  -0.0766098  0.00218153 -0.0109568 -0.0233359  0.0441253 -0.00931869   0.0163548  0.00230494 -0.0172245  0.0051357 0.00363144 -0.0137074 0.00108672 -0.0147363 0.0548479 -0.290524  -9.80454 
             5.60004 -0.287239  -0.45378 -0.127544 -0.000794814  0.000858095    0.0472211 -0.0150527 -0.0829586  0.0024746 -0.0109612 -0.0233466   0.044116 0.00159681 0.00287007  0.0181483 -0.0170858 0.00525479 0.00345287 -0.0148765 0.00221499 -0.0176014 0.0558717 -0.291676   -9.8045 
             5.70028  -0.275939  -0.393082 -0.0336835 -0.00240073 0.000849243   0.0469259 -0.0153104 -0.0814911 0.00246935 -0.0109609  -0.023344  0.0441155 -0.00479162  0.00474097   0.0139736 -0.0171023 0.00514395 0.00329141 -0.0146049 0.00228278  -0.016696 0.0556244 -0.291711   -9.8045 
             5.80138 -0.271514  -0.40087 -0.122962 -0.00069721 -0.00126847   0.0459163  -0.017633 -0.0835017 0.00257324 -0.0109591 -0.0233432  0.0441162  -0.00211299 -0.000648995   0.00732483 -0.0170951 0.00514998 0.00344704 -0.0149612 0.00272573 -0.0157435 0.0559498 -0.292117  -9.80449 
              5.9002 -0.243523  -0.40469 -0.223701 -0.00776033 -0.00117976     0.04391 -0.0173655 -0.0779254 0.00250246 -0.0109602 -0.0233516  0.0441151    -0.020382    0.0010316 -0.000973387  -0.017135 0.00513986 0.00361647 -0.0139413 0.00269817 -0.0146559 0.0550149 -0.292042   -9.8045 
             6.00118 -0.232115 -0.421616 -0.202097 -0.00659211 0.000907368   0.0457899 -0.0158657 -0.0806492 0.00247613 -0.0109608 -0.0233498  0.0441144 -0.0165337 0.00787662 0.00318014 -0.0171569 0.00516546  0.0035802  -0.014443 0.00240855 -0.0154378 0.0554788 -0.291801   -9.8045 
             6.10007 -0.307648 -0.341979 -0.159572 -0.0118223 0.00224719  0.0438813 -0.0154202 -0.0777901 0.00242249 -0.0109588 -0.0233476  0.0441125  -0.0262673   0.0124228 -0.00185589 -0.0170271 0.00502033 0.00350709 -0.0139141 0.00234711  -0.014546  0.055002 -0.291712  -9.80451 
             6.20129 -0.227945  -0.41867 -0.126956 -0.0108116 0.00595106  0.0435337 -0.0133348 -0.0807142 0.00237341 -0.0109575 -0.0233492    0.04411  -0.0218741   0.0186912 -0.00223122 -0.0171553 0.00514696 0.00345364 -0.0144472 0.00196455  -0.014526 0.0555088 -0.291376  -9.80451 
             6.30119 -0.300839 -0.441421 -0.164522 -0.0110668 0.00127288  0.0473713  -0.019073 -0.0826317 0.00260442 -0.0109545 -0.0233508  0.0441046 -0.0203687 0.00471619 0.00625637 -0.0170194  0.0051756 0.00351109 -0.0148114 0.00297978 -0.0161007 0.0557892 -0.292353  -9.80448 
             6.40131 -0.222931 -0.405397 -0.180694 -0.00484033   0.0012528    0.043629 -0.0194204 -0.0888824 0.00267146 -0.0109536 -0.0233516  0.0441064 -0.00336074   0.0029757 -0.00502331 -0.0171348 0.00512149 0.00353803 -0.0159433 0.00308193 -0.0144477 0.0568505 -0.292457  -9.80447 
             6.50132 -0.346643 -0.394063  -0.18322 -0.00792732 -0.00135233   0.0466372 -0.0220726 -0.0871042   0.002762 -0.0109539 -0.0233553  0.0441027   -0.0120735 -0.000327867   0.00276685 -0.0169281 0.00509307  0.0035402 -0.0156272 0.00353882 -0.0157163 0.0565259 -0.292888  -9.80446 
             6.60122 -0.241004  -0.40438 -0.137604  0.00358412 -0.00186273    0.044013 -0.0224363 -0.0964677 0.00281724 -0.0109547 -0.0233621  0.0441035   0.0146971 -0.00145697 -0.00310689  -0.017093 0.00511489 0.00347428 -0.0173373 0.00362598 -0.0146411 0.0581093 -0.293014  -9.80445 
             6.70004 -0.336943 -0.410837 -0.152767  0.00146419 -0.00475219   0.0481419 -0.0248311  -0.094116 0.00291002 -0.0109545  -0.023365   0.044102  0.00339896 -0.00498255  0.00723159 -0.0169303 0.00510988 0.00349764 -0.0169186 0.00403191 -0.0162409 0.0576883 -0.293395  -9.80444 
             6.80033 -0.233907 -0.380687 -0.271171 -0.000492069  -0.00447902    0.0430708 -0.0240203 -0.0924167 0.00287248 -0.0109547  -0.023372  0.0441004 -0.00315112 -0.00330991 -0.00772592 -0.0170842 0.00505195 0.00368335 -0.0165875 0.00392038 -0.0142194 0.0574135  -0.29325  -9.80445 
             6.90002 -0.264048 -0.386941 -0.119245 2.27816e-05 -0.00325079   0.0394938 -0.0229187 -0.0929997 0.00281997 -0.0109529 -0.0233728  0.0441002 -0.0031335 0.00239237 -0.0155266 -0.0170258 0.00505849 0.00344633 -0.0166854 0.00373594 -0.0132237 0.0575222 -0.293072  -9.80445 
             7.00125 -0.258596 -0.300319 -0.161264  0.00187657 -0.00207354   0.0356813 -0.0222198 -0.0944177 0.00278606 -0.0109512 -0.0233732  0.0441014  0.0013883 0.00645539 -0.0204926 -0.0170374 0.00491856 0.00351239 -0.0169367 0.00362365 -0.0124387 0.0577651 -0.292969  -9.80445 
             7.10115  -0.27174 -0.345864 -0.164153 -0.00162165 -0.00399802   0.0401392 -0.0242718 -0.0922007 0.00287528 -0.0109494 -0.0233741  0.0441016 -0.00929634   0.0019918 -0.00521428 -0.0170071 0.00498016 0.00351619 -0.0165514 0.00395883 -0.0146823 0.0573803 -0.293293  -9.80445 
             7.20028  -0.29421 -0.334193 -0.127872 0.000641299 -0.00327506   0.0451021 -0.0241653 -0.0943593 0.00286662 -0.0109483 -0.0233773  0.0441011 -0.00371345  0.00467338  0.00706517 -0.0169637 0.00495655 0.00345694 -0.0169717 0.00390105 -0.0165841 0.0577574  -0.29329  -9.80444 
             7.30002 -0.248312 -0.416861 -0.152071 -0.000169347  -0.00153671     0.047377 -0.0233656 -0.0941841 0.00282568 -0.0109468 -0.0233769  0.0441011 -0.00770215  0.00891712  0.00943548  -0.017028 0.00507861 0.00349585 -0.0169442 0.00374199 -0.0171174 0.0577381 -0.293153  -9.80445 
             7.40115 -0.316501 -0.351385 -0.248591 -0.00859297 -0.00335092   0.0503105 -0.0254061 -0.0893408 0.00292127 -0.0109442 -0.0233852  0.0440989 -0.0266452 0.00566205  0.0140214 -0.0169142 0.00496666 0.00363858 -0.0160517 0.00410251 -0.0177436 0.0569132 -0.293457  -9.80444 
             7.50111  -0.230438  -0.416732 -0.0582681 -0.00882774  0.00297159   0.0490099  -0.021406 -0.0908662  0.0027062 -0.0109364 -0.0233889  0.0440937 -0.0247205  0.0208197 0.00848311 -0.0170517 0.00506409 0.00335139 -0.0163215 0.00337174 -0.0168823 0.0571867 -0.292792  -9.80446 
             7.60001 -0.338312 -0.395234 -0.133367 -0.013934 0.0016563 0.0493167 -0.0237834 -0.0893792 0.00282844 -0.0109362 -0.0233886   0.044091 -0.0330227  0.0156188 0.00726813 -0.0168786 0.00502244  0.0034639  -0.016044 0.00381612 -0.0167186 0.0569179  -0.29318  -9.80445 
             7.70117 -0.227794 -0.388176 -0.224691 -0.00771531  0.00226238   0.0446635 -0.0243222 -0.0953314 0.00285819 -0.0109321 -0.0233839  0.0440955  -0.0128721   0.0120063 -0.00626235 -0.0170301  0.0050097 0.00359759 -0.0171264 0.00395348 -0.0150556 0.0578972 -0.293314  -9.80444 
             7.80115 -0.309864  -0.38718 -0.252195 -0.00906196 -0.00150543   0.0498399 -0.0278597  -0.095572 0.00302296 -0.0109273 -0.0233863  0.0440929 -0.0149551 0.00280536 0.00655946 -0.0168977 0.00500008 0.00363161 -0.0171867 0.00457469 -0.0168209 0.0579228 -0.293902  -9.80442 
             7.90132 -0.258624 -0.363112 -0.106056 -0.00555537 -3.0905e-05   0.0477744 -0.0271033 -0.0985302 0.00298399 -0.0109257 -0.0233916  0.0440936   -0.005028  0.00687669 0.000317956 -0.0169758 0.00496805 0.00341502 -0.0177276 0.00444842 -0.0159851 0.0584198 -0.293796  -9.80443 
             8.00128 -0.356647 -0.364962 -0.181861 -0.00673291  -0.0040096   0.0523586 -0.0303155  -0.098375 0.00312475 -0.0109256 -0.0233956  0.0440888 -0.00846205 -0.00115859   0.0120812 -0.0168225 0.00496557 0.00352761 -0.0177128 0.00501658  -0.017333 0.0583713 -0.294326  -9.80441 
             8.10111 -0.246893 -0.472692  -0.26754 -0.00883074 -0.00294711   0.0545011 -0.0295322 -0.0977849 0.00308943 -0.0109259 -0.0233957  0.0440885 -0.0154271 0.00178344  0.0133707 -0.0169708 0.00510935 0.00365209 -0.0176061 0.00486368  -0.017657  0.058281 -0.294189  -9.80441 
             8.20005 -0.385843 -0.489729 -0.141225  -0.0062882 -0.00325137   0.0602629 -0.0302138  -0.100293 0.00311685 -0.0109246 -0.0234036  0.0440843 -0.00963165  0.00416541   0.0218133  -0.016765 0.00512777  0.0034724 -0.0180881 0.00496301 -0.0189642 0.0586984 -0.294319  -9.80441 
             8.30128 -0.335263  -0.40579 -0.161657  -0.00661797 -0.000480006    0.0543812 -0.0286501  -0.100562  0.0030254 -0.0109186  -0.023404  0.0440842 -0.00938239   0.0118288  0.00218423 -0.0168399  0.0050061  0.0035026 -0.0181084 0.00471661 -0.0166222 0.0587533 -0.294072  -9.80441 
             8.40132 -0.367896 -0.471561 -0.131625 -0.00615169  0.00126254   0.0572064 -0.0285043  -0.101526 0.00301233  -0.010918 -0.0234051  0.0440839  -0.010361  0.0168351 0.00920779 -0.0167985 0.00509479 0.00346411 -0.0182971 0.00467453  -0.017348 0.0589145 -0.294052  -9.80441 
             8.50034 -0.284311 -0.411798 -0.263782   -0.006065 -0.00216009   0.0522175 -0.0313782  -0.102304 0.00315964 -0.0109067 -0.0234082  0.0440906 -0.00900488  0.00532805  -0.0033901 -0.0169064 0.00500585   0.003646 -0.0184169 0.00525046 -0.0156575 0.059016 -0.29456  -9.8044 
             8.60128 -0.284533 -0.444439 -0.180829 -0.00537161 -0.00150294   0.0476353 -0.0312194  -0.103228 0.00314703 -0.0109067 -0.0234107  0.0440906 -0.00804068  0.00588166  -0.0141184  -0.016896 0.00504668 0.00352974 -0.0185777 0.00524074 -0.0145037 0.0591789 -0.294555   -9.8044 
             8.70126 -0.296698 -0.389494 -0.271781 -0.00695314 -0.00576542   0.0479341 -0.0341871  -0.103005 0.00331146 -0.0109039 -0.0234106  0.0440907   -0.010718 -0.00464712  -0.0118936 -0.0168647 0.00496167 0.00364871 -0.0185399 0.00579403 -0.0149791 0.0591053 -0.295045  -9.80438 
             8.80127 -0.302414 -0.377264 -0.106276 -0.00351215 -0.00476452   0.0474714 -0.0334859  -0.105465 0.00325483 -0.0109029 -0.0234162  0.0440923 -0.00230418 0.000638069  -0.0110176 -0.0168592  0.0049461 0.00342444 -0.0190073 0.00565671 -0.0151549 0.0595239 -0.294953  -9.80438 
             8.90112 -0.310327 -0.400442 -0.207157 -0.00544528 -0.00505449   0.0529594 -0.033917 -0.104733 0.0032794 -0.0109019 -0.0234177  0.0440923 -0.00919924  0.00297245  0.00593118 -0.0168496 0.00497376 0.00356036 -0.0188901 0.00570601 -0.0169101 0.0593908 -0.295002  -9.80438 
             9.00125 -0.282586 -0.403954 -0.199119  -0.0108809 -0.00354738   0.0517902 -0.0331826  -0.102397 0.00325913 -0.0109025 -0.0234182   0.044093 -0.022346  0.007564 0.0031033 -0.0168827 0.00496793 0.00354606  -0.018441  0.0055731 -0.0164696 0.0590095 -0.294853  -9.80439 
             9.10127 -0.325655 -0.500531 -0.259339 -0.00675858 -0.00378153   0.0569191 -0.0339566  -0.105885 0.00326975 -0.0108953 -0.0234163  0.0440849 -0.0120153 0.00615682  0.0127085 -0.0168109 0.00508998 0.00362569  -0.019117 0.00569666 -0.0177548 0.0595824 -0.295016  -9.80438 
             9.20131 -0.249427  -0.47804   -0.2198   -0.0090116 -0.000918291    0.0563049 -0.0326983  -0.105321 0.00320383 -0.0108957 -0.0234169  0.0440838 -0.0171668  0.0123155 0.00693093 -0.0169086 0.00504804 0.00357126 -0.0190058 0.00546667 -0.0172735 0.0595054 -0.294802  -9.80439 
             9.30123 -0.426724  -0.47238 -0.205763  -0.0088647 -0.00160759   0.0610011 -0.0340723  -0.106472 0.00327412 -0.0108964 -0.0234236  0.0440791 -0.0161507   0.012731  0.0162818 -0.0166715 0.00503717 0.00354923 -0.0192346 0.00570508 -0.0182552 0.0596749 -0.295038  -9.80438 
             9.40129 -0.342819 -0.460034 -0.248067  -0.0105904 0.000285853    0.058395 -0.0336541  -0.106422  0.0032522 -0.0108957 -0.0234238   0.044079 -0.0193633  0.0162642 0.00780688 -0.0167793 0.00501651 0.00360027 -0.0192119  0.0056446 -0.0171786 0.0596774 -0.294972  -9.80438 
             9.50033 -0.307046 -0.495566 -0.215683  -0.0103038 0.000851702   0.0540009 -0.0341276  -0.107577 0.00327033 -0.010897 -0.023427 0.0440796   -0.017584   0.0143131 -0.00418294 -0.0168188 0.00505555 0.00355776 -0.0194162  0.0057553 -0.0158955  0.059871 -0.295075  -9.80438 
             9.60118  -0.33141 -0.451434 -0.143535 -0.00711609  -0.0031284   0.0547927 -0.0370626  -0.110184 0.00343078 -0.0109034 -0.0234311  0.0440825  -0.0082291  0.00243104 -0.00280444  -0.016771 0.00499626 0.00346083 -0.0199213 0.00631205 -0.0162046 0.0602557   -0.2956  -9.80436 
             9.70071 -0.273309  -0.43692 -0.136628 -0.00255546 -0.00100755    0.050401 -0.0360425  -0.112707 0.00333081 -0.0109006 -0.0234362  0.0440834 0.00202649 0.00719328 -0.0136426 -0.0168471 0.00497569 0.00345081 -0.0203882 0.00613084 -0.0151613 0.0606999 -0.295476  -9.80436 
              9.8001 -0.360078 -0.392722 -0.199682 -0.00918928 -0.00337122   0.0523701 -0.0378223  -0.109637 0.00348347 -0.0109013  -0.023441  0.0440779  -0.0147899  0.00390416 -0.00552366 -0.0167332 0.00490904 0.00352938   -0.01981 0.00645755 -0.0159616 0.0601565  -0.29572  -9.80436 
             9.90019 -0.272742  -0.45048 -0.175085 -0.00585615 -0.00321525   0.0509982  -0.037906  -0.111997 0.00345827 -0.0109015 -0.0234409  0.0440767 -0.00700366  0.00382829 -0.00726291 -0.0168433 0.00498571 0.00349861  -0.020263 0.00647688 -0.0157557 0.0605515 -0.295765  -9.80435 
             10.0002 -0.310679 -0.389467 -0.182275 -0.00615059 -0.00371367   0.0521592 -0.0384322  -0.112224 0.00349312  -0.010902 -0.0234411  0.0440766  -0.0073051  0.00301407 -0.00308313 -0.0167853 0.00490275 0.00350628 -0.0203156 0.00657209 -0.0162348 0.0605823 -0.295852  -9.80435 
                10.1 -0.252559 -0.520849 -0.204637 -0.00696231 -0.00463063   0.0547355 -0.0391109  -0.112402  0.0035331 -0.0108979 -0.0234397  0.0440767  -0.0120155 0.000716907  0.00275108 -0.0168527 0.00506321 0.00353499 -0.0203602 0.00669561 -0.0169135 0.0606032 -0.295966  -9.80435 
             10.2012 -0.329614 -0.443454 -0.225425 -0.00719505 -0.00393391   0.0567725 -0.0389633  -0.112862 0.00351789 -0.0108982 -0.0234404   0.044077  -0.011982 0.00526515 0.00676309 -0.0167561 0.00496133 0.00355537 -0.0204568 0.00666039 -0.0173123 0.0606823 -0.295946  -9.80435 
             10.3012 -0.286349 -0.486204 -0.191711 -0.00377264 -0.00555602   0.0571948 -0.0400389  -0.115076 0.00357499 -0.0108991 -0.0234412  0.0440758 -0.00474769  0.00121326  0.00697291 -0.0168104 0.00501479 0.00351347 -0.0208859 0.00687118 -0.0172338 0.0610386 -0.296149  -9.80434 
             10.4011 -0.321639 -0.476733 -0.212366 -0.00147208 -0.00800763    0.059084 -0.0413488  -0.116439 0.00365945 -0.0108989 -0.0234415  0.0440746 -0.00124169 -0.00341417   0.0102086 -0.0167612 0.00500097 0.00353759 -0.0211555 0.00712163 -0.0175145  0.061248 -0.296383  -9.80433 
             10.5003 -0.332805 -0.458246 -0.132837 -0.00508218 -0.00506392   0.0600549 -0.0398312  -0.114893 0.00355413 -0.0108955 -0.0234389  0.0440749 -0.0115473 0.00648333  0.0088521  -0.016744 0.00497144 0.00343829 -0.0208532 0.00682537 -0.0175411 0.0610103 -0.296112  -9.80434 
             10.6013 -0.354753 -0.481562 -0.161392 -0.000881335  -0.00706729     0.061879 -0.0412074  -0.117337 0.00363683 -0.0108956 -0.0234396  0.0440733 -0.00241587  0.00176013    0.010165 -0.0167123 0.00499654 0.00347227 -0.0213349 0.00709062 -0.0177372 0.0613975 -0.296371  -9.80433 
             10.7013 -0.355086 -0.492522 -0.178372 -0.00395716 -0.00653501   0.0628575 -0.0411097   -0.11622 0.00364336 -0.0108958   -0.02344  0.0440736 -0.0120291 0.00567373 0.00992324 -0.0167142 0.00500579 0.00349249  -0.021116 0.00707166 -0.0177126 0.0612135 -0.296341  -9.80433 
             10.8013 -0.270958 -0.557537  -0.16184 -0.00517833 -0.00165747   0.0601466 -0.0390627  -0.116194 0.00348533 -0.0108982 -0.0234433  0.0440692 -0.0170245  0.0168693 0.00231101 -0.0168195  0.0050821 0.00347322 -0.0210966 0.00667959 -0.0169023 0.0612376 -0.296002  -9.80434 
             10.9004 -0.418281 -0.401174 -0.181386  -0.0061798 -0.00426108   0.0638839 -0.0412289  -0.116593 0.00365382 -0.0109003 -0.0234465  0.0440649 -0.0164271  0.0101267  0.0109413 -0.0166375 0.00488633  0.0034991 -0.0211892 0.00709014 -0.0176731 0.0612744 -0.296358  -9.80433 
             11.0012 -0.263796 -0.474355 -0.199689 -0.00796292 0.000879187    0.056693 -0.0392228  -0.116428 0.00352131 -0.0109017 -0.0234561  0.0440591  -0.0193554   0.0198645 -0.00994076 -0.0168186 0.00497069 0.00351993 -0.0211259 0.00671195  -0.015882 0.0612885 -0.296028  -9.80434 
             11.1011 -0.377052 -0.398509 -0.156442 -0.00626227 -0.00340635   0.0575527   -0.04221   -0.11809 0.00371068 -0.0109064 -0.0234587  0.0440571  -0.0117062  0.00806711 -0.00605542 -0.0166821 0.00487596 0.00346917 -0.0214603 0.00729641 -0.0162545 0.0615302 -0.296535  -9.80432 
             11.2012 -0.302373 -0.448472 -0.210321 -0.00626273 -0.00159039   0.0575267 -0.0417757  -0.118625  0.0036701 -0.0109067 -0.0234581  0.0440562  -0.0119416   0.0118618 -0.00407697 -0.0167688 0.00493188 0.00353316 -0.0215683 0.00720881 -0.0163697 0.0616226 -0.296468  -9.80433 
             11.3002 -0.382855 -0.458588  -0.13558 -0.00498833 -0.00480837   0.0624837 -0.0438967  -0.119803 0.00381424 -0.0109081 -0.0234629   0.044052 -0.00904848  0.00412268  0.00892778 -0.0166693 0.00494041 0.00344434 -0.0218232 0.00761188 -0.0175134 0.0617921  -0.29682  -9.80431 
                11.4 -0.268144 -0.496274 -0.168553 -0.00401933 -0.00315283   0.0602561 -0.0432832  -0.120582 0.00375754 -0.0109101 -0.0234653  0.0440497 -0.00765679  0.00672547  0.00101282 -0.0167988 0.00498059 0.00348281 -0.0219668 0.00749824 -0.0168758 0.0619286 -0.296731  -9.80432 
             11.5013 -0.364825  -0.51209 -0.178192 -0.00349635 -0.00315774   0.0625631 -0.0437354  -0.121197 0.00378618 -0.0109088 -0.0234662  0.0440482 -0.00826552  0.00749207   0.0050613 -0.0166778 0.00499393 0.00349021 -0.0220988 0.00758116 -0.0173322 0.0620268 -0.296808  -9.80431 
             11.6013   -0.27862  -0.487138 -0.0973421 -0.00132269  -0.0029643   0.0584119 -0.0439263  -0.122409 0.00378237 -0.0109093 -0.0234705   0.044049 -0.00378718  0.00665604 -0.00607744 -0.0167773 0.00496203 0.00339816 -0.0223213 0.00763223 -0.0163606  0.062226 -0.296857  -9.80431 
             11.7012 -0.373091 -0.490666 -0.204628 -0.00210113 -0.00808107   0.0620077 -0.0464894  -0.122487 0.00400371  -0.010904 -0.0234727  0.0440443 -0.00759379 -0.00373267  0.00429358 -0.0166651 0.00496194  0.0035231 -0.0223531 0.00813463 -0.0171819 0.0622131 -0.297277   -9.8043 
             11.8012 -0.327805 -0.490035  -0.19186    -0.01002 -0.00597403   0.0606938 -0.0453962  -0.119747 0.00397349  -0.010905 -0.0234751  0.0440431  -0.026665  0.0044447 0.00053987 -0.0167167 0.00495216 0.00350416 -0.0217944 0.00791416 -0.0168555 0.0617674 -0.297071  -9.80431 
             11.9012  -0.37084 -0.437507 -0.223234 -0.00964182 -0.00772062   0.0616549 -0.0463965  -0.120972 0.00403305 -0.0109045 -0.0234742  0.0440437  -0.0213225 0.000776197  0.00193418  -0.016659 0.00489279 0.00353999 -0.0220461 0.00811657 -0.0170481 0.0619612 -0.297249   -9.8043 
             12.0012 -0.318738 -0.464885 -0.219128 -0.00916399 -0.00644126   0.0575876 -0.0458985   -0.12197 0.00396821 -0.0109045 -0.0234755  0.0440435  -0.0179475  0.00486897 -0.00802563 -0.0167154 0.00492088  0.0035346 -0.0222301 0.00802694 -0.0161766 0.0621379  -0.29718   -9.8043 
             12.1002 -0.313638 -0.454917 -0.202044 -0.00760212 -0.00650359   0.0547029 -0.0461337  -0.123256 0.00395613 -0.0109049 -0.0234767  0.0440438 -0.0128071 0.00482716 -0.0122581 -0.0167228 0.00490493 0.00351782 -0.0224811  0.0080808 -0.0157298 0.0623498 -0.297237   -9.8043 
             12.1984 -0.338117 -0.351075 -0.176768  -0.0113443 -0.00602224   0.0536362 -0.0461764  -0.122351 0.00398349 -0.0109052 -0.0234759  0.0440416 -0.0184929 0.00692296   -0.01256 -0.0166911 0.00477728 0.00348804 -0.0222999  0.0080874 -0.0158089 0.0622002 -0.297231   -9.8043 
             12.3006 -0.323569 -0.466603 -0.212395 -0.00526708 -0.00333133   0.0546318 -0.0454811  -0.125244 0.00384336 -0.0109037 -0.0234753  0.0440369 -0.00386617   0.0123464 -0.00805012 -0.0167005  0.0048792 0.00350554 -0.0228986 0.00793996 -0.0162732 0.0626893 -0.297154   -9.8043 
             12.4012 -0.346514 -0.365729 -0.109778 -0.00696001 -0.00173212   0.0530596 -0.0453971  -0.124768 0.00384947 -0.0109031 -0.0234739  0.0440364 -0.0071901  0.0151099 -0.0113709  -0.016676 0.00475731 0.00338802  -0.022798 0.00792386 -0.0161369 0.0626106 -0.297133   -9.8043 
             12.5012 -0.262586 -0.435603 -0.122709  -0.0027604 -0.00127951   0.0524468 -0.045799 -0.126498 0.0038289 -0.0109031  -0.023475  0.0440353 0.00193525  0.0125028 -0.0102768 -0.0167639 0.00484809 0.00340097 -0.0231586 0.00800656 -0.0162152 0.0628962 -0.297225  -9.80429 
             12.6011  -0.349536  -0.376471 -0.0987064 -0.00222907 -0.00252122   0.0535376 -0.0467773  -0.126667 0.00390863 -0.0109041 -0.0234763  0.0440335 0.00162356 0.00947463 -0.0045766 -0.0166552 0.00478129 0.00337096 -0.0232032 0.00820745 -0.0165844   0.06292 -0.297392  -9.80429 
             12.7012 -0.252567 -0.442312  -0.21676  -0.00182408 -0.000232765    0.0525841 -0.0462578  -0.126767 0.00386363 -0.0109064 -0.0234764  0.0440324 -0.00032107      0.0127 -0.00520843 -0.0167628 0.00484971 0.00350263  -0.023223 0.00809791 -0.0165152 0.0629403 -0.297304  -9.80429 
             12.8013 -0.369944 -0.456382 -0.152197  0.00223281 -0.00344377    0.061611 -0.0480776  -0.128212 0.00397827  -0.010901 -0.0234852  0.0440242 0.00674362  0.0042741  0.0161627 -0.0166172 0.00486783 0.00342632 -0.0235657 0.00846347 -0.0182715 0.0632117 -0.297629  -9.80428 
             12.9012 -0.282263  -0.47986 -0.119051 -0.00215341  -0.0036137   0.0604109  -0.048223   -0.12661 0.00404966 -0.0109024  -0.023485  0.0440263 -0.00680753  0.00324327  0.00816159  -0.016708 0.00488145 0.00338634 -0.0232181 0.00849917 -0.0177536 0.0629296 -0.297638  -9.80428 
             13.0011 -0.385162 -0.441231 -0.129751 -0.00379704 -0.00578296   0.0641995 -0.0492739  -0.126357 0.00416256 -0.0109031 -0.0234875  0.0440238 -0.0105395 0.00087898  0.0151189 -0.0165934 0.00483575 0.00339705 -0.0231783 0.00871208 -0.0182727 0.0628913 -0.297814  -9.80428 
             13.1011 -0.279935 -0.503092 -0.287541 -0.00435161 -0.00734947   0.0639874 -0.0498518  -0.126652 0.00421367 -0.0109008 -0.0234875  0.0440251  -0.0128175 -0.00233413   0.0127436 -0.0167059 0.00489593 0.00356648 -0.0232292 0.00883767 -0.0179438 0.0629295  -0.29791  -9.80427 
             13.2012 -0.370785 -0.477438 -0.204153 -0.0007157 -0.0068637  0.0646862 -0.0496909  -0.128307 0.00414526 -0.0109009 -0.0234871  0.0440256 -0.00427989  0.00109976   0.0113166 -0.0166032 0.00486421 0.00347342 -0.0235745 0.00880657 -0.0178583 0.0632056 -0.297896  -9.80427 
             13.3003 -0.326352 -0.494242 -0.171306 -0.00387428 -0.00294315   0.0646805 -0.0482778   -0.12736 0.00403061 -0.0108982 -0.0234857  0.0440244 -0.0134295  0.0115455 0.00699138 -0.0166511 0.00487662 0.00343697 -0.0233716 0.00851199 -0.0176771 0.0630622 -0.297652  -9.80428 
             13.4012 -0.365939 -0.465054 -0.226379 -0.00231663 -0.00530956   0.0611997 -0.0496082   -0.12847 0.00412572 -0.0108958 -0.0234838  0.0440245 -0.00795086  0.00509354 -0.00313929 -0.0166071  0.0048442 0.00349436 -0.0235823 0.00880149 -0.0168876 0.0632223 -0.297885  -9.80427 
             13.5003 -0.310362 -0.465111 -0.143138 -4.33785e-05  -0.00310004    0.0573824 -0.0489863  -0.129504  0.0040273 -0.0108936 -0.0234875  0.0440242 -0.00364215   0.0105026  -0.0103149 -0.0166647 0.00484718 0.00340393 -0.0237828 0.00867595 -0.0162369 0.0634004 -0.297795  -9.80427 
             13.6011 -0.328177 -0.466411 -0.173782  0.00113077 -0.00710965    0.056997 -0.0508275   -0.13018 0.00418604 -0.0108945 -0.0234876   0.044025 -0.00232293 -8.9117e-05 -0.00780318 -0.0166426 0.00484697 0.00343564 -0.0239286 0.00906472 -0.0163463 0.0634835  -0.29811  -9.80426 
             13.7002 -0.323069 -0.378343 -0.173879  0.00324856 -0.00728226    0.054365 -0.0508824  -0.130932 0.00416341 -0.0108928 -0.0234878  0.0440268  0.00311802 0.000288522  -0.0125998 -0.0166438 0.00474936 0.00343586 -0.0240796  0.0090808 -0.0160347 0.0636064 -0.298131  -9.80426 
             13.8011  -0.30388 -0.465541 -0.089289 0.000740196  -0.0044946    0.052527 -0.0499166  -0.130024 0.00409755 -0.0108902 -0.0234857  0.0440276 -0.00611445  0.00784217  -0.0159593 -0.0166598 0.00483837 0.00334441 -0.0238825 0.00887541 -0.0159541 0.0634677 -0.297958  -9.80427 
             13.9003 -0.310305 -0.421443 -0.191863 -0.00255743 -0.00497348   0.0555569  -0.050439  -0.129209 0.00417389 -0.0108898 -0.0234869  0.0440274  -0.0134318  0.00665784 -0.00658877 -0.0166521 0.00478902 0.00344827 -0.0237292 0.00897704 -0.0167658  0.063332 -0.298034  -9.80427 
             14.0012 -0.269666 -0.371568 -0.116063  -0.00629648 -0.000849704    0.0524379 -0.0492232  -0.128411 0.00407238 -0.0108875 -0.0234869   0.044025 -0.0199748   0.016409  -0.011518 -0.0166959  0.0047374 0.00336769 -0.0235445 0.00871637 -0.0163275 0.0632046  -0.29782  -9.80427 
             14.1011 -0.410262 -0.442756 -0.111383 -0.00321085 -0.00379519   0.0564055 -0.0509544  -0.130085 0.00418043 -0.0108848 -0.0234946  0.0440134   -0.0109019    0.0086022 -8.38026e-05 -0.0165482 0.00480948 0.00336278 -0.0239337 0.00908061 -0.0172176 0.0634881 -0.298128  -9.80426 
             14.2011 -0.316942  -0.45969 -0.158155  -0.00478075 -0.000982063    0.0574913 -0.0502885  -0.129933 0.00411532  -0.010885 -0.0234945  0.0440129  -0.0142304   0.0132176 0.000256269 -0.0166408 0.00482084 0.00341209 -0.0239055 0.00893116 -0.0174408 0.0634704 -0.298015  -9.80427 
             14.3011  -0.28742  -0.42531 -0.210618 -0.00505267  -0.0035518   0.0522529 -0.0515493  -0.130396 0.00422966 -0.0108807 -0.0234957  0.0440157 -0.0118763 0.00366731 -0.0138342  -0.016666 0.00477876 0.00346547  -0.023981 0.00922308 -0.0165269 0.0635216  -0.29823  -9.80426 
             14.4012 -0.333456 -0.357347 -0.165749 -0.00487034 -0.00254709   0.0529196 -0.0514295  -0.130772 0.00420275 -0.0108821 -0.0234963  0.0440165 -0.00944383   0.0077113 -0.00900742 -0.0166177 0.00470528  0.0034193 -0.0240764 0.00919438 -0.0168638 0.0635962 -0.298214  -9.80426 
             14.5011 -0.287551 -0.441317 -0.147813  -0.00646802 -0.000460608    0.0517226  -0.050991  -0.130614 0.00416158 -0.0108817 -0.0234962  0.0440162  -0.0136549   0.0120009 -0.00860959 -0.0166631 0.00478798 0.00340217 -0.0240387 0.00909354 -0.0168115 0.0635703 -0.298136  -9.80426 
             14.6002 -0.347061 -0.424948  -0.12823  -0.00756662 -0.000662289    0.0550133 -0.0514931  -0.130692 0.00421537 -0.0108818 -0.0234985  0.0440153 -0.0147883  0.0107863 0.00127824 -0.0165989 0.00476617 0.00338412  -0.024079 0.00920492 -0.0175357 0.0636005 -0.298231  -9.80426 
             14.7002 -0.282154 -0.414416  -0.14292 -0.000224115  -0.00269591    0.0536442 -0.0525285  -0.133356 0.00420561 -0.0108818 -0.0234993  0.0440174  0.00422015  0.00204426 -0.00333155 -0.0166601  0.0047549 0.00340286 -0.0246774 0.00944436 -0.0172926 0.0640467 -0.298429  -9.80425 
             14.8002 -0.328634 -0.448814 -0.206526 -0.00546042 -0.00585648   0.0585796 -0.0536355  -0.131774  0.0043937  -0.010878 -0.0235035  0.0440181  -0.0103124 -0.00359331  0.00758896  -0.016608 0.00478495  0.0034651 -0.0243429 0.00968735 -0.0181649 0.0637888 -0.298616  -9.80425 
             14.9003 -0.293333 -0.444063 -0.132929  -0.0047001 -0.00507338   0.0563608 -0.0533013  -0.132331  0.0043323  -0.010878 -0.0235044  0.0440176 -0.00798942 6.26053e-05  0.00100276 -0.0166452  0.0047784 0.00338996 -0.0244533 0.00961482 -0.0176498 0.0638726 -0.298557  -9.80425 
             15.0003 -0.334383 -0.428958 -0.213854 -0.00344126 -0.00312867   0.0546243 -0.0527232  -0.132937 0.00424271 -0.0108786  -0.023503  0.0440184 -0.00535043  0.00666649 -0.00186057 -0.0166046 0.00476154 0.00346867 -0.0245804 0.00948961 -0.0173412 0.0639724 -0.298462  -9.80425 
              15.101 -0.286177 -0.458879 -0.178465 -0.00323097 -0.00409264   0.0544929 -0.0532303  -0.133222 0.00428761  -0.010879 -0.0235031  0.0440189 -0.00559393  0.00222856 -0.00219213 -0.0166509 0.00478657  0.0034339 -0.0246438 0.00960263 -0.0173625 0.0640151  -0.29855  -9.80425 
             15.2002 -0.351114 -0.469117 -0.180262 -0.000942445  -0.00478851     0.061352 -0.0536239  -0.134071 0.00429458 -0.0108781 -0.0235071  0.0440175 -0.00159706  0.00148251   0.0125072  -0.016578 0.00479436 0.00343455 -0.0248646  0.0096817 -0.0185313 0.0641751 -0.298638  -9.80424 
             15.3012 -0.343623 -0.480979 -0.143641 0.000400665 -0.00487008   0.0645431 -0.0537495  -0.134546 0.00428374 -0.0108782 -0.0235082  0.0440172 -0.000553237   0.00242171    0.0165993 -0.0165871 0.00479957 0.00339699 -0.0249788 0.00970892  -0.018832 0.0642576 -0.298669  -9.80424 
             15.4011  -0.336291  -0.450942 -0.0758971  0.00446071 -0.00302406   0.0607236 -0.0533008  -0.135729 0.00415706 -0.0108754 -0.0235113  0.0440181 0.00693028 0.00762737  0.0050877 -0.0165921 0.00477018 0.00332999 -0.0252151 0.00960895 -0.0179501 0.0644443 -0.298595  -9.80424 
              15.501 -0.312495 -0.508565 -0.133601  0.00304281 -0.00244448   0.0607084 -0.0533458  -0.135193 0.00419534 -0.0108757 -0.0235118  0.0440187 -0.00099855  0.00841129  0.00432095  -0.016616 0.00482259 0.00338613 -0.0250931 0.00961889 -0.0178737 0.0643541 -0.298595  -9.80424 
             15.6013  -0.322662  -0.531737 -0.0241103 0.00141364 0.00440645  0.0629467 -0.0515276  -0.134719 0.00399471 -0.0108696 -0.0235101  0.0440187 -0.00830758   0.0241718  0.00761977 -0.0166056  0.0048427 0.00327797 -0.0249912 0.00921005 -0.0181931 0.0642889 -0.298295  -9.80425 
             15.7012 -0.352247 -0.478755 -0.129981   0.0010867 0.000714818    0.063026 -0.0534234  -0.134971 0.00420682 -0.0108627 -0.0235084  0.0440175 -0.00825033    0.011181   0.0051481 -0.0165722 0.00478486 0.00338194 -0.0250435 0.00963846 -0.0180687  0.064322 -0.298608  -9.80424 
             15.8012 -0.314884 -0.465007 -0.168989 -0.00214907 0.000951318   0.0572078 -0.0536621  -0.134359 0.00426242 -0.0108591  -0.023512  0.0440168  -0.0147503   0.0103236 -0.00979028 -0.0166092 0.00476934 0.00341831 -0.0248735 0.00969361 -0.0170557 0.0642179 -0.298637  -9.80424 
             15.9011 -0.386349 -0.316486 -0.130158  -0.0034267 -0.00482499   0.0555477 -0.0557517  -0.134459 0.00449393 -0.0108562 -0.0235116   0.044014  -0.0128179 -0.00307818  -0.0107878 -0.0165395 0.00462539 0.00337895 -0.0248919  0.0101661 -0.0169259 0.0642364 -0.298979  -9.80423 
             16.0012 -0.287862 -0.436002 -0.242791 -0.00353536 -0.00387371   0.0548628 -0.0553619  -0.134818 0.00443587 -0.0108576 -0.0235101  0.0440126  -0.0128717 6.77451e-05 -0.00980921 -0.0166319 0.00473879 0.00348581 -0.0249759  0.0100768 -0.0170026 0.0642964 -0.298915  -9.80423 
             16.1012 -0.396872 -0.369632 -0.150311 -0.00449567 -0.00472129   0.0592482 -0.0557185  -0.134882 0.00447716 -0.0108601 -0.0235146  0.0440118   -0.012447 0.000874698  0.00198874 -0.0165238  0.0046723 0.00339501 -0.0250172  0.0101533 -0.0178546 0.0643175 -0.298976  -9.80423 
             16.2013 -0.257778 -0.452027 -0.241778 -0.00403519 -0.00586424   0.0571464 -0.0560498  -0.135422 0.00449395 -0.0108613  -0.023516  0.0440119  -0.0103729  -0.0026053 -0.00467488  -0.016652 0.00475052 0.00348127 -0.0251304  0.0102326 -0.0175041 0.0643978 -0.299034  -9.80423 
             16.3012 -0.385202 -0.492609 -0.170864 0.000767056 -0.00585638     0.06222 -0.0561317  -0.136986 0.00442388 -0.0108568 -0.0235237   0.044006 -0.000589979   0.00138947   0.00817405 -0.0165384 0.00478884   0.003413 -0.0255189  0.0102453 -0.0183505 0.0646809 -0.299062  -9.80423 
             16.4011  -0.298746  -0.494694 -0.0867894  0.00404012 -0.00288459   0.0603637 -0.0553098   -0.13787 0.00427967 -0.0108545 -0.0235278  0.0440032  0.0040039 0.00870799 0.00343185 -0.0166176 0.00478979 0.00333238 -0.0257123  0.0100539 -0.0179529 0.064829 -0.29893 -9.80423 
             16.5013 -0.373279 -0.463058 -0.188125  0.00194593 -0.00494637   0.0621581 -0.0562017  -0.137278  0.0044109 -0.0108534 -0.0235291  0.0440014 -0.00302141  0.00372238  0.00600447 -0.0165414 0.00475385 0.00342611 -0.0255796  0.0102586 -0.0181767 0.0647217 -0.299072  -9.80423 
             16.6011 -0.301504 -0.468827 -0.157872 -0.00598853 -0.00402363   0.0569397  -0.055979   -0.13533 0.00445047 -0.0108529 -0.0235309  0.0439999  -0.0213081  0.00585178 -0.00826681 -0.0166087 0.00475515 0.00339583 -0.0250992  0.0102122 -0.0173104  0.064383 -0.299007  -9.80423 
             16.7013 -0.334951 -0.432843 -0.221563 -0.00584977 -0.00655814   0.0573943 -0.0569356  -0.136007 0.00454308 -0.0108508 -0.0235294  0.0440007  -0.0173209 0.000167183 -0.00576754 -0.0165745 0.00471981 0.00345474 -0.0252602  0.0104351 -0.0174861 0.0644847 -0.299175  -9.80422 
             16.8012 -0.340799 -0.395096 -0.231752  -0.0068718 -0.00656848   0.0577981 -0.0569765  -0.136197 0.00454181 -0.0108513 -0.0235293  0.0440011  -0.0168398  0.00224664 -0.00292858 -0.0165718 0.00468215 0.00346509 -0.0253091  0.0104438 -0.0176272 0.0645178 -0.299185  -9.80422 
             16.9012 -0.330174 -0.453485 -0.250331 -0.00491434 -0.00734059   0.0553767  -0.057256    -0.1372 0.00454022 -0.0108517 -0.0235284  0.0440004  -0.0108822 0.000597175 -0.00720751 -0.0165822 0.00473556 0.00348335 -0.0255335   0.010515 -0.0173098 0.0646743 -0.299246  -9.80422 
             17.0012 -0.339893 -0.380684 -0.215882 -0.00603249 -0.00813875   0.0543709 -0.0575135  -0.137194 0.00457023  -0.010852 -0.0235285  0.0440003   -0.0110543 -0.000545677  -0.00836137 -0.0165704 0.00466314 0.00345144 -0.0255308   0.010576 -0.0172791 0.0646678 -0.299289  -9.80422 
             17.1012 -0.313961 -0.417118 -0.121977 -0.00505809  -0.0030231   0.0554464 -0.0561079   -0.13763 0.00437846 -0.0108446 -0.0235293   0.043999 -0.00838491   0.0127141 -0.00514623 -0.0165924 0.00469451 0.00336335 -0.0256416  0.0102417  -0.017581 0.0647749 -0.299066  -9.80423 
             17.2001  -0.355324  -0.351952 -0.0825685    -0.00663 -0.00475309   0.0539508 -0.0569891  -0.137515 0.00448432 -0.0108461 -0.0235287  0.0439977 -0.00961956  0.00789662 -0.00723358  -0.016551 0.00463426 0.00332298 -0.0256088  0.0104494 -0.0174154 0.0647324 -0.299207  -9.80422 
             17.3012  -0.27889 -0.413967  -0.14076 -0.00441521 -0.00084718    0.051159  -0.056112  -0.138313 0.00435132 -0.0108474 -0.0235301  0.0439945 -0.00457168   0.0153147  -0.0116767 -0.0166224 0.00469083 0.00337577 -0.0257878  0.0102409 -0.0171241 0.0648706 -0.299073  -9.80423 
             17.4012 -0.381023 -0.368345 -0.093511 0.000282517 -0.00367734   0.0553915 -0.0573922  -0.139607 0.00442607 -0.0108498 -0.0235367  0.0439901 0.00696858 0.00650928 0.00030933 -0.0165246 0.00464689 0.00333017 -0.0261243  0.0105438 -0.0179229 0.0651006  -0.29931  -9.80422 
             17.5011 -0.303461 -0.413363 -0.120535 0.00182463  -0.001754   0.054761 -0.0570563  -0.139828 0.00437741 -0.0108507 -0.0235368  0.0439892  0.00775667  0.00979001 -0.00238907 -0.0165926 0.00468327 0.00335357 -0.0261747  0.0104627 -0.0178319 0.0651371 -0.299255  -9.80422 
             17.6011  -0.38518 -0.407807 -0.129471 -0.000250887  -0.00461706    0.0603112 -0.0581393  -0.139124 0.00453902  -0.010847 -0.0235412  0.0439872 0.000313051  0.00370211   0.0102858 -0.0165186 0.00467441  0.0033617 -0.0260319  0.0107204 -0.0186558 0.0650501 -0.299437  -9.80421 
             17.7012 -0.283295 -0.489215  -0.18479 -0.00148936 -0.00368474   0.0624699 -0.0579649  -0.138848 0.00453102 -0.0108467 -0.0235412  0.0439874 -0.00585892  0.00619285   0.0140572 -0.0166141 0.00474624 0.00341169 -0.0259705  0.0106774 -0.0188139 0.0650112 -0.299408  -9.80421 
             17.8012 -0.386926 -0.465491 -0.197633 -0.00611494 -0.00654886   0.0648655 -0.0588958  -0.137923 0.00470465 -0.0108445 -0.0235438  0.0439858 -0.0166096 0.00100368  0.0169019 -0.0165184 0.00472095 0.00342231 -0.0257477  0.0109019 -0.0189588 0.0648585 -0.299561  -9.80421 
             17.9002 -0.274379 -0.514237 -0.142713 -0.00410962 -0.00635431   0.0646562 -0.0588702  -0.138867 0.00464735 -0.0108456 -0.0235464  0.0439846   -0.0113632 -2.47006e-05    0.0118092 -0.0166178 0.00476193 0.00337301   -0.02597  0.0108954 -0.0187042 0.0650081 -0.299558  -9.80421 
             18.0012 -0.355752 -0.466342  -0.28303 -0.00353729 -0.00978933   0.0645024 -0.0598208  -0.139374 0.00474133   -0.01084 -0.0235432  0.0439837 -0.00818489 -0.00665285  0.00714388 -0.0165446 0.00471609 0.00349677 -0.0260819  0.0111318  -0.018509 0.065077 -0.29972  -9.8042 
             18.1011 -0.317785 -0.492564 -0.242504  -0.0055231 -0.00749131   0.0605965 -0.0590599  -0.139104 0.00465824 -0.0108392 -0.0235438   0.043983 -0.0127859 0.00195858 -0.0034547 -0.0165795 0.00473778 0.00346162 -0.0259981  0.0109459 -0.0178631 0.0650304 -0.299585  -9.80421 
             18.2012  -0.40809 -0.450677 -0.218604 7.60083e-05  -0.0107111   0.0625717  -0.060028  -0.140834 0.00469983 -0.0108433 -0.0235484  0.0439825 0.000947472 -0.00345806   0.0028558 -0.0164986 0.00469788 0.00344078 -0.0264297  0.0111865 -0.0181574 0.0653014 -0.299776   -9.8042 
             18.3012 -0.315882 -0.436032 -0.267436 -0.00137544 -0.00913811   0.0597191 -0.0595016  -0.140436 0.00465005 -0.0108419 -0.0235501  0.0439801 -0.00381273  0.00125737 -0.00505388 -0.0165789  0.0046816 0.00348468 -0.0263202  0.0110558 -0.0177447 0.0652457 -0.299676   -9.8042 
             18.4012 -0.340033 -0.484854 -0.205851 -0.00224379  -0.0080295   0.0568577 -0.0592708  -0.140333 0.00462489 -0.0108417   -0.02355  0.0439801 -0.00687439  0.00491944  -0.0109124 -0.0165501 0.00472037 0.00342984 -0.0262858  0.0109994 -0.0174285 0.0652336 -0.299634  -9.80421 
             18.5012 -0.355834  -0.36639 -0.198924 -0.00309739 -0.00719892    0.055379 -0.0592334  -0.140264  0.0046214 -0.0108412 -0.0235498  0.0439798 -0.00662766  0.00795043   -0.012897 -0.0165349  0.0046123  0.0034228 -0.0262663  0.0109899 -0.0173654 0.0652226 -0.299625  -9.80421 
             18.6012  -0.33182 -0.473782 -0.219365 -0.00265387 -0.00872069   0.0561439  -0.059843  -0.140637 0.00468478   -0.01084 -0.0235495  0.0439793 -0.00679257  0.00428246 -0.00748288 -0.0165592 0.00470701  0.0034409 -0.0263659  0.0111414 -0.0176292 0.0652675 -0.299737   -9.8042 
             18.7012 -0.358713 -0.351109  -0.21046 -0.00397656 -0.00730145   0.0567789 -0.0596262   -0.14042 0.00466463 -0.0108413 -0.0235497  0.0439789 -0.00828798  0.00925804  -0.0029006 -0.0165354 0.00459825 0.00342885 -0.0263209  0.0110847 -0.0178265 0.0652431 -0.299695   -9.8042 
             18.8013 -0.306495 -0.475635 -0.145322 -0.00173224 -0.00343316   0.0597087 -0.0588892  -0.141086 0.00452731 -0.010836  -0.02355 0.0439754 -0.00472119   0.0165354  0.00487568 -0.0165835 0.00470607 0.00337266 -0.0265034   0.010896 -0.0182932 0.0653834 -0.299593  -9.80421 
             18.9013 -0.357738 -0.457244 -0.150175 -0.00325455 -0.00262473   0.0647707 -0.0591762  -0.140837  0.0045718 -0.0108347 -0.0235516  0.0439753 -0.00894685   0.0161884   0.0139668 -0.0165337  0.0046857 0.00337325 -0.0264646  0.0109591 -0.0189334 0.0653539 -0.299632   -9.8042 
             19.0012 -0.322071  -0.45364 -0.146601 -0.00402686  0.00109327   0.0607813 -0.0586305  -0.140884 0.00450236 -0.0108358 -0.0235525  0.0439749 -0.00994298   0.0221181 0.000547079  -0.016565 0.00468023 0.00336867 -0.0264497  0.0108311 -0.0182009 0.0653515 -0.299544  -9.80421 
             19.1012  -0.434385  -0.453559 -0.0641959 -2.15327e-05  -0.00153464    0.0628143 -0.0599692  -0.142132 0.00462305 -0.0108396 -0.0235576  0.0439676 -0.000390634    0.0138731   0.00563907 -0.0164678 0.00468161 0.00329592 -0.0267709  0.0111565 -0.0184324 0.0655424 -0.299779   -9.8042 
             19.2012 -0.324991 -0.479777 -0.157828 -0.000473625  0.000280511    0.0614556 -0.0598266  -0.142074 0.00461088 -0.0108407  -0.023559  0.0439672 -0.00342889   0.0160532  0.00278169  -0.016566 0.00470337 0.00337917 -0.0267473  0.0111223 -0.0181724 0.0655278 -0.299754   -9.8042 
             19.3012 -0.352676 -0.443572 -0.105918 -0.00115024  0.00348871   0.0601569 -0.0594445  -0.141998 0.00456392 -0.0108405 -0.0235591  0.0439668 -0.00562411   0.0208019 -0.00187653 -0.0165392  0.0046686 0.00333351 -0.0267213  0.0110272 -0.0179845 0.0655131 -0.299692   -9.8042 
             19.4012 -0.357093 -0.468878  -0.13708   0.0002459 0.000398652   0.0623307 -0.0607586  -0.142517 0.00470167 -0.0108374 -0.0235579  0.0439669 -0.00242417  0.00952042  0.00253559 -0.0165309 0.00468805 0.00336017 -0.0268625  0.0113578  -0.018289 0.0656007 -0.299907  -9.80419 
             19.5012 -0.327313 -0.451675 -0.141983  -0.00190797 -0.000514606    0.0573633 -0.0611797  -0.142171 0.00477398 -0.0108358 -0.0235602  0.0439673 -0.00737927  0.00678355  -0.0101773 -0.0165543 0.00467425  0.0033622 -0.0267505  0.0114676 -0.0175763 0.0655304 -0.299977  -9.80419 
             19.6011 -0.354495  -0.44412 -0.165562 -0.00407064 -0.00306898   0.0592469 -0.0619652  -0.141897  0.0048887 -0.0108347  -0.023561  0.0439667  -0.0118299 0.000949405 -0.00221821 -0.0165346 0.00466691 0.00338076 -0.0266938   0.011666 -0.0179468 0.0654913 -0.300104  -9.80419 
             19.7011 -0.309857 -0.453339 -0.166439 -0.00437895 -0.00633614   0.0570993 -0.0627419  -0.142155 0.00497878 -0.0108345 -0.0235616  0.0439679  -0.0113797 -0.00726366 -0.00641341 -0.0165694 0.00467405 0.00338104 -0.0267509   0.011868 -0.0176964 0.0655284 -0.300233  -9.80419 
             19.8002 -0.357198 -0.360464 -0.261282 -0.00656682 -0.00844943   0.0594664 -0.0631036  -0.141899 0.00504618 -0.0108359 -0.0235636  0.0439667  -0.0132375 -0.00901454 -0.00076648 -0.0165228 0.00459324  0.0034593 -0.0267013  0.0119595  -0.018107 0.0654935 -0.300292  -9.80418 
             19.9002 -0.299335 -0.488316 -0.231927 -0.000339247   -0.0102223    0.0592138 -0.0633595  -0.143583 0.00496252 -0.0108369 -0.0235633  0.0439612 0.000788104  -0.0117547 -0.00249483 -0.0165719 0.00470187 0.00343199 -0.0271383  0.0120291  -0.018074 0.0657695 -0.300347  -9.80418 
             20.0003 -0.377418 -0.452134 -0.261455 -0.00404798   -0.009221   0.0627957  -0.062901  -0.142715 0.00496095 -0.0108364 -0.0235663  0.0439638 -0.00966586 -0.00290179  0.00645321 -0.0165077 0.00466912 0.00345534 -0.0269318  0.0119064 -0.0185669 0.0656476 -0.300263  -9.80418 
             20.1012 -0.325874  -0.46083 -0.173041 -0.00194615 -0.00647563   0.0630475 -0.0622104  -0.143332 0.00480714 -0.0108332 -0.0235686  0.0439628 -0.00513651  0.00554061  0.00647352  -0.016554  0.0046765 0.00338023 -0.0270928  0.0117241 -0.0185157 0.0657632 -0.300158  -9.80419 
             20.2012 -0.373539 -0.454274 -0.224692 -0.00722215 -0.00246155   0.0647983  -0.061452  -0.142261 0.00477769 -0.0108327 -0.0235684  0.0439645 -0.0180531  0.0165272 0.00973674 -0.0165115 0.00466771 0.00342441  -0.026819  0.0115189 -0.0186729 0.0656127 -0.300006  -9.80419 
             20.3012 -0.339584 -0.483006 -0.163158 -0.00178388 -0.00198065   0.0649407 -0.0617142  -0.143817 0.00469603 -0.0108345 -0.0235735  0.0439634 -0.00364254   0.0127468  0.00668684  -0.016535 0.00468837 0.00337089 -0.0272255  0.0115915 -0.0185772 0.0658582 -0.300088  -9.80419 
             20.4015 -0.346506 -0.480787 -0.157415 -0.0047448 0.00166062  0.0644646 -0.0612179   -0.14326 0.00466426 -0.0108336 -0.0235725  0.0439633 -0.0118792  0.0210999 0.00356457 -0.0165278 0.00468359 0.00336642 -0.0270747  0.0114584 -0.0184338 0.0657783  -0.29999  -9.80419 
              20.501   -0.3294 -0.507992 -0.177573 -0.0022611 0.00348043  0.0642639 -0.061296 -0.144062 0.0046177 -0.0108334 -0.0235725  0.0439628 -0.00652721   0.0212502  0.00320051 -0.0165443 0.00470595 0.00338317 -0.0272818  0.0114808  -0.018354 0.0659053 -0.300022  -9.80419 
             20.6012 -0.341894 -0.482291 -0.104243 -0.00242254  0.00424929   0.0647728 -0.0616043  -0.144191 0.00465366 -0.0108344 -0.0235728  0.0439629 -0.00779146   0.0195272  0.00434095 -0.0165335 0.00468229 0.00332228 -0.0273167  0.0115623 -0.0183813 0.0659203 -0.300075  -9.80419 
             20.7011 -0.372153 -0.461161 -0.238232   0.0015694 -0.00106224    0.063704 -0.0632564  -0.145327  0.0048006 -0.0108217 -0.0235657  0.0439617  0.00230484   0.0028137 0.000270591 -0.0165015 0.00466217 0.00343419 -0.0276001  0.0120052 -0.0181809 0.0660703 -0.300365  -9.80418 
             20.8013 -0.329559 -0.450113 -0.159847  0.00126677 9.25507e-06   0.0600596 -0.0630833  -0.145217 0.00478243 -0.0108205 -0.0235666  0.0439612 0.000448118  0.00512732 -0.00937316  -0.016535 0.00465073 0.00336656 -0.0275554  0.0119565  -0.017725 0.0660525  -0.30033  -9.80418 
             20.9011   -0.38879  -0.397595 -0.0661543 -0.000239933   -0.0022467    0.0607763 -0.0637343  -0.144933  0.0048965 -0.0108253 -0.0235664  0.0439589 -0.00326285 0.000970143 -0.00585503 -0.0164838 0.00460634 0.00328922 -0.0274894  0.0121296 -0.0179174     0.066 -0.300433  -9.80418 
             21.0013  -0.297006  -0.453818 -0.0790047 -0.00126473   0.0019666   0.0562698 -0.0628096  -0.144774 0.00479314 -0.0108269 -0.0235692  0.0439557 -0.00683304   0.0113662  -0.0144159 -0.0165583 0.00465064 0.00330187 -0.0274296  0.0118763  -0.017432 0.0659793 -0.300274  -9.80418 
             21.1012 -0.418254 -0.417473 -0.200222 0.000265483 -0.00141289   0.0609574 -0.0638658  -0.145249   0.004886 -0.0108194 -0.0235708   0.043951 -0.00271781  0.00378183 0.000558203 -0.0164567 0.00461843 0.00340462 -0.0275866  0.0121652 -0.0181897 0.0660651 -0.300456  -9.80417 
              21.201 -0.271822 -0.522332   -0.2389 -0.000997178  -0.00206988    0.0629195  -0.064049  -0.145101 0.00491735 -0.0108162 -0.0235693  0.0439525 -0.00847015 0.000679852  0.00449316 -0.0165732  0.0047012 0.00343328 -0.0275546  0.0122186 -0.0184337 0.0660446 -0.300489  -9.80417 
             21.3011 -0.395425 -0.441356 -0.123098  -0.00113339 -0.000790103    0.0635703  -0.063852  -0.145226 0.00487769 -0.0108156 -0.0235697  0.0439532 -0.00744512  0.00580395  0.00388399 -0.0164726 0.00463353 0.00333735   -0.02759  0.0121654 -0.0184623 0.0660672 -0.300457  -9.80417 
             21.4011 -0.301588 -0.509026 -0.239884 -0.00121765 -0.00227051   0.0607453 -0.0642874  -0.145459 0.00492628 -0.0108155 -0.0235704   0.043954 -0.00832985 0.000766312   -0.004704 -0.0165473 0.00468538  0.0034339 -0.0276361  0.0122835 -0.0180621 0.0660915 -0.300528  -9.80417 
             21.5012 -0.390594 -0.410515 -0.187894  0.00225764 -0.00727572   0.0600801 -0.0654162   -0.14637 0.00501719 -0.0108173 -0.0235714  0.0439532  0.00141346 -0.00952649 -0.00442784 -0.0164786 0.00460446 0.00339036 -0.0278808  0.0125941 -0.0180252 0.0662261 -0.300723  -9.80417 
             21.6011 -0.324189 -0.476183 -0.145026  0.00107083 -0.00727317   0.0601405 -0.0651964  -0.146129 0.00500601 -0.0108162 -0.0235704   0.043953 -0.00402161 -0.00717857 -0.00374902  -0.016532 0.00465709 0.00335626 -0.0278163  0.0125323 -0.0181009 0.0661905 -0.300683  -9.80417 
             21.7013 -0.364431 -0.450015  -0.21927 -0.000750866  -0.00820321    0.0584111 -0.0652732  -0.145879 0.00504036 -0.0108159 -0.0235705  0.0439528 -0.00787172 -0.00608822 -0.00832755 -0.0164982 0.00463312 0.00341918 -0.0277384   0.012551  -0.017943 0.0661434 -0.300689  -9.80417 
             21.8011 -0.312841 -0.372619 -0.170953 -0.00173146 -0.00516599   0.0549508 -0.0645383  -0.145793 0.00492949  -0.010812 -0.0235712  0.0439502 -0.00834135  0.00366516  -0.0145559 -0.0165394 0.00457056 0.00337861 -0.0277009  0.0123306 -0.0176251 0.0661362 -0.300553  -9.80417 
             21.9011 -0.353376 -0.448093 -0.207792  -0.0013077 -0.00397091   0.0559205 -0.0643854  -0.146031 0.00488052 -0.0108111 -0.0235716    0.04395 -0.00775156  0.00772604 -0.00823622 -0.0165082 0.00463002  0.0034099 -0.0277823  0.0122915 -0.0179155 0.0661871 -0.300537  -9.80417 
             22.0013 -0.343196 -0.384546 -0.190992 -0.00372515 -0.00144486   0.0553684 -0.0640294  -0.145677  0.0048585  -0.010811 -0.0235714  0.0439495  -0.0117728   0.0136171 -0.00684926 -0.0165176 0.00457807 0.00339728 -0.0276841  0.0121872 -0.0179583 0.0661366 -0.300469  -9.80417 
             22.1012 -0.335336 -0.442743 -0.120888 0.00154397 0.00243877  0.0592289 -0.0635159  -0.146805 0.00465871 -0.0108069 -0.0235752  0.0439469 3.71996e-05   0.0195659  0.00318487 -0.0165235 0.00462436 0.00334133 -0.0280339  0.0120489 -0.0185284 0.0663576 -0.300417  -9.80417 
             22.2011   -0.3579  -0.39792 -0.199473 0.000936884 -0.00254956   0.0584481 -0.0649717   -0.14684 0.00488427 -0.0108023 -0.0235743  0.0439452 -0.000314239    0.0040458 -0.000488619 -0.0165001 0.00458536 0.00340275  -0.028029  0.0124613 -0.0183771 0.0663244 -0.300655  -9.80417 
             22.3012 -0.278853 -0.412086 -0.110698 0.000763674  0.00114196   0.0557211 -0.0643003  -0.146812 0.00478183 -0.0107999 -0.0235758  0.0439425 -0.00174345   0.0121703 -0.00698985 -0.0165639 0.00459568 0.00333128 -0.0280066   0.012265 -0.0180539 0.0663177 -0.300537  -9.80417 
             22.4013 -0.377672 -0.417138 -0.236479   0.0015206 -0.00474506    0.060284 -0.0658026  -0.147056 0.00498618 -0.0107903 -0.0235772   0.043936 -0.00034952  -0.0022394  0.00575568 -0.0164816 0.00459843 0.00343049 -0.0280974  0.0126945 -0.0186651 0.0663595 -0.300796  -9.80416 
             22.5012 -0.291471 -0.440193 -0.182656 -0.000352951   -0.0029817    0.0596599 -0.0653723  -0.146711 0.00494702 -0.0107905 -0.0235776  0.0439352 -0.00625443  0.00220776  0.00383438 -0.0165516  0.0046146 0.00338686 -0.0279941  0.0125677 -0.0185307 0.0663026 -0.300716  -9.80417 
             22.6011 -0.428582 -0.431002 -0.201092 -0.00155836 -0.00676489   0.0653284 -0.0662406  -0.146607 0.00509299 -0.0107895 -0.0235837  0.0439299 -0.00865212  -0.0044761   0.0162148 -0.0164362  0.0046035 0.00340141 -0.0279907  0.0128174 -0.0191454 0.0663005 -0.300867  -9.80416 
              22.701  -0.30549 -0.520008 -0.177938 0.000722406 -0.00538087   0.0667966 -0.0658809  -0.147223 0.00498161 -0.0107894 -0.0235842  0.0439263 -0.00484855   0.0001808    0.015559 -0.0165321  0.0046729 0.00338277 -0.0281632  0.0127159 -0.0191165 0.0664046 -0.300818  -9.80416 
             22.8013 -0.403616 -0.486576 -0.181727  0.00110002 -0.00851317   0.0701303 -0.0665845  -0.147446  0.0050699 -0.0107897 -0.0235853  0.0439241 -0.00461828 -0.00430496   0.0204183 -0.0164544  0.0046471 0.00338533 -0.0282298  0.0129088 -0.0193057 0.0664331 -0.300933  -9.80416 
             22.9012 -0.353172 -0.501235 -0.198548 -0.000477033  -0.00813811    0.0691218 -0.0664105  -0.147262 0.00506094 -0.0107899 -0.0235861  0.0439238  -0.00946079 -0.000887785    0.0144144 -0.0164939 0.00465586 0.00339704 -0.0281666  0.0128582 -0.0189601 0.0663984 -0.300898  -9.80416 
             23.0011 -0.416475 -0.482638 -0.146389 -0.000925424  -0.00746152    0.0687819 -0.0662803  -0.147361 0.00503179 -0.0107891 -0.0235855  0.0439242 -0.0100228 0.00286563 0.00995933 -0.0164419 0.00463944 0.00335612 -0.0281867  0.0128221 -0.0187693 0.0664125 -0.300878  -9.80416 
             23.1012 -0.341844 -0.454955 -0.114859 -0.00556115 -0.00240271   0.0622256 -0.0652853  -0.146637 0.00492802 -0.0107818  -0.023588  0.0439178  -0.0190809   0.0148606 -0.00887557 -0.0164971 0.00461248 0.00333331 -0.0279506   0.012536 -0.0179044 0.0663064 -0.300704  -9.80417 
             23.2011 -0.342515 -0.478046 -0.235483 -0.00542559 -0.00389965   0.0593795 -0.0659106  -0.147109 0.00498544 -0.0107771  -0.023586  0.0439192 -0.0157923 0.00891812 -0.0136553 -0.0164928 0.00462959 0.00342688 -0.0280686  0.0127161 -0.0176541 0.0663657 -0.300813  -9.80416 
             23.3012 -0.370022 -0.381738  -0.18032  -0.0105877 -0.00251804    0.057429 -0.0658271  -0.146427 0.00501978 -0.0107764 -0.0235861  0.0439162 -0.0235645  0.0129027 -0.0142559 -0.0164768 0.00455269 0.00338393 -0.0278727  0.0126876 -0.0175797 0.0662584 -0.300787  -9.80416 
             23.4011 -0.352224 -0.452485 -0.240924  -0.0112414 -0.00410815   0.0581221  -0.066407  -0.146801 0.00507855 -0.0107741 -0.0235847  0.0439159  -0.0214727  0.00699032 -0.00829774 -0.0164888 0.00460583 0.00342962 -0.0279879  0.0128595 -0.0178258 0.0663107 -0.300887  -9.80416 
             23.5011 -0.367507 -0.335459 -0.236567  -0.0106757 -0.00368881   0.0577837 -0.0664745  -0.147258 0.00505707 -0.0107748 -0.0235845  0.0439179   -0.013889  0.00661859 -0.00882987 -0.0164733 0.00451217 0.00342533 -0.0281246  0.0128839 -0.0179002 0.0663848 -0.300909  -9.80416 
             23.6013 -0.311281 -0.408223 -0.163926 -0.00949071 -0.00271472   0.0575406 -0.0664263  -0.147728 0.00501239 -0.0107748 -0.0235859   0.043917 -0.00924088    0.007599 -0.00853721 -0.0165159 0.00457054 0.00336774 -0.0282664  0.0128717 -0.0179764 0.0664641 -0.300911  -9.80416 
             23.7013  -0.388742  -0.363846 -0.0967128  -0.00456624 -0.000659227    0.0593752 -0.0662373  -0.148694 0.00489789 -0.0107746 -0.0235929  0.0439174  0.00348777   0.0137203 -0.00139453 -0.0164579 0.00453635 0.00331577 -0.0285732  0.0128194 -0.0182717 0.0666414 -0.300905  -9.80416 
             23.8012 -0.285857 -0.431706 -0.248228  -0.00488094 -2.30418e-05    0.0580279 -0.0663482  -0.148635 0.00492431 -0.0107751  -0.023594   0.043918 0.000394658   0.0120285 -0.00258164 -0.0165386  0.0045879 0.00343191 -0.0285467  0.0128518  -0.018129 0.0666212  -0.30092  -9.80416 
             23.9011 -0.397644 -0.473998 -0.247733 -0.00269787 -0.00663258   0.0655058 -0.0678687  -0.149059 0.00514276 -0.0107624 -0.0235986  0.0439065   0.0034542 -0.00468071   0.0155637 -0.0164483 0.00461881 0.00343191 -0.0287129  0.0133133 -0.0190011 0.0667072 -0.301186  -9.80415 
             24.0012 -0.288859 -0.499669 -0.170374 -0.00403607 -0.00155506   0.0622188 -0.0668092  -0.148753 0.00498031 -0.0107619 -0.0235998  0.0439036 -0.00239699   0.0079182  0.00290681 -0.0165337 0.00463639 0.00337177 -0.0285972  0.0129869 -0.0184833  0.066652 -0.300997  -9.80415 
             24.1011 -0.435678 -0.508229 -0.124736  0.00249176 -0.00572914   0.0664264 -0.0678402  -0.149991 0.00507201  -0.010766 -0.0236096  0.0438929   0.0106468 -0.00164036   0.0102084 -0.0164177 0.00464447 0.00333715 -0.0289905   0.013295 -0.0189077 0.0668521 -0.301195  -9.80415 
             24.2012 -0.348646  -0.47989 -0.221793 -0.00258662  -0.0025713   0.0647701 -0.0672274  -0.148896 0.00505797 -0.0107689 -0.0236141  0.0438889 -0.00483467  0.00877422  0.00441875 -0.0164856   0.004619 0.00341078 -0.0286515  0.0130993 -0.0186022 0.0666784 -0.301063  -9.80415 
             24.3012 -0.342926 -0.439278 -0.160942  -0.00352821 -0.000870761     0.060193 -0.0670834  -0.148855 0.00503172 -0.0107662 -0.0236154  0.0438883 -0.00708147    0.011918 -0.00573213 -0.0164943 0.00458892   0.003363 -0.0286124  0.0130497 -0.0180367 0.0666589 -0.301032  -9.80415 
             24.4011 -0.395608 -0.437475 -0.203124 -0.00325383  -0.0063557   0.0602724 -0.0683271  -0.149133 0.00521014 -0.0107639  -0.023615  0.0438864 -0.00550956 -0.00269539 -0.00373713 -0.0164492  0.0045848 0.00339515 -0.0286951  0.0134363 -0.0181056 0.0666791 -0.301244  -9.80415 
             24.5011  -0.30289 -0.450741 -0.160326 -0.00258685 -0.00360474    0.059906 -0.0677689    -0.1493 0.00510489  -0.010763 -0.0236149  0.0438839 -0.00441893  0.00426577 -0.00523872 -0.0165173 0.00459303 0.00336294 -0.0287489  0.0132629 -0.0181262 0.0667183 -0.301155  -9.80415 
             24.6011 -0.388028 -0.450067 -0.213573 -0.00601638 -0.00383298   0.0661938  -0.067936  -0.148781 0.00517602 -0.0107635 -0.0236192  0.0438838 -0.0127177 0.00596163 0.00974304 -0.0164499 0.00459102 0.00340198 -0.0286196  0.0133133 -0.0188765 0.0666423 -0.301174  -9.80415 
             24.7009 -0.365133 -0.472949 -0.119445 -0.00405717 -0.00165164   0.0675158 -0.0676655  -0.149325 0.00508292 -0.0107626  -0.023621  0.0438829 -0.00820648   0.0115823   0.0120039 -0.0164747  0.0046073 0.00332944 -0.0287887  0.0132317 -0.0189096 0.0667369 -0.301141  -9.80415 
             24.8003 -0.331265 -0.491991  -0.17569 -0.00334689  0.00162571   0.0660303 -0.0672778   -0.14958 0.00500084 -0.0107637 -0.0236214  0.0438822 -0.00676757   0.0171914  0.00674965 -0.0165006  0.0046195 0.00337397 -0.0288567  0.0131109 -0.0186266 0.0667806 -0.301081  -9.80415 
             24.9003 -0.338797 -0.481584 -0.217782   0.00241101 -0.000720634    0.0635791 -0.0680424  -0.150772 0.00503109 -0.0107604 -0.0236181  0.0438826 0.00691105 0.00712203 -0.0012305 -0.0164904 0.00460999 0.00340697 -0.0292032  0.0133532 -0.0182857 0.0669526 -0.301225  -9.80415 
             25.0004 -0.363337 -0.489853 -0.150783 -0.00117575 -0.00572021   0.0622545 -0.0690965  -0.150152 0.00525488 -0.0107631 -0.0236168  0.0438814 -0.00358009 -0.00512069 -0.00562415 -0.0164706 0.00461401 0.00335576  -0.029004  0.0136759 -0.0181412 0.0668331 -0.301383  -9.80414 
             25.1002 -0.360663 -0.437323 -0.253386 -0.00276497 -0.00976867   0.0619808 -0.0697554  -0.150013 0.00537061 -0.0107597 -0.0236171  0.0438807 -0.00671652  -0.0116728 -0.00516331 -0.0164717 0.00457224 0.00343105 -0.0289566  0.0138794 -0.0181538 0.0667976 -0.301486  -9.80414 
             25.2012 -0.321118 -0.424075 -0.219023  -0.0029264 -0.00802132   0.0573087 -0.0692403  -0.150078 0.00527749  -0.010758 -0.0236185  0.0438796  -0.0064742 -0.00343417   -0.013483 -0.0165031 0.00456202 0.00340453 -0.0289588  0.0137137 -0.0177004 0.0668125 -0.301399  -9.80414 
             25.3011 -0.375517  -0.41344 -0.242181 -0.00532882 -0.00738399   0.0579077 -0.0690798  -0.149756 0.00527403 -0.0107581 -0.0236189  0.0438798  -0.0116993 0.000850663 -0.00842446 -0.0164625 0.00455352 0.00342143 -0.0288699   0.013661 -0.0179208 0.0667688 -0.301367  -9.80414 
             25.4011 -0.299247 -0.461806 -0.221428  -0.0043193 -0.00426005   0.0581053 -0.0685292  -0.150059 0.00515431 -0.0107573 -0.0236183  0.0438772 -0.00884896  0.00762166  -0.0074463 -0.0165164 0.00458647  0.0034068 -0.0289767  0.0134884 -0.0180552 0.0668378 -0.301286  -9.80414 
              25.501 -0.376325 -0.426484 -0.233072 -0.00313135 -0.00349456    0.061152 -0.0685671  -0.150364 0.00514056 -0.0107575 -0.0236205   0.043877 -0.00452974  0.00961569 0.000208583 -0.0164569 0.00455794 0.00341536 -0.0290956  0.0135039 -0.0184691 0.0668987 -0.301307  -9.80414 
             25.6013 -0.290851 -0.506528 -0.161297  0.00105261 -0.00032523   0.0617775 -0.0681724  -0.151099 0.00501072 -0.0107556 -0.0236233  0.0438725 0.00313031  0.0149627 0.00127743 -0.0165219 0.00461686  0.0033625 -0.0293362  0.0133788  -0.018531 0.0670339 -0.301266  -9.80414 
             25.7014 -0.450344  -0.47751 -0.213037 -0.000731713  -0.00406017    0.0692689  -0.069124   -0.15081 0.00521375 -0.0107536 -0.0236329  0.0438654 -0.00344973  0.00704665   0.0186275  -0.016407 0.00459447 0.00340357 -0.0292786  0.0136848 -0.0193091 0.0669794 -0.301424  -9.80414 
             25.8011 -0.333711  -0.50831 -0.167669  0.00178767 -0.00410316   0.0679277 -0.0692382  -0.151322 0.00519666 -0.0107551 -0.0236355  0.0438656 0.000872134  0.00448482   0.0113065 -0.0164899 0.00461633 0.00337125 -0.0294275  0.0137218 -0.0189746 0.0670505 -0.301453  -9.80414 
             25.9012 -0.331501 -0.529812 -0.129219 -0.00376097 6.79536e-05   0.0666936 -0.0686311  -0.150412 0.00514442 -0.0107531  -0.023633  0.0438649 -0.0142237  0.0147091 0.00459189 -0.0164909 0.00463071 0.00334227 -0.0291142    0.01351 -0.0187407 0.0669087 -0.301318  -9.80414 
             26.0011 -0.387671 -0.492076 -0.230097 -0.00393253 -0.00414215   0.0681021 -0.0696272  -0.150729 0.00531244 -0.0107467 -0.0236309  0.0438633  -0.012224 0.00325549 0.00610565 -0.0164485 0.00460021  0.0034174 -0.0292146  0.0138463 -0.0188186 0.0669352 -0.301494  -9.80414 
             26.1012 -0.304904 -0.532077 -0.151864 -0.00480082 0.000418719   0.0617146 -0.0689167  -0.150779  0.0051682  -0.010746 -0.0236354  0.0438598  -0.0141608   0.0137816 -0.00861194  -0.016513 0.00463005 0.00335965 -0.0291974  0.0135965 -0.0180813 0.0669524 -0.301366  -9.80414 
             26.2012 -0.438354 -0.384258 -0.145782 -0.00410992 -0.00291851    0.065348 -0.0697622  -0.151122  0.0053139 -0.0107539 -0.0236404  0.0438575 -0.00893045  0.00577388  0.00251192 -0.0164144 0.00451886 0.00335296 -0.0293369  0.0138812 -0.0185518 0.0669975 -0.301516  -9.80414 
             26.3011 -0.305453 -0.476568 -0.104136 -0.00384193 0.000190985    0.061475 -0.0693231  -0.151311 0.00521956 -0.0107533  -0.023644   0.043855 -0.00838946   0.0105748 -0.00748775 -0.0165117 0.00458602 0.00332352 -0.0293794  0.0137278 -0.0181294 0.0670353 -0.301441  -9.80414 
             26.4011 -0.392815 -0.454348 -0.148288 -0.00370656 -0.00383106   0.0630495 -0.0702253  -0.151527 0.00536048 -0.0107512 -0.0236442  0.0438521 -0.00677275  0.00029562 -0.00351266  -0.016443 0.00456687 0.00335624 -0.0294602  0.0140273 -0.0183684 0.0670608 -0.301592  -9.80413 
             26.5011 -0.276877 -0.498321  -0.15197 -0.000731087  -0.00197403    0.0609299 -0.0699287  -0.152113 0.00525845 -0.0107525 -0.0236448  0.0438491 -0.000781307    0.0038392  -0.00773262 -0.0165284 0.00459952 0.00336037 -0.0296454  0.0139265 -0.0181787  0.067158 -0.301547  -9.80413 
             26.6011  -0.389079  -0.518919 -0.0907769  0.00304575 -0.00499344   0.0648656 -0.0705672  -0.152742 0.00531121 -0.0107523 -0.0236494  0.0438432  0.00537001 -0.00165757  0.00400492 -0.0164436 0.00461441 0.00331455 -0.0298796  0.0141407 -0.0186549 0.0672666 -0.301657  -9.80413 
             26.7012 -0.335162 -0.543779 -0.215471  0.00321344 -0.00574356   0.0649215 -0.0706489  -0.152714 0.00532824 -0.0107518 -0.0236495  0.0438434  0.00208331 -0.00353428  0.00155923 -0.0164811 0.00463049 0.00340424 -0.0298688  0.0141678 -0.0186299 0.0672613  -0.30167  -9.80413 
             26.8064 -0.400085 -0.484449 -0.102458  0.00540851 -0.00730754   0.0647175  -0.070898  -0.153029 0.00534054 -0.0107528 -0.0236504  0.0438431  0.00575563 -0.00475174 0.000160947 -0.0164428 0.00459306  0.0033381 -0.0299741  0.0142518 -0.0185906 0.0673134 -0.301711  -9.80413 
             26.9012 -0.315946 -0.502171 -0.234902  0.00109977 -0.00931946   0.0624604 -0.0711282  -0.152352 0.00546153 -0.0107513 -0.0236555  0.0438429 -0.00721041 -0.00769053 -0.00584713 -0.0164927 0.00460064 0.00341962 -0.0297286  0.0143225 -0.0183552 0.0671964 -0.301741  -9.80413 
             27.0012 -0.409716 -0.452084 -0.249161 -0.00133389  -0.0101239   0.0633613 -0.0711589  -0.152104 0.00549935  -0.010752 -0.0236574  0.0438422   -0.012307 -0.00451412  -0.0017342 -0.0164256 0.00456142 0.00342872 -0.0296498  0.0143331 -0.0184969 0.0671547 -0.301746  -9.80413 
              27.101  -0.33764 -0.408028 -0.184013 -0.00379843 -0.00817408   0.0600529 -0.0708035  -0.151917 0.00544781 -0.0107483  -0.023658  0.0438394  -0.0156888  0.00194396 -0.00824551 -0.0164779 0.00452995  0.0033807 -0.0295697  0.0141961 -0.0182003 0.0671267 -0.301675  -9.80413 
             27.2011   -0.3501 -0.466502 -0.196815 -0.00232818 -0.00717247   0.0614301 -0.0706868  -0.152339 0.00537313 -0.0107474 -0.0236586  0.0438385  -0.0110892  0.00427974 -0.00347247 -0.0164659 0.00456973 0.00338922   -0.02973   0.014162 -0.0184243 0.0672024 -0.301667  -9.80413 
             27.3011 -0.368573  -0.35795 -0.138865 -0.00532523  -0.0046839   0.0568345 -0.0704031  -0.152057 0.00534407 -0.0107419 -0.0236561  0.0438372 -0.0140942  0.0106267 -0.0144869 -0.0164505 0.00448836 0.00334713 -0.0296085   0.014052  -0.018011 0.0671546 -0.301605  -9.80413 
             27.4011 -0.358565 -0.443459 -0.201859 -0.00340028 -0.00230675   0.0602739  -0.070206  -0.152502 0.00524936 -0.0107389 -0.0236555  0.0438354 -0.00865006   0.0153022 -0.00372458 -0.0164578  0.0045498 0.00339398 -0.0297897  0.0139947 -0.0184971  0.067245 -0.301591  -9.80413 
             27.5011 -0.374349 -0.350316 -0.181028  -0.00620572 -0.000692082    0.0581198 -0.0702062  -0.152225 0.00527995 -0.0107381  -0.023655  0.0438346 -0.0123247    0.01751 -0.0068453 -0.0164463 0.00448181 0.00337887 -0.0296823  0.0139884 -0.0183119 0.0671924 -0.301581  -9.80413 
              27.601 -0.310567 -0.396289 -0.181959 -0.00636445  0.00113722   0.0563564 -0.0701838  -0.152398 0.00525762 -0.0107385 -0.0236557  0.0438342  -0.0105806   0.0175285 -0.00902652  -0.016491 0.00451496 0.00338248 -0.0297368   0.013979 -0.0182087 0.0672168 -0.301579  -9.80413 
             27.7009 -0.402862 -0.398056 -0.161093 -0.00644188 -0.00081346   0.0599416 -0.0707895  -0.152538 0.00534084 -0.0107378 -0.0236589  0.0438304  -0.00876241    0.0103544 -0.000629108 -0.0164201 0.00451405 0.00336874 -0.0298108  0.0142007  -0.018669 0.0672521 -0.301689  -9.80413 
             27.8011 -0.283916 -0.390434 -0.245617  -0.0054087 -0.00316262   0.0551491 -0.0713299  -0.152945 0.00539336 -0.0107353 -0.0236612  0.0438339 -0.00362667  0.00104509  -0.0123827  -0.016506 0.00450641 0.00343033 -0.0299154  0.0143835 -0.0181798 0.0672739 -0.301777  -9.80413 
             27.9012 -0.376102 -0.466453 -0.133097 -0.0024561 -0.0056642  0.0593336 -0.0717567  -0.153408 0.00540663 -0.0107335 -0.0236665  0.0438282 0.00123372 -0.0026687 0.00114703 -0.0164414 0.00456331 0.00335091 -0.0301136  0.0145515 -0.0187089 0.0673792 -0.301869  -9.80412 
             28.0011  -0.30916 -0.456495 -0.234958 -0.00323601 -0.00788155   0.0628054 -0.0720276  -0.153262 0.00546673  -0.010731 -0.0236657  0.0438291 -0.0022371 -0.0068235 0.00964189 -0.0164909 0.00455571 0.00342342  -0.030081  0.0146571 -0.0190466 0.0673713  -0.30192  -9.80412 
             28.1012 -0.408233 -0.459896 -0.240498 -0.00398912  -0.0114496   0.0657451 -0.0724938  -0.153211 0.00555593 -0.0107294 -0.0236674  0.0438263 -0.00443559  -0.0117945   0.0138711 -0.0164171 0.00455537 0.00342789 -0.0300705   0.014828 -0.0192493 0.0673637    -0.302  -9.80412 
             28.2011 -0.305237 -0.511353 -0.197835 -0.00298378 -0.00864131   0.0655189 -0.0718726  -0.153397 0.00541714 -0.0107285 -0.0236682  0.0438226   -0.003367 -0.00294842  0.00870775 -0.0164887  0.0045913 0.00339808 -0.0301337   0.014601 -0.0191018 0.0674036 -0.301898  -9.80412 
             28.3012 -0.417133 -0.464477 -0.225065   -0.003799 -0.00988881   0.0680617 -0.0720636  -0.153339 0.00546136 -0.0107291 -0.0236695  0.0438215 -0.00537476 -0.00214832   0.0118087 -0.0164099 0.00455688 0.00341813 -0.0301206  0.0146705 -0.0192587 0.0673954  -0.30193  -9.80412 
             28.4011 -0.334117 -0.457197 -0.261633 -0.00414991 -0.00684567    0.067497 -0.0715634  -0.153333 0.00536437 -0.0107295 -0.0236703  0.0438193 -0.00650033  0.00672279   0.0088034 -0.0164726 0.00455144  0.0034449 -0.0301145  0.0144867 -0.0190802 0.0674058 -0.301844  -9.80412 
             28.5012  -0.40561  -0.51629 -0.249199 -0.00302631 -0.00874516   0.0678593 -0.0719756  -0.153672 0.00541304 -0.0107301   -0.02367  0.0438171 -0.00482742  0.00277395  0.00913195 -0.0164237 0.00459249 0.00343408 -0.0302266  0.0146374 -0.0190233 0.0674428 -0.301922  -9.80412 
             28.6011 -0.371548 -0.399169 -0.198993 -0.00627645 -0.00350261   0.0610507  -0.071256  -0.153232 0.00528594 -0.0107174 -0.0236691  0.0438118  -0.0105362   0.0155393 -0.00868445 -0.0164471 0.00450711 0.00339862 -0.0300283  0.0143527 -0.0182653 0.0673832 -0.301772  -9.80413 
             28.7011 -0.362375 -0.454124 -0.219116 -0.00881984 -0.00259397    0.058876 -0.0713763  -0.153058 0.00532905 -0.0107175 -0.0236692  0.0438118  -0.014917  0.0145141 -0.0135085 -0.0164504 0.00454431  0.0034123 -0.0299577  0.0143912 -0.0181381 0.0673481 -0.301783  -9.80413 
             28.8012 -0.393763 -0.354752 -0.202316 -0.00918254 -0.00177659   0.0577853 -0.0715075  -0.153222 0.00533906 -0.0107179 -0.0236695  0.0438125 -0.0114801  0.0158536 -0.0118624  -0.016429 0.00447229 0.00339879 -0.0300144  0.0144404 -0.0181478 0.0673681  -0.30181  -9.80412 
             28.9012 -0.327464 -0.460456 -0.147996  -0.00586455 -9.07971e-05    0.0590508  -0.071476  -0.153869 0.00526465 -0.0107166 -0.0236707  0.0438101 -0.00394882   0.0165867 -0.00512385 -0.0164783 0.00454845 0.00335976 -0.0302565   0.014437 -0.0183903 0.0674766 -0.301831  -9.80412 
             29.0011 -0.367003 -0.409059 -0.151154  -0.00907602 -0.000300726    0.0641019  -0.071792  -0.153424 0.00536274 -0.0107174 -0.0236709  0.0438097 -0.0108728  0.0136559 0.00797319 -0.0164503 0.00451129  0.0033623 -0.0301336  0.0145481 -0.0189598 0.0674189 -0.301865  -9.80412 
              29.101 -0.321762 -0.422828 -0.060275 -0.00940626  0.00289343   0.0613462 -0.0715061   -0.15355  0.0052992 -0.0107163 -0.0236725   0.043809 -0.00979772   0.0175155 -0.00147777 -0.0164801 0.00451948 0.00330103 -0.0301579  0.0144413 -0.0186204 0.0674318 -0.301821  -9.80412 
             29.2011  -0.44212 -0.473426 -0.170663   -0.0102449 -0.000125944    0.0672488 -0.0723025  -0.153586 0.00542428 -0.0107065 -0.0236778  0.0438014 -0.0104709 0.00894084  0.0108445 -0.0163918 0.00455292 0.00338105  -0.030203   0.014728 -0.0192087 0.0674502 -0.301947  -9.80412 
              29.301 -0.328264 -0.429501 -0.211948  -0.0035206 -0.00287979   0.0646012 -0.0728768  -0.154773 0.00540126 -0.0107001 -0.0236724  0.0438064   0.00688228 -0.000173748   0.00294174 -0.0164708 0.00452202 0.00340904 -0.0305997  0.0149407 -0.0188178  0.067614 -0.302051  -9.80412 
             29.4009 -0.432516 -0.466537 -0.207517 0.000659325 -0.00838318   0.0663131 -0.0737471  -0.155315 0.00549969 -0.0106962 -0.0236713  0.0437998  0.0134471 -0.0103527  0.0074278 -0.0163989 0.00454878 0.00340855 -0.0308041  0.0152664 -0.0189424 0.0677026 -0.302197  -9.80411 
             29.5009 -0.349369 -0.504751 -0.158675  0.00092124 -0.00635474   0.0647808  -0.073281  -0.155178 0.00542387  -0.010696 -0.0236716  0.0437982   0.0086829 -0.00292671  0.00240904 -0.0164563   0.004573 0.00337598 -0.0307399  0.0150839  -0.018735 0.0676741 -0.302116  -9.80411 
             29.6009 -0.342402  -0.44304 -0.213871 -0.00137285 -0.00473492   0.0603368 -0.0730107  -0.154776 0.00541192 -0.0106948 -0.0236744  0.0437957  0.00109659  0.00192246 -0.00970867 -0.0164577 0.00452732  0.0034134 -0.0305589  0.0149669  -0.018287 0.0675916 -0.302062  -9.80412 
             29.7011 -0.384845  -0.39628 -0.168482 -0.00166495 -0.00633831    0.060157 -0.0732911  -0.154729 0.00547639 -0.0106962 -0.0236746  0.0437952 0.000696948 -0.00101787 -0.00936392 -0.0164254 0.00449209 0.00337936 -0.0305453  0.0150742 -0.0183601 0.0675824 -0.302108  -9.80411 
             29.8001 -0.292299 -0.494639 -0.161712 -0.00378183 -0.00542487   0.0556821 -0.0731524  -0.154487 0.00548645 -0.010698 -0.023677 0.0437953 -0.00660679  0.00176143  -0.0173713 -0.0164933 0.00456042 0.00337559 -0.0304327  0.0150087 -0.0180019 0.0675338 -0.302075  -9.80411 
             29.9009 -0.363745 -0.403645 -0.250358 -0.00190405 -0.00477087   0.0580208 -0.0730843  -0.154756 0.00544308 -0.0107008 -0.0236773  0.0437966  -0.0013569  0.00462536 -0.00750256 -0.0164444 0.00449819 0.00343814 -0.0305656   0.014997 -0.0184113 0.0675955 -0.302076  -9.80411 
             30.0003 -0.302309 -0.478817 -0.141431  0.00144536 -0.00248029   0.0569802 -0.0728307  -0.155202 0.00532314 -0.0106993   -0.02368  0.0437946  0.00427575  0.00791146 -0.00912879 -0.0164868 0.00455027 0.00336575 -0.0307412  0.0148958 -0.0183991 0.0676764  -0.30204  -9.80412 
             30.1002 -0.400441 -0.431071 -0.152513 -0.00198856 -0.00665101   0.0620423 -0.0735121  -0.154705 0.00554831  -0.010702 -0.0236849  0.0437892 -0.00436508 -0.00149187  0.00310697 -0.0164145 0.00451524 0.00337112 -0.0305782   0.015183 -0.0189771 0.0675954 -0.302162  -9.80411 
              30.201 -0.321144 -0.480196 -0.157949 -0.00172414 -0.00797451   0.0645524 -0.0736555  -0.154803 0.00556337 -0.0107012 -0.0236843  0.0437894 -0.00451042 -0.00372321  0.00805346 -0.0164691 0.00454848  0.0033751 -0.0306314  0.0152517  -0.019179 0.0676168 -0.302197  -9.80411 
             30.3009 -0.396472 -0.467384 -0.163159 -0.00216186 -0.00466045   0.0699736 -0.0731457  -0.154719 0.00546236 -0.0107016 -0.0236874  0.0437918 -0.00679762  0.00817287   0.0196657 -0.0164185 0.00453942 0.00337968 -0.0306328  0.0150603 -0.0196225 0.0676301 -0.302122  -9.80411 
              30.401 -0.357964 -0.477612 -0.176638  -0.0031571 -0.00289312   0.0694545 -0.0730291  -0.154706 0.00543866 -0.0107021 -0.0236877  0.0437917 -0.00910488   0.0113188   0.0149173 -0.0164461 0.00454483 0.00338858 -0.0306109  0.0150035 -0.0193863 0.0676211 -0.302094  -9.80411 
              30.501 -0.400512 -0.500148 -0.218557 -0.00715121 -0.00347632   0.0722206 -0.0732693  -0.154332 0.00554426 -0.0107006 -0.0236898  0.0437918 -0.0176808 0.00909072  0.0172123 -0.0164115 0.00455723 0.00341826 -0.0304691  0.0150998 -0.0195164 0.0675578  -0.30213  -9.80411 
             30.6009  -0.35844 -0.504207 -0.203673 -0.00432516 -0.00121586   0.0685302 -0.0731254  -0.154977 0.00542741 -0.0107011 -0.0236916  0.0437914 -0.00865865   0.0120848  0.00374168 -0.0164408 0.00455794 0.00340759 -0.0306857  0.0150312 -0.0189979 0.0676513 -0.302106  -9.80411 
             30.7012  -0.362443  -0.507303 -0.0574503 -0.00451714 0.000614261   0.0680311 -0.0730636  -0.155082 0.00539859 -0.0107005 -0.0236926  0.0437913 -0.00904843    0.015028  0.00172618 -0.0164407 0.00455858  0.0033079 -0.0307207  0.0150048 -0.0189061 0.0676675 -0.302097  -9.80411 
             30.8011 -0.390845 -0.508695 -0.136612  -0.00287962 -0.000733762    0.0678683 -0.0734932  -0.155473 0.00544393 -0.0106999 -0.0236922  0.0437908 -0.00528462   0.0101031   0.0020623 -0.0164209 0.00455895 0.00336244 -0.0308651  0.0151716 -0.0188611  0.067721 -0.302171  -9.80411 
             30.9011 -0.356078 -0.536884 -0.174202 -0.00616577 0.000549387   0.0662246 -0.0734461  -0.155134 0.00547537 -0.0107007 -0.0236939  0.0437909  -0.0134792    0.011506 -0.00239931 -0.0164438  0.0045765 0.00338906 -0.0307254  0.0151478 -0.0186962 0.0676663 -0.302158  -9.80411 
              31.001  -0.400284  -0.455364 -0.0777414 -0.00467866 -0.00164686   0.0657738 -0.0739511  -0.155518 0.00553801 -0.0107034 -0.0236958   0.043792 -0.00709014  0.00464175 -0.00489249 -0.0164101 0.00451816 0.00332356 -0.0308763  0.0153468 -0.0186782 0.0677261 -0.302242  -9.80411 
             31.1011 -0.289107 -0.526883 -0.200329  -0.00486237 -0.000284578    0.0615543 -0.0738257  -0.155619 0.00550339 -0.0107055  -0.023699  0.0437908 -0.00801938  0.00611298  -0.0140037  -0.016486 0.00456849 0.00340994 -0.0308954  0.0152893 -0.0183187 0.0677432  -0.30222  -9.80411 
             31.2011 -0.417799  -0.39608 -0.176653 -0.00590089 -0.00729688   0.0657419 -0.0748897   -0.15559 0.00576097 -0.0107102 -0.0237036  0.0437842  -0.00792718  -0.00879903 -0.000545094  -0.016399 0.00447652 0.00339494 -0.0309215  0.0157311 -0.0188329  0.067741 -0.302399   -9.8041 
             31.3012 -0.341831 -0.492255 -0.226828 -0.00784085  -0.0064916   0.0654668 -0.0746519  -0.155456 0.00572493 -0.0107118 -0.0237044   0.043784   -0.012947 -0.00394828 -0.00036811 -0.0164517 0.00454266 0.00343213  -0.030867  0.0156305 -0.0188179 0.0677198 -0.302358   -9.8041 
              31.401 -0.440533 -0.490894 -0.194879 -0.00672418 -0.00699439   0.0708182 -0.0746966  -0.155724 0.00570013 -0.0107102 -0.0237092  0.0437827 -0.00963131 -0.00196033   0.0116871 -0.0163794 0.00453979 0.00341242 -0.0310137  0.0156587 -0.0193398 0.0677723 -0.302372   -9.8041 
              31.501  -0.32327 -0.502822 -0.238443 -0.00704214 -0.00388737   0.0683831 -0.0742668  -0.155807 0.00559207 -0.0107117 -0.0237112  0.0437797 -0.0100289 0.00554086 0.00230578 -0.0164568 0.00454771 0.00344339 -0.0310283  0.0154703 -0.0190115  0.067788 -0.302295  -9.80411 
             31.6012 -0.419355 -0.482511 -0.203771 -0.00551286 -0.00590565   0.0663049 -0.0746448  -0.156179 0.00563466 -0.0107129 -0.0237106  0.0437778 -0.00507721  0.00152601 -0.00335714  -0.016392 0.00453393   0.003421 -0.0311623  0.0156261 -0.0187834  0.067836 -0.302365   -9.8041 
              31.701 -0.330958 -0.509521 -0.182773 -0.00378664 -0.00117534    0.064854 -0.0740348  -0.156417 0.00546374 -0.0107108 -0.0237117  0.0437739 -0.00281107   0.0129742 -0.00530399  -0.016453 0.00455284 0.00340621 -0.0312598  0.0153705 -0.0186831 0.0678923 -0.302268  -9.80411 
             31.8011 -0.394292  -0.50042 -0.244099  -0.0043238 -0.00679126   0.0662867 -0.0749563  -0.156501 0.00566293 -0.0107081 -0.0237118  0.0437716  -0.00470995  -0.00121191 -3.07029e-06   -0.01641 0.00454569 0.00344692 -0.0312899  0.0157595 -0.0188566 0.0678744 -0.302425   -9.8041 
             31.9012 -0.360929 -0.422193 -0.270209 -0.00917856 -0.00700723   0.0614308 -0.0749946  -0.155985 0.00572665 -0.0107045 -0.0237137  0.0437684   -0.0141775 -0.000766353   -0.0113579 -0.0164299 0.00449117 0.00346328 -0.0310456  0.0157521 -0.0184033 0.0677833 -0.302406   -9.8041 
             32.0009 -0.376918 -0.478213  -0.16494 -0.00786192 -0.00549596   0.0631379 -0.0747899  -0.156303  0.0056441 -0.0107032 -0.0237153  0.0437682  -0.0102968   0.0046265 -0.00570331 -0.0164169 0.00452825 0.00339344 -0.0311935  0.0156785 -0.0186729 0.0678446 -0.302388   -9.8041 
             32.1012 -0.382521  -0.41339 -0.220167 -0.00881075 -0.00529409   0.0635101 -0.0748361  -0.156311 0.00565289 -0.0107037 -0.0237154  0.0437683  -0.0105048  0.00616858 -0.00261768 -0.0164162 0.00448459 0.00343127 -0.0312004  0.0156997 -0.0187537 0.0678447 -0.302397   -9.8041 
             32.2011 -0.405728 -0.451585 -0.148843 -0.00789761 -0.00138437   0.0700671 -0.0743988  -0.156473 0.00554219  -0.010699 -0.0237189  0.0437693 -0.00875778   0.0164305   0.0139755 -0.0164011 0.00450999 0.00338461 -0.0313048  0.0155341 -0.0194058 0.0678974 -0.302339   -9.8041 
              32.301  -0.38633 -0.406792 -0.182019 -0.00567125 -0.00235631   0.0660255 -0.0747379  -0.156936 0.00555558 -0.0106974 -0.0237196  0.0437706 -0.000998935      0.01018   0.00134441 -0.0164121 0.00447834 0.00340694 -0.0314542   0.015673 -0.0188965 0.0679424 -0.302407   -9.8041 
              32.401 -0.349093 -0.468125 -0.142273 -0.000643428 -0.000742585    0.0676162  -0.074655  -0.157566 0.00546635 -0.0106964 -0.0237206  0.0437678 0.00909196  0.0111046 0.00345953 -0.0164351 0.00451668  0.0033813 -0.0317159  0.0156481 -0.0190343 0.0680468 -0.302416   -9.8041 
             32.5011 -0.405013 -0.418505 -0.216949 -0.00158362 -0.00509582   0.0657192 -0.0754267  -0.157446  0.0056246 -0.0106906   -0.02372  0.0437654  0.00566798 0.000444063 -0.00172548 -0.0163936 0.00448247  0.0034301 -0.0316394  0.0159539 -0.0188071 0.0679962 -0.302529   -9.8041 
             32.6009  -0.33775 -0.458764 -0.227537 -0.00205151 -0.00590427   0.0643544 -0.0755371  -0.157358 0.00566138 -0.0106905 -0.0237212  0.0437661   0.00198331 -0.000741222  -0.00342913 -0.0164406 0.00450885 0.00343807  -0.031594  0.0159952 -0.0186894 0.0679746 -0.302543   -9.8041 
             32.7009 -0.426426 -0.492172 -0.151693  0.00176986 -0.00712236    0.067297 -0.0757047   -0.15779 0.00563516 -0.0106898 -0.0237252  0.0437624  0.00789215 -0.00115596  0.00469829 -0.0163843 0.00452987 0.00338893 -0.0317941  0.0160748 -0.0189955  0.068054 -0.302581   -9.8041 
             32.8011 -0.312408 -0.502763 -0.178747 -0.00380842 -0.00278892   0.0658452 -0.0751219  -0.156981 0.00561431 -0.0106913 -0.0237271  0.0437595  -0.00851506   0.00932496 -0.000163352 -0.0164572 0.00453309 0.00340551 -0.0314551  0.0158125 -0.0188371 0.0679346 -0.302465   -9.8041 
              32.901 -0.463019 -0.524129 -0.230228 -0.00471834 -0.00699292   0.0736189 -0.0758352  -0.156978 0.00577059 -0.0106858 -0.0237352  0.0437519   -0.010645 0.000587729   0.0159646 -0.0163533 0.00454414 0.00343966  -0.031498  0.0161214 -0.0195452 0.0679445 -0.302579   -9.8041 
             33.0011 -0.359866 -0.539833 -0.252959 -0.0065803  -0.002219  0.0764373 -0.0752172   -0.15682 0.00564731 -0.0106882 -0.0237351  0.0437491 -0.0155083  0.0132182  0.0188004 -0.0164241 0.00455349 0.00345438 -0.0314512  0.0158607 -0.0196634 0.0679407 -0.302478   -9.8041 
              33.101 -0.443559 -0.515598 -0.196955 -0.00705623 -0.00377191   0.0743941 -0.0756106  -0.157022 0.00571257  -0.010689 -0.0237336  0.0437477 -0.0142558 0.00879471  0.0101745  -0.016369 0.00453644 0.00341544 -0.0315082  0.0160235 -0.0193038 0.0679545 -0.302546   -9.8041 
             33.2012 -0.366168 -0.603498 -0.174918  -0.0044419 -0.00238177   0.0756003 -0.0755314   -0.15751 0.00561672  -0.010689 -0.0237361  0.0437456 -0.00909955  0.00995187   0.0103583 -0.0164214 0.00459605  0.0034014 -0.0317222  0.0159951 -0.0193307 0.0680367 -0.302549   -9.8041 
             33.3011  -0.43858  -0.53714 -0.258774 -0.000134086  -0.00435849    0.0728946  -0.075886  -0.158172 0.00560855 -0.0106836 -0.0237309  0.0437466  0.00172979  0.00388046 0.000367553 -0.0163707 0.00454979 0.00345364 -0.0319844  0.0161677 -0.0189935  0.068131 -0.302639  -9.80409 
             33.4011 -0.364539 -0.515425 -0.265736 -0.00161644 -0.00555125   0.0662649 -0.0760979  -0.158036 0.00567761 -0.0106792 -0.0237348  0.0437468  -0.0024384 0.000683318  -0.0155288 -0.0164184 0.00453296 0.00345862 -0.0318801  0.0162411 -0.0183854 0.0681072 -0.302669  -9.80409 
             33.5011  -0.43317 -0.502502  -0.16755 -0.00121407 -0.00650097   0.0652214 -0.0762425  -0.158136 0.00570253 -0.0106807 -0.0237356  0.0437466 -0.00269917  0.00121217  -0.0135389 -0.0163781 0.00452399 0.00339447  -0.031926  0.0163103 -0.0184183 0.0681172 -0.302698  -9.80409 
              33.601 -0.358934 -0.421156  -0.16131 -0.00212226 -0.00444513   0.0618543 -0.0760104  -0.158032 0.00565012 -0.0106775 -0.0237361   0.043744 -0.00425869  0.00677463  -0.0169233 -0.0164276 0.00446967  0.0033892 -0.0318696  0.0161937 -0.0182447 0.0681135 -0.302653  -9.80409 
             33.7011 -0.371703 -0.485158 -0.190994 -0.00198392 -0.00239917   0.0638223 -0.0758476  -0.158078 0.00559997  -0.010677 -0.0237357   0.043744 -0.00536333   0.0108906  -0.0085813 -0.0164153 0.00451061 0.00340879  -0.031916  0.0161275 -0.0185905  0.068124 -0.302625  -9.80409 
             33.8011 -0.399077 -0.400223 -0.176795 -0.00692793 -0.00161001   0.0634792  -0.075913  -0.157577 0.00569036 -0.0106775 -0.0237359  0.0437418  -0.0145004   0.0121001 -0.00924674 -0.0163939 0.00445325 0.00339964 -0.0316902  0.0161494 -0.0186472 0.0680371 -0.302616  -9.80409 
              33.901 -0.360153 -0.513865 -0.210813 -0.00394972 -0.00172097   0.0645935 -0.0760768  -0.158102 0.00564889 -0.0106746 -0.0237336  0.0437377 -0.00667098  0.00917115 -0.00592113 -0.0164193 0.00452734 0.00342339 -0.0319377  0.0162341 -0.0188231 0.0681207  -0.30266  -9.80409 
              34.001 -0.379314 -0.436716 -0.150971 -0.00398483 -0.00293903    0.066873 -0.0763485  -0.158167 0.00571225 -0.0106759 -0.0237343  0.0437375 -0.0058261 0.00629588 0.00156548  -0.016408 0.00447672 0.00338223 -0.0319862  0.0163649 -0.0190727 0.0681304 -0.302708  -9.80409 
             34.1012 -0.358336  -0.46143 -0.211297 -0.00627065 -0.00347747   0.0690536 -0.0764789  -0.157976 0.00577303 -0.0106748 -0.0237346  0.0437379 -0.0110463 0.00432209 0.00750155 -0.0164255 0.00449277 0.00342161 -0.0319137  0.0164288 -0.0192584 0.0681007 -0.302726  -9.80409 
              34.201 -0.503947 -0.532695 -0.233586 -0.00805965 -0.00561486    0.075086 -0.0768178  -0.157895 0.00586637 -0.0106682 -0.0237424  0.0437329  -0.014921 0.00169605  0.0183415 -0.0163279 0.00453653 0.00343723 -0.0319137  0.0165953 -0.0197409  0.068096 -0.302783  -9.80409 
             34.3011 -0.336518 -0.516778 -0.321087 -0.00719846 -0.00637457   0.0704664 -0.0769356  -0.158256  0.0058527 -0.0106689 -0.0237457  0.0437344  -0.0103632 -0.00211324  0.00227964 -0.0164348 0.00452523 0.00349356 -0.0320209  0.0166336 -0.0191634 0.0681283 -0.302806  -9.80409 
             34.4011  -0.53809 -0.497762 -0.212536 -0.00896288 -0.00739677    0.073135 -0.0770941  -0.158178 0.00590968 -0.0106701 -0.0237489  0.0437323 -0.0137066 0.00173171 0.00747949 -0.0163043 0.00451184 0.00342131 -0.0320006  0.0167085 -0.0193695 0.0681166 -0.302829  -9.80409 
              34.501 -0.423858 -0.523638 -0.336664 -0.00984207 -0.00678703    0.074887 -0.0770315  -0.158234 0.00588175 -0.0106705  -0.023748  0.0437318  -0.015268 0.00433233  0.0113685 -0.0163819 0.00452895 0.00350205 -0.0320347  0.0166843 -0.0194532 0.0681308 -0.302822  -9.80409 
             34.6014 -0.398536 -0.552983 -0.364383 -0.00845596 -0.00638142   0.0718993 -0.0770108  -0.158598 0.00582524 -0.0106715 -0.0237494  0.0437316 -0.0112771 0.00522926 0.00261394 -0.0163973 0.00454618 0.00351833  -0.032175   0.016677 -0.0190881 0.0681836 -0.302844  -9.80409 
             34.7011 -0.437612 -0.443853 -0.198433 -0.00727634 -0.00587778   0.0707028 -0.0770073  -0.158849 0.00578579 -0.0106711 -0.0237525  0.0437334 -0.00588359  0.00660214 -0.00182798 -0.0163698 0.00447399 0.00340886 -0.0322806  0.0166815 -0.0189658 0.0682211 -0.302862  -9.80409 
             34.8008 -0.336819 -0.524934 -0.147567 -0.00371123 -0.00302126   0.0655952 -0.0766978  -0.159299 0.00564738 -0.0106692 -0.0237628  0.0437304 0.00137878  0.0110374 -0.0147546  -0.016436 0.00452661 0.00337615 -0.0324673  0.0165396 -0.0185207 0.0683133 -0.302854  -9.80409 
             34.9001 -0.435225  -0.43372 -0.272317 -0.00697179 -0.00367271   0.0662855 -0.0769906  -0.158955 0.00575941 -0.0106701 -0.0237653  0.0437274 -0.00614936   0.0101535  -0.0095468 -0.0163731 0.00446639 0.00345578 -0.0323133  0.0166572 -0.0187027 0.0682406 -0.302867  -9.80409 
             35.0002 -0.340138 -0.544218 -0.256549 -0.00702427 -0.00346942   0.0657715  -0.077069  -0.159059 0.00576494 -0.0106696 -0.0237649  0.0437273 -0.00800367  0.00876573 -0.00713438 -0.0164348 0.00453798 0.00344512 -0.0323601  0.0166981 -0.0187361 0.0682511 -0.302886  -9.80409 
             35.1001 -0.468685 -0.460287 -0.277399 -0.00916356 -0.00787412   0.0693969 -0.0777434  -0.158998  0.0059446 -0.0106691 -0.0237694  0.0437202   -0.0109699 -0.000700847   0.00221346 -0.0163503 0.00448101 0.00345935 -0.0323351  0.0170116 -0.0191245 0.0681998  -0.30298  -9.80408 
              35.201 -0.351302 -0.513346 -0.254329 -0.00957091 -0.00705795   0.0684005 -0.0776307  -0.159078 0.00590618 -0.0106695 -0.0237701  0.0437194   -0.0113991   0.00120814 -0.000622852 -0.0164264  0.0045143 0.00344462 -0.0323686  0.0169574 -0.0190118 0.0682191 -0.302968  -9.80408 
              35.301 -0.432332 -0.490999 -0.174781  -0.0115279 -0.00527519   0.0709872 -0.0774699  -0.158951 0.00587705  -0.010668 -0.0237708  0.0437204 -0.0145691  0.0082194 0.00503455 -0.0163761 0.00450184 0.00339251 -0.0323313  0.0168848  -0.019243 0.0682122 -0.302934  -9.80408 
             35.4008 -0.365204 -0.420763 -0.193675  -0.0107728 -0.00414813   0.0665206 -0.0774146  -0.159227 0.00582712 -0.0106644 -0.0237731  0.0437216  -0.0094092  0.00946943 -0.00524139 -0.0164198 0.00445632 0.00340461 -0.0324197  0.0168571 -0.0187992 0.0682494 -0.302943  -9.80408 
             35.5011  -0.46401 -0.484646 -0.239657 -0.00893787 -0.00340315   0.0705033 -0.0774488  -0.159516 0.00579386 -0.0106625 -0.0237753  0.0437202  -0.005207  0.0120798 0.00562356 -0.0163569 0.00449603 0.00343476 -0.0325814  0.0168864 -0.0191982 0.0682986 -0.302962  -9.80408 
             35.6011 -0.364061 -0.538405 -0.223017 -0.00201834 0.000928842   0.0722387 -0.0770337  -0.160279 0.00557526  -0.010662 -0.0237736  0.0437139 0.00840753  0.0188738 0.00779753 -0.0164203 0.00452807 0.00342548 -0.0329475  0.0167165 -0.0193123 0.0684375 -0.302937  -9.80408 
              35.701 -0.416323 -0.552284 -0.207762 -0.00519818    0.002418   0.0745185  -0.077119  -0.159857 0.00565451 -0.0106609 -0.0237737  0.0437162 -0.00280043   0.0201809  0.00992772 -0.0163868 0.00453511 0.00341619 -0.0327621  0.0167498  -0.019446 0.0683717  -0.30293  -9.80408 
              35.801 -0.384931 -0.574857 -0.155697 -0.0039524 0.00263202  0.0750468  -0.077334  -0.160068 0.00568956 -0.0106623 -0.0237747  0.0437162 -0.00173789   0.0170212  0.00847043  -0.016407 0.00454843 0.00338186 -0.0328527  0.0168521 -0.0193962 0.0683948 -0.302972  -9.80408 
              35.901 -0.367616 -0.585904 -0.171356 -0.00514386  0.00457679   0.0708571 -0.0773158   -0.16001 0.00569353 -0.010663 -0.023776 0.0437163 -0.00680691    0.018802 -0.00177859 -0.0164208 0.00455555 0.00339237 -0.0327909  0.0168287 -0.0189533 0.0683822 -0.302967  -9.80408 
              36.001 -0.451398 -0.504682 -0.276685  -0.0092892 -0.00376691   0.0743145 -0.0785191  -0.159778 0.00607542 -0.0106526 -0.0237796  0.0437069  -0.0146036 -0.00252576  0.00702983 -0.0163656 0.00449992 0.00345797 -0.0326768  0.0174009 -0.0192568 0.0683012 -0.303145  -9.80408 
              36.101 -0.342824 -0.473187 -0.212961 -0.00898754 -0.00332242   0.0650427 -0.0784553  -0.159994 0.00600729 -0.0106441 -0.0237867  0.0437078   -0.010702 -0.00249166  -0.0169348 -0.0164327 0.00447937 0.00341737 -0.0327162  0.0173387 -0.0183995 0.0683478 -0.303138  -9.80408 
             36.2011 -0.449468 -0.440419   -0.3011 -0.00833483 -0.00816975   0.0702486 -0.0789912  -0.160222 0.00612688 -0.0106449 -0.0237901  0.0437052 -0.00712939  -0.0109839 -0.00202224 -0.0163633 0.00445651 0.00347331 -0.0328555  0.0176204 -0.0189966  0.068355 -0.303231  -9.80407 
              36.301 -0.354577 -0.517453 -0.251246 -0.00852318 -0.00812777   0.0688697 -0.0788652  -0.160278 0.00608291 -0.0106455 -0.0237907  0.0437043 -0.00839589  -0.0071759  -0.0038651 -0.0164261 0.00450588 0.00343967 -0.0328813  0.0175553  -0.018886 0.0683719 -0.303213  -9.80407 
             36.4009 -0.485939 -0.486805 -0.242268 -0.00705859 -0.00782303   0.0745125 -0.0787525  -0.160474 0.00601892 -0.0106452 -0.0237978  0.0437049  -0.00527173 -0.000948716    0.0107982 -0.0163451 0.00448682 0.00343281 -0.0330194  0.0175245 -0.0194176 0.0684085 -0.303207  -9.80407 
             36.5011 -0.342541 -0.598716 -0.267524 -0.00494024 -0.00503722   0.0749748  -0.078408  -0.160716 0.00587962 -0.0106455 -0.0237984  0.0436995 -0.00328106  0.00520099  0.00914078 -0.0164356 0.00455695  0.0034489 -0.0331482  0.0173567 -0.0193751 0.0684681 -0.303164  -9.80407 
              36.601 -0.443726 -0.539863 -0.234322 -0.00161718 -0.00273084    0.074811 -0.0782093  -0.161067 0.00576564 -0.0106449 -0.0237991  0.0436999 0.00318997   0.011338 0.00558142 -0.0163694 0.00451745 0.00342818 -0.0333208  0.0172707 -0.0192877 0.0685346 -0.303155  -9.80407 
             36.7011 -0.372678 -0.536648 -0.249865 -0.00301259 -0.00358452   0.0714706  -0.078451   -0.16096 0.00585267 -0.0106446 -0.0238005   0.043701 -0.00197628  0.00743405 -0.00385149 -0.0164159  0.0045153 0.00343648 -0.0332354  0.0173719 -0.0189479 0.0685028 -0.303185  -9.80407 
              36.801 -0.441772 -0.489387 -0.222543 -0.00327589 -0.00465438   0.0700378 -0.0786723  -0.160999 0.00590978 -0.0106446    -0.0238  0.0437001 -0.00314666  0.00610334 -0.00513904 -0.0163721 0.00448577 0.00341858 -0.0332393  0.0174789 -0.0188478 0.0684946 -0.303221  -9.80407 
              36.901 -0.375691 -0.490955  -0.27483 -0.00670795 -0.00506776   0.0669838  -0.078811  -0.160715 0.00599068 -0.0106436 -0.0238019  0.0436996 -0.0114405 0.00449281 -0.0100892 -0.0164163 0.00448548 0.00345318 -0.0330786  0.0175266 -0.0186324 0.0684436 -0.303223  -9.80407 
              37.001 -0.441617  -0.53047 -0.179168 -0.00482827 -0.00310442   0.0714219 -0.0786347  -0.160994 0.00589652 -0.0106411 -0.0238063  0.0436994 -0.00743079   0.0101845   0.0017813 -0.0163732 0.00450931 0.00339027  -0.033253  0.0174624 -0.0191115 0.0684937 -0.303212  -9.80407 
              37.101 -0.419607 -0.439205 -0.145139  -0.00957135 -7.22564e-05      0.06991 -0.0784504  -0.160554 0.00590995 -0.0106382 -0.0238037  0.0436963  -0.0163324   0.0171052 -0.00252293 -0.0163859 0.00445003 0.00336993 -0.0330294  0.0173509 -0.0189706 0.0684368 -0.303156  -9.80408 
             37.2011  -0.41794 -0.462798  -0.18168   -0.0104415 -0.000926558    0.0678847 -0.0787384  -0.160688 0.00596285 -0.0106377 -0.0238036  0.0436966  -0.0154438   0.0121799 -0.00624934 -0.0163871 0.00446361 0.00339337 -0.0330769  0.0174928 -0.0188088 0.0684431 -0.303209  -9.80407 
             37.3008 -0.405414 -0.413077 -0.152896 -0.00835826  -0.0016772    0.063974 -0.0789558    -0.1611 0.00594466 -0.0106359 -0.0238042  0.0436985 -0.00608301  0.00859247  -0.0134076 -0.0163974 0.00443263 0.00337661 -0.0332543     0.0176 -0.0185222 0.0684965 -0.303261  -9.80407 
              37.401 -0.347236 -0.503875 -0.144685 -0.00394508  0.00252247   0.0644627 -0.0785796  -0.161577 0.00575061 -0.0106346 -0.0238024  0.0436929  0.00186262   0.0163387 -0.00942668   -0.01643 0.00449022 0.00337301 -0.0335117  0.0174202 -0.0186926 0.0685872 -0.303215  -9.80407 
              37.501 -0.401518 -0.439752 -0.129982  0.000802447 -0.000504389    0.0658632 -0.0791073  -0.162031 0.00581255 -0.0106343 -0.0238026  0.0436912   0.0128909  0.00548622 -0.00541353 -0.0163959 0.00444807 0.00336235 -0.0337617  0.0177007  -0.018892 0.0686604 -0.303308  -9.80407 
              37.601 -0.308264 -0.511935 -0.227521  -0.0013021 0.000794648   0.0645538   -0.07902  -0.161718 0.00584775 -0.0106366 -0.0238066  0.0436924  0.00312165  0.00733286 -0.00778465 -0.0164531 0.00449398 0.00342549 -0.0335965   0.017649 -0.0188212 0.0686076 -0.303289  -9.80407 
             37.7009 -0.448121 -0.459915 -0.216215 -0.00123673 -0.00558047   0.0698868 -0.0797898   -0.16167 0.00606829 -0.0106332  -0.023813  0.0436828  0.00220908 -0.00596431  0.00684048 -0.0163651 0.00446071  0.0034179 -0.0336212  0.0180653 -0.0193282 0.0686168 -0.303415  -9.80407 
              37.801 -0.331945 -0.547946 -0.216303  0.00224588 -0.00456761   0.0737782 -0.0795946  -0.161957 0.00594359  -0.010631 -0.0238108  0.0436796    0.005988 -0.00242669   0.0146002 -0.0164377 0.00451616 0.00341683 -0.0338004  0.0179808 -0.0196078 0.0686785 -0.303391  -9.80407 
             37.9009 -0.431922 -0.561725 -0.136802 -0.000507024  -0.00603715    0.0759599 -0.0797289  -0.161656 0.00604857 -0.0106315 -0.0238095    0.04368 -0.00386745  -0.0029797   0.0157793 -0.0163716 0.00452342 0.00336589 -0.0336453  0.0180545 -0.0196745 0.0686279  -0.30341  -9.80407 
             38.0011 -0.362051 -0.604961 -0.265226 -0.00673965 -0.00424738   0.0776018  -0.079519  -0.161096 0.00609673 -0.0106343 -0.0238137  0.0436814 -0.0200167 0.00274802  0.0142812 -0.0164123 0.00454774 0.00344755 -0.0333552  0.0179293 -0.0196883 0.0685417 -0.303362  -9.80407 
             38.1011 -0.449591  -0.52864 -0.265094  -0.0108404 -0.00626323   0.0754974 -0.0798069  -0.160953 0.00619841 -0.0106305 -0.0238117  0.0436785  -0.0250071 7.52523e-05  0.00581229 -0.0163589 0.00449642  0.0034474 -0.0332457  0.0180624 -0.0193838 0.0685058 -0.303398  -9.80407 
             38.2011 -0.390733 -0.524651 -0.287779 -0.00954961 -0.00464305   0.0711228 -0.0796551  -0.161321 0.00607733 -0.0106291 -0.0238122  0.0436792  -0.0182805  0.00499342 -0.00384076 -0.0163979 0.00449488 0.00346132 -0.0334145  0.0179689 -0.0189622 0.0685742 -0.303379  -9.80407 
             38.3011 -0.442438 -0.523288 -0.235475 -0.00767804 -0.00464313   0.0694883 -0.0797021  -0.161689 0.00602145 -0.0106297 -0.0238141  0.0436802  -0.0120736  0.00540349 -0.00508383 -0.0163664 0.00449269 0.00342854 -0.0336039  0.0180028 -0.0188579  0.068633 -0.303403  -9.80407 
             38.4009  -0.39575 -0.446164 -0.166405 -0.00707061 -0.00211892   0.0680686 -0.0794976  -0.161824 0.00592658 -0.0106271 -0.0238155  0.0436804 -0.00803837    0.010353 -0.00858153 -0.0163948 0.00444335  0.0033852 -0.0336789  0.0178933 -0.0187898 0.0686681 -0.303376  -9.80407 
             38.5011 -0.395732 -0.515784  -0.18157 -0.00561283 -0.00218202   0.0663979 -0.0796174  -0.162085 0.00591881 -0.0106283 -0.0238171  0.0436803  -0.004459 0.00843627 -0.0112098 -0.0163929 0.00448653 0.00339494 -0.0338041  0.0179594 -0.0187096 0.0687016 -0.303409  -9.80407 
              38.601 -0.400101 -0.380539 -0.151987 -0.00789096 0.000961838   0.0611597 -0.0794061   -0.16188 0.00587929 -0.0106221 -0.0238165  0.0436775 -0.00759835   0.0163145  -0.0198794 -0.0163918 0.00440102 0.00337645 -0.0336765   0.017829 -0.0183496 0.0686841 -0.303365  -9.80407 
              38.701 -0.372545 -0.465545 -0.242866 -0.00170215  0.00279991   0.0619185 -0.0793446  -0.162558 0.00574536 -0.0106198 -0.0238113  0.0436748 0.00618143  0.0176127 -0.0121191 -0.0164103 0.00445358 0.00343463 -0.0340427  0.0178273 -0.0185861 0.0687896 -0.303387  -9.80407 
             38.8009 -0.386068 -0.462168 -0.120961 -0.000606004   0.00299713    0.0625527  -0.079504  -0.162606 0.00578229 -0.0106204 -0.0238118  0.0436744  0.00635401   0.0145692 -0.00764107  -0.016402 0.00444877 0.00335636 -0.0340799  0.0179191 -0.0187537  0.068795 -0.303414  -9.80406 
             38.9009 -0.320366 -0.493261 -0.125169 -0.000485422   0.00656903    0.0642615 -0.0792686  -0.162514 0.00572476 -0.0106182 -0.0238101  0.0436733  0.00326841   0.0193167 -0.00333521 -0.0164378 0.00446705 0.00335831 -0.0340566  0.0178038 -0.0189771  0.068795 -0.303377  -9.80407 
              39.001 -0.42426 -0.47208 -0.16148 -0.000704119  0.000790744     0.069371 -0.0800939  -0.162471 0.00596144  -0.010613 -0.0238136  0.0436655 0.00189213 0.00344735 0.00743719 -0.0163734 0.00445192 0.00337964 -0.0340717  0.0182487  -0.019419   0.06879 -0.303504  -9.80406 
             39.1011 -0.325027 -0.499837 -0.131679  0.000310769 -0.000265958    0.0666507 -0.0802569  -0.162614 0.00598946 -0.0106143 -0.0238153  0.0436663  0.00231861 0.000174187 0.000224725 -0.0164384 0.00446885 0.00336037 -0.0341149  0.0183212 -0.0191145  0.068798 -0.303526  -9.80406 
             39.2011  -0.485968  -0.482149 -0.0448032  0.00141148 -0.00515952   0.0732346 -0.0807821  -0.162636 0.00612977 -0.0106189 -0.0238259  0.0436575  0.00310976 -0.00768572   0.0157526 -0.0163408 0.00445798 0.00330495 -0.0341944  0.0186195 -0.0196597 0.0688275 -0.303615  -9.80406 
             39.3009 -0.354356 -0.473782 -0.245781 -0.00133656 -0.00357659    0.069187 -0.0805533  -0.162411 0.00612133 -0.0106245 -0.0238341  0.0436547 -0.00415476 -0.00345814  0.00142625 -0.0164205 0.00445046 0.00343231 -0.0340203  0.0184633 -0.0192026 0.0687692 -0.303567  -9.80406 
             39.4008 -0.398309 -0.493865 -0.272954 -0.00085844 -0.00645891   0.0652536   -0.08083  -0.162556 0.00617387 -0.0106211 -0.0238321  0.0436545 -0.00252552 -0.00920466 -0.00949817 -0.0163905 0.00446169 0.00344906 -0.0340633  0.0186083 -0.0188529 0.0687818 -0.303609  -9.80406 
             39.5011 -0.401508  -0.48489 -0.208032  -0.0012881 -0.00434878   0.0661997  -0.080543  -0.162514 0.00609221 -0.0106202 -0.0238318  0.0436545 -0.00448396 0.000141116  -0.0052478 -0.0163905 0.00445523 0.00340631 -0.0340558  0.0184485 -0.0190096 0.0687803 -0.303562  -9.80406 
             39.6008 -0.348283 -0.515758 -0.302681 -0.00216181 -0.00316128   0.0650448 -0.0804376  -0.162485 0.00606501 -0.0106213 -0.0238324  0.0436538 -0.00748904  0.00383809  -0.0054126 -0.0164246 0.00447511 0.00346674 -0.0340353  0.0183781 -0.0189534 0.0687755  -0.30354  -9.80406 
             39.7009 -0.435022  -0.46932 -0.245368 -0.00638044 -0.00610134   0.0690761 -0.0807204  -0.162169 0.00625176 -0.0106247 -0.0238345  0.0436509   -0.015863 -0.00136529  0.00574897  -0.016368 0.00444403 0.00342949 -0.0338841  0.0185736 -0.0193439 0.0687236 -0.303593  -9.80406 
             39.8008 -0.332343 -0.524741 -0.287183 -0.00455154 -0.00673089   0.0701233 -0.0807347  -0.162478 0.00618274 -0.0106247 -0.0238341  0.0436506  -0.0104027 -0.00388088  0.00582019 -0.0164297 0.00447839  0.0034565 -0.0340696     0.0186 -0.0193919 0.0687753 -0.303612  -9.80406 
             39.9001 -0.435392  -0.48472 -0.272435  -0.0070569 -0.00487187   0.0733848 -0.0805338  -0.162287 0.00615881 -0.0106244 -0.0238356  0.0436521 -0.0145575 0.00392176  0.0106533 -0.0163641  0.0044517 0.00344844 -0.0339935  0.0184927 -0.0196219 0.0687633 -0.303574  -9.80406 
             40.0002 -0.348273 -0.514963 -0.351927 -0.00481677 -0.00325757   0.0724416 -0.0804019  -0.162624  0.0060432 -0.0106252 -0.0238353  0.0436511 -0.00804444  0.00717261  0.00661747 -0.0164206 0.00447118 0.00349692  -0.034175  0.0184211 -0.0194418 0.0688226 -0.303571  -9.80406 
             40.1001 -0.417843 -0.564693 -0.234156 -0.00389207 -0.00356901    0.075306 -0.0804829  -0.162804 0.00603799  -0.010626 -0.0238382  0.0436493 -0.00720363  0.00720789   0.0128511 -0.0163797 0.00450259 0.00342306 -0.0342867  0.0184901 -0.0196186 0.0688441 -0.303603  -9.80406 
             40.1999 -0.386438 -0.534188 -0.225307 -0.00128634 -0.00304071   0.0749322 -0.0804756  -0.163129 0.00597213 -0.0106263 -0.0238406  0.0436497 -0.0014161 0.00713075 0.00963284 -0.0163996  0.0044832    0.00342 -0.0344542  0.0184947 -0.0194851 0.0688904 -0.303626  -9.80406 
             40.3012 -0.405498 -0.528115 -0.173233 -0.00236752  0.00161102   0.0719217   -0.08013   -0.16299 0.00586412 -0.0106218  -0.023839  0.0436498 -0.00493788   0.0178243 -0.00122574 -0.0163869 0.00447643 0.00338861 -0.0343688  0.0182751 -0.0191723  0.068901 -0.303556  -9.80406 
             40.4008 -0.420059 -0.564137  -0.27164 -0.00273242 -0.00258105   0.0735145 -0.0807173  -0.163145 0.00603942 -0.0106159 -0.0238378  0.0436482 -0.0063044 0.00519857 0.00303195 -0.0163787 0.00449758 0.00344877 -0.0344274  0.0186163 -0.0192933 0.0688734 -0.303655  -9.80406 
             40.5009 -0.420865 -0.514528 -0.204318 -0.00523462 -0.00215595   0.0694701 -0.0807684  -0.163002 0.00606938 -0.0106139 -0.0238372  0.0436475  -0.0112939  0.00717236 -0.00610014 -0.0163767 0.00446638 0.00340791 -0.0343159  0.0186203 -0.0189267 0.0688518 -0.303647  -9.80406 
             40.6009 -0.391301 -0.543175 -0.252517 -0.00322484 -0.00444826   0.0698026 -0.0810334  -0.163352 0.00610738 -0.0106119 -0.0238353  0.0436487 -0.00640923 0.000694231 -0.00285171  -0.016395 0.00448387 0.00343869 -0.0345005   0.018787 -0.0190021 0.0688847 -0.303709  -9.80406 
             40.7009 -0.353677 -0.523262 -0.267421  0.00107428 -0.00282826   0.0668312 -0.0808452  -0.163789 0.00598264 -0.0106117  -0.023835  0.0436491  0.00301727  0.00375537 -0.00925705 -0.0164148 0.00446931 0.00344774 -0.0347308  0.0186964 -0.0187875 0.0689628  -0.30371  -9.80405 
             40.8009 -0.509157 -0.467518 -0.281907  -0.00419445 -0.000558262    0.0709912 -0.0807389  -0.163234 0.00603566 -0.0106161 -0.0238441  0.0436495  -0.0102401   0.0126027 0.000544042 -0.0163169 0.00443384  0.0034561 -0.0344672  0.0186175 -0.0192224 0.0688837 -0.303658  -9.80406 
              40.901 -0.357105  -0.57253 -0.288514 -0.00875016  0.00149943   0.0700332 -0.0806827  -0.162927 0.00606829 -0.0106169 -0.0238455  0.0436502  -0.0211898   0.0151934 -0.00210359 -0.0164123 0.00449848 0.00346162 -0.0342952  0.0185669 -0.0191353 0.0688443  -0.30363  -9.80406 
              41.001 -0.550767  -0.47463 -0.185598 -0.00757815 -0.00192666   0.0752021 -0.0811744  -0.163267 0.00617768 -0.0106271  -0.023857  0.0436427 -0.0144371 0.00853666  0.0106746 -0.0162936 0.00443834 0.00339781 -0.0345067  0.0188734 -0.0195673  0.068861 -0.303724  -9.80405 
             41.1009 -0.354995 -0.550206 -0.239338  -0.0072472 0.000806245   0.0702796 -0.0809778  -0.163424 0.00609856 -0.0106297 -0.0238636  0.0436391  -0.0129302   0.0120077 -0.00155481 -0.0164147 0.00448459 0.00343304 -0.0345712  0.0187406 -0.0190788 0.0689028 -0.303705  -9.80406 
              41.201 -0.466492 -0.439331   -0.2376 -0.00527003 -0.00212531   0.0721885 -0.0813554  -0.163754 0.00616784 -0.0106311 -0.0238644  0.0436397 -0.00513459   0.0039827   0.0028163 -0.0163436 0.00441462  0.0034316  -0.034761  0.0189895 -0.0192489 0.0689272 -0.303786  -9.80405 
              41.301 -0.331402 -0.503979 -0.282764  -0.0037854 -0.00246245   0.0680077 -0.0814025  -0.163977 0.00615397 -0.0106317 -0.0238685  0.0436405 -0.00171912  0.00230755 -0.00709722  -0.016424 0.00445304 0.00345861 -0.0348559  0.0190153 -0.0188752 0.0689564 -0.303813  -9.80405 
             41.4009 -0.469187 -0.527256  -0.20767 -0.00200172  -0.0046108   0.0732362 -0.0816671  -0.164175 0.00619794  -0.010631 -0.0238739  0.0436364 3.08896e-05 0.000719068  0.00836777 -0.0163593 0.00446895  0.0034214 -0.0349956  0.0191796 -0.0193355 0.0689736 -0.303854  -9.80405 
              41.501 -0.394004 -0.506643 -0.232483 -0.0027262 -0.0010711   0.069004 -0.0813068  -0.164087 0.00611265 -0.0106314 -0.0238755  0.0436352 -0.00310386   0.0102986 -0.00251537 -0.0164011   0.004456 0.00343379 -0.0349305  0.0189807 -0.0189364 0.0689784 -0.303809  -9.80405 
             41.6009 -0.411034 -0.544064 -0.244972 -1.51974e-05  -0.00377235    0.0708825  -0.081673   -0.16442 0.00618009 -0.0106296 -0.0238749  0.0436336 0.00156929 0.00181025 0.00201622  -0.016387 0.00448031 0.00344091 -0.0351032  0.0191801 -0.0191053 0.0690033 -0.303869  -9.80405 
              41.701 -0.390216  -0.45853 -0.146126 -0.00175816 0.000280388   0.0666359 -0.0812916   -0.16422 0.00608651 -0.0106227 -0.0238736  0.0436312 -0.00269571    0.011912 -0.00968418 -0.0164009 0.00442642 0.00338015 -0.0349798  0.0189753 -0.0187695 0.0689921 -0.303816  -9.80405 
              41.801 -0.406536 -0.490791 -0.116779 -0.00148433   0.0051732   0.0665163 -0.0809498  -0.164231 0.00599277 -0.0106202 -0.0238738  0.0436318 -0.00339283   0.0224703 -0.00865205  -0.016394 0.00444548 0.00336257 -0.0349974  0.0187897 -0.0188376 0.0690097 -0.303769  -9.80405 
             41.9008 -0.380667 -0.391512 -0.253678 -0.00206163   0.0011875   0.0627587 -0.0815269  -0.164307 0.00612117 -0.0106074  -0.023873  0.0436333 -0.00193985  0.00855997  -0.0144326 -0.0164073 0.00438404 0.00344498 -0.034997 0.0191215 -0.018596 0.0689924 -0.303858  -9.80405 
             42.0009 -0.332847 -0.462481 -0.138375 5.84911e-05  0.00272896   0.0616498 -0.0814566  -0.164498 0.00607119 -0.0106071 -0.0238734  0.0436325 0.00180167  0.0101833 -0.0128272 -0.0164391  0.0044286 0.00337559 -0.0351129  0.0190841 -0.0186249 0.0690246 -0.303853  -9.80405 
              42.101 -0.414662 -0.469162 -0.182495 -0.00276052 0.000535537   0.0637271 -0.0817514  -0.164254 0.00619296 -0.0106033 -0.0238769  0.0436309 -0.00560377  0.00406389 -0.00558143 -0.0163851 0.00443027 0.00340319 -0.0349861  0.0192703 -0.0189012 0.0689867 -0.303895  -9.80405 
              42.201 -0.342489 -0.464172 -0.170368 -0.00165359    0.003705   0.0606175  -0.08152 -0.164406  0.006096 -0.0106039 -0.0238775  0.0436299 -0.0023959  0.0101674 -0.0126486  -0.016427 0.00442687 0.00339517 -0.0350567  0.0191136  -0.018699 0.0690061 -0.303856  -9.80405 
             42.3009  -0.42574 -0.506326 -0.226593 -0.00244829 -0.00250435   0.0657867 -0.0821537  -0.164351 0.00629897 -0.0105952 -0.0238818  0.0436228  -0.0049968 -0.00451959   0.0016017 -0.0163752 0.00445197 0.00342931 -0.0350741  0.0195397 -0.0192084 0.0690114 -0.303969  -9.80405 
             42.4009 -0.313424 -0.545023 -0.251796  0.00163273 -0.00329371   0.0698962 -0.0821318   -0.16469 0.00621582 -0.0105922 -0.0238768  0.0436206  0.00238002 -0.00672334   0.0112987 -0.0164452  0.0044764 0.00344422 -0.0353266  0.0195637 -0.0195271 0.0690838 -0.303984  -9.80405 
             42.5009  -0.45288 -0.525185 -0.241852 -0.000257032  -0.00747465    0.0763781 -0.0824156  -0.164494 0.00636738 -0.0105916 -0.0238826  0.0436166 -0.00405067  -0.0125954   0.0228551 -0.0163579 0.00446267 0.00343758 -0.0352472  0.0197759 -0.0199646 0.0690626 -0.304042  -9.80404 
              42.601  -0.37055 -0.525185 -0.236117 -0.000637993  -0.00550791    0.0742252 -0.0821944  -0.164515 0.00627457 -0.0105903 -0.0238833  0.0436153 -0.00530203 -0.00532555   0.0118937 -0.0164041 0.00446267 0.00343462 -0.0352262  0.0195862 -0.0196124 0.0690631 -0.303986  -9.80405 
              42.701 -0.470773 -0.515369 -0.296601 -0.00257651 -0.00818282   0.0768156 -0.0823946  -0.164434 0.00637167 -0.0105894 -0.0238846  0.0436132 -0.00939517 -0.00711451   0.0142337 -0.0163428 0.00445539 0.00347044 -0.0351726  0.0197231 -0.0197169 0.0690409  -0.30402  -9.80404 
              42.801 -0.383163 -0.526652 -0.229561 -0.00366676 -0.00624158   0.0736335 -0.0822247  -0.164429 0.00629693 -0.0105868 -0.0238866   0.043611   -0.0117446 -4.58925e-06   0.00479864 -0.0163987 0.00446433 0.00343017 -0.0351418  0.0195599 -0.0193437 0.0690475 -0.303973  -9.80405 
             42.9008 -0.437968 -0.527142 -0.182527  -0.0030213 -0.00388069   0.0714902 -0.0820502  -0.164563 0.00618192 -0.0105844 -0.0238872  0.0436114 -0.00972199  0.00782064 2.03996e-05 -0.0163664 0.00446426 0.00340117 -0.0352184   0.019428 -0.0191378 0.0690805 -0.303945  -9.80405 
             43.0009  -0.41173 -0.452048  -0.23237  -0.00266903 -0.000707715    0.0680047 -0.0818656  -0.164647  0.0060812 -0.0105819  -0.023888  0.0436112 -0.00682273   0.0138665 -0.00805709 -0.0163817 0.00441649 0.00343208 -0.0352562  0.0192836 -0.0188693 0.0691065 -0.303912  -9.80405 
              43.101 -0.391983 -0.579879 -0.220887 -0.000814932   0.00430362     0.069941  -0.081531  -0.164804 0.00591915 -0.0105796 -0.0238872  0.0436083 -0.00467808   0.0229996 -0.00364886 -0.0163922 0.00449208 0.00342608 -0.0353934  0.0190914 -0.0190981 0.0691528 -0.303872  -9.80405 
              43.201 -0.407337  -0.38699     -0.17 -0.00256837  0.00542757   0.0635572 -0.0816881  -0.164747 0.00596697 -0.0105715 -0.0238869  0.0436063 -0.00514246   0.0214229  -0.0176095 -0.0163815 0.00437416 0.00339353 -0.0352954  0.0191486 -0.0186046 0.0691307 -0.303885  -9.80405 
             43.3009 -0.360695 -0.483954 -0.196663 -0.00550426  0.00599011   0.0629936 -0.0818284  -0.164581 0.00605606 -0.0105711 -0.0238864  0.0436074 -0.0125451   0.019137 -0.0140288 -0.0164121 0.00443436 0.00340948  -0.035191  0.0192412 -0.0186923 0.069097  -0.3039 -9.80405 
             43.4009 -0.415373 -0.427194  -0.11524 -0.0042328 0.00529481  0.0645332 -0.0820434   -0.16477 0.00608793 -0.0105743 -0.0238891  0.0436065 -0.00684702   0.0143174 -0.00624153 -0.0163786 0.00439824 0.00335813 -0.0353395  0.0194049 -0.0189299 0.0691249 -0.303947  -9.80405 
              43.501 -0.305768  -0.52407  -0.25867 -0.000800366   0.00502133    0.0660591 -0.0821526  -0.165104 0.00604631  -0.010569 -0.0238821  0.0436045 0.000480485  0.00829641 -0.00211458 -0.0164413 0.00445466 0.00344804 -0.0355729  0.0195037 -0.0191096 0.0691805 -0.303981  -9.80404 
             43.6009 -0.442407 -0.464527 -0.134218 -0.000140021 -0.000901886    0.0719386 -0.0827506  -0.165125 0.00624972 -0.0105741  -0.023889  0.0435953  0.00211458 -0.00538112   0.0102915  -0.016356 0.00441903 0.00337264 -0.0356456  0.0199165  -0.019593 0.0691912 -0.304082  -9.80404 
             43.7008 -0.341738 -0.569238  -0.19425 0.00220104 -0.0039457  0.0704098 -0.0829835  -0.165365 0.00628343 -0.0105756 -0.0238893  0.0435943 0.00403093   -0.01135  0.0052101 -0.0164184 0.00448345 0.00340901 -0.0357687  0.0200542 -0.0193741 0.0692156 -0.304119  -9.80404 
              43.801 -0.443747 -0.502828 -0.282566 -0.000321269  -0.00649706    0.0738367 -0.0831136  -0.165113 0.00637882 -0.0105745 -0.0238941  0.0435928 -0.00347884  -0.0114999   0.0130902  -0.016357 0.00444151 0.00346263 -0.0356325  0.0201416 -0.0196019 0.0691819 -0.304137  -9.80404 
             43.9009 -0.349961 -0.546553 -0.200935 -0.00288543 -0.00590573   0.0735208 -0.0829647  -0.164947 0.00636138 -0.0105739  -0.023894  0.0435919  -0.010888 -0.0077016   0.010024 -0.0164131 0.00446726 0.00341275  -0.035515    0.02003 -0.0194854 0.0691555 -0.304105  -9.80404 
             44.0009 -0.472561 -0.503101  -0.18645 -0.00216044 -0.00258939   0.0745304 -0.0826304  -0.165053  0.0062195 -0.0105722 -0.0238943  0.0435961 -0.00804528  0.00452923  0.00859169 -0.0163337 0.00443922 0.00340383 -0.0355935  0.0198194 -0.0194991 0.0691829 -0.304058  -9.80404 
              44.101 -0.391966 -0.458864 -0.363985 -0.00608151 -0.00282797   0.0722844 -0.0827248  -0.164839 0.00628777 -0.0105694 -0.0238992  0.0435943  -0.0146134  0.00329409 0.000320623 -0.0163803  0.0044111  0.0035114 -0.0354247    0.01985 -0.0192527 0.0691425 -0.304056  -9.80404 
             44.2008 -0.384315 -0.550337 -0.210494 -0.00464139 -0.00269815   0.0729514 -0.0827402  -0.165086 0.00624137 -0.0105704 -0.0239013  0.0435933 -0.0107604 0.00407747 0.00203465  -0.016389 0.00446642 0.00341901 -0.0355868  0.0198711 -0.0192908 0.0691795  -0.30407  -9.80404 
              44.301 -0.404388 -0.533359 -0.227513  -0.00601123 -0.000841446    0.0728861 -0.0826238  -0.165052 0.00620476 -0.0105697 -0.0239011  0.0435933 -0.0134228 0.00944137 0.00300804 -0.0163769 0.00445613 0.00343093 -0.0355687  0.0197909 -0.0192675 0.0691816 -0.304049  -9.80404 
              44.401 -0.371811 -0.493983 -0.126473 -0.00317585  0.00209028   0.0700808 -0.0824504  -0.165373 0.00605968 -0.0105663 -0.0239063  0.0435939 -0.00516655   0.0139548 -0.00306891 -0.0163967 0.00443262 0.00336915 -0.0357627   0.019669 -0.0190332 0.0692396 -0.304036  -9.80404 
             44.5008  -0.467301  -0.508195 -0.0700405 -0.00346294  0.00160684   0.0726282 -0.0826134  -0.165397 0.00611868 -0.0105692  -0.023909  0.0435918 -0.00562937   0.0116959 0.000918516 -0.0163349 0.00444062 0.00333512 -0.0357996  0.0197947 -0.0192661 0.0692362 -0.304067  -9.80404 
             44.6008 -0.357833 -0.567442 -0.241185 -0.00357343   0.0030552   0.0731269 -0.0825834  -0.165443 0.00609818 -0.0105696  -0.023908  0.0435912 -0.00710591   0.0132265  0.00127792 -0.0163998 0.00447354 0.00344091 -0.0358338  0.0197781 -0.0192925 0.0692448 -0.304065  -9.80404 
             44.7009 -0.466918  -0.58045 -0.209507 -0.00254898  0.00331262   0.0730019 -0.0826892  -0.165597 0.00610235 -0.0105686 -0.0239068  0.0435892 -0.00581446   0.0141746  0.00209246 -0.0163342 0.00448133 0.00342274 -0.0359336  0.0198529  -0.019265 0.0692672 -0.304086  -9.80404 
             44.8008 -0.426718 -0.533884 -0.309192 -0.00330515 -0.00224556   0.0708982 -0.0832547   -0.16567 0.00630344 -0.0105575 -0.0239057  0.0435903 -0.00669285 -0.00160029 -0.00232422 -0.0163574 0.00445157 0.00348323 -0.0359381  0.0202406 -0.0190836 0.0692609 -0.304179  -9.80404 
             44.9007 -0.330747 -0.515717 -0.280904  -0.00400939 -0.000519693    0.0666116 -0.0831104  -0.165674 0.00623862 -0.0105564 -0.0239099  0.0435876 -0.00776681  0.00195799  -0.0122653 -0.0164133 0.00443817 0.00346481 -0.0359136  0.0201182  -0.018772 0.0692672 -0.304153  -9.80404 
             45.0007 -0.427234 -0.443768 -0.119872 -0.00315078  0.00107558   0.0677212 -0.0830102  -0.165763 0.00618679 -0.0105568 -0.0239126  0.0435893 -0.00390954  0.00703425 -0.00856422 -0.0163545  0.0043945 0.00336535  -0.035999  0.0200593 -0.0189614 0.0692851 -0.304141  -9.80404 
                45.1 -0.351102 -0.480354  -0.20406 -0.00182532  0.00229903   0.0654277 -0.0829631  -0.165904 0.00614613 -0.0105567 -0.0239133  0.0435891 -0.00115152  0.00908856  -0.0112736 -0.0164021 0.00441618 0.00341645 -0.0360838  0.0200274  -0.018839 0.0693096 -0.304139  -9.80404 
             45.1993 -0.475998 -0.429915 -0.279381 -0.00432584 0.000949833   0.0662622 -0.0831761   -0.16574 0.00625341 -0.0105555 -0.0239166  0.0435856 -0.00640224  0.00755301 -0.00580033 -0.0163315 0.00438667 0.00346059 -0.0359768  0.0201699  -0.018988 0.0692741 -0.304165  -9.80404 
              45.301  -0.35988 -0.540852 -0.245363  -0.00405847 -0.000300456    0.0666028  -0.083317  -0.165837 0.00628879 -0.0105547  -0.023916  0.0435859 -0.00696046  0.00248925 -0.00296695 -0.0164022 0.00445217 0.00344164 -0.0360447  0.0202788 -0.0190632 0.0692832 -0.304193  -9.80404 
             45.4009  -0.44057 -0.535588 -0.178734 -0.00305512 0.000537498   0.0718581 -0.0832666  -0.165905 0.00625244 -0.0105513 -0.0239197  0.0435851 -0.00535045  0.00587791  0.00870222   -0.01635 0.00444652 0.00340111 -0.0361528  0.0202652 -0.0195073 0.0693101 -0.304193  -9.80404 
             45.5009 -0.375787 -0.483727 -0.258149  -0.0020343 -0.00259629   0.0707904 -0.0835624  -0.166093 0.00633699 -0.0105488 -0.0239194  0.0435876 -0.00164582 -0.00325129  0.00348825  -0.016386  0.0044142 0.00344888 -0.0362402  0.0204738 -0.0193556 0.0693153 -0.304248  -9.80404 
             45.6008 -0.408478 -0.585617 -0.219167  0.00197154 -0.00146534   0.0748311 -0.0834299  -0.166379 0.00622818 -0.0105457 -0.0239205  0.0435843 0.00401857 0.00226799  0.0120302 -0.0163688 0.00447486 0.00342555 -0.0364764  0.0204096 -0.0196381 0.0693738 -0.304245  -9.80404 
             45.6995  -0.39644 -0.534105  -0.26044    0.0015433 -0.000631415    0.0754463 -0.0833867  -0.166314 0.00622267 -0.0105459 -0.0239207  0.0435842 0.00091324 0.00474381  0.0115068 -0.0163791 0.00444237    0.00345 -0.0364293  0.0203727 -0.0195933 0.0693656 -0.304234  -9.80404 
             45.8009 -0.425807 -0.550241 -0.162812 0.00260969 0.00223176   0.074712 -0.0832044  -0.166377 0.00613546 -0.0105443 -0.0239207  0.0435846 0.000935483    0.011296  0.00697514 -0.0163593 0.00445151 0.00339334 -0.0364661  0.0202391 -0.0194568 0.0693841 -0.304208  -9.80404 
             45.9009 -0.402819 -0.528605 -0.126272 -7.96861e-05   0.00113851     0.070757 -0.0834199  -0.166237 0.00625153 -0.0105447 -0.0239192  0.0435843 -0.00576399   0.0070184 -0.00465773 -0.0163712 0.00443748 0.00337074 -0.0363164  0.0203569  -0.019096 0.0693477 -0.304226  -9.80404 
              46.001 -0.380197 -0.498846 -0.180809 -0.000907781    0.0043149    0.0681308 -0.0832422   -0.16621 0.00618194 -0.0105451 -0.0239201   0.043583 -0.00739963   0.0134537 -0.00984746 -0.0163846 0.00441947 0.00340348 -0.0362859   0.020211 -0.0189239 0.0693519 -0.304193  -9.80404 
              46.101 -0.460589 -0.462698 -0.105801 -0.00244354  0.00321218   0.0681658 -0.0834488  -0.166166 0.00627307 -0.0105472 -0.0239206  0.0435807 -0.00918187   0.0105991  -0.0068814 -0.0163398 0.00439771 0.00335859 -0.0362592  0.0203615 -0.0189955 0.0693389 -0.304225  -9.80404 
             46.2009 -0.337422 -0.482234 -0.161066 -0.00438485  0.00464338   0.0630437 -0.0834434  -0.166127 0.00627911 -0.0105468 -0.0239245  0.0435798  -0.012645  0.0109204 -0.0156841 -0.0164153 0.00440935 0.00339308 -0.0361911  0.0203181 -0.0186502 0.0693306 -0.304214  -9.80404 
             46.3009 -0.444404 -0.354831 -0.135398 -0.00750719  0.00269453   0.0647742 -0.0836735  -0.165959 0.00641827 -0.0105505 -0.0239268   0.043576  -0.0145974  0.00576415 -0.00886674 -0.0163506 0.00433302 0.00337746 -0.0361068  0.0205031 -0.0189144 0.0693074 -0.304252  -9.80404 
              46.401 -0.288903 -0.526596 -0.243106 -0.00497021  0.00310128   0.0662569 -0.0836703  -0.166247 0.00632629 -0.0105474 -0.0239196  0.0435718 -0.00849938  0.00340132 -0.00428254 -0.0164409 0.00443438 0.00344347 -0.0363372  0.0205199  -0.019099 0.0693595 -0.304256  -9.80403 
             46.5009 -0.426847 -0.518772 -0.277519 -0.00644645  0.00124276   0.0718695  -0.083832  -0.166157 0.00640122  -0.010541 -0.0239246  0.0435693 -0.0116504 0.00275302 0.00863777  -0.016358 0.00442931 0.00346611 -0.0363329  0.0206726 -0.0195596 0.0693639 -0.304289  -9.80403 
             46.6008 -0.381289 -0.526047 -0.189352 -0.00549944  0.00108814    0.069578 -0.0838866  -0.166351 0.00637149 -0.0105434 -0.0239256  0.0435683  -0.0088746 0.000488907    0.002921 -0.0163888 0.00443428  0.0034123 -0.0364391  0.0206877 -0.0193166  0.069384 -0.304291  -9.80403 
             46.7008 -0.452532 -0.516769 -0.268541 -0.000767071   -0.0053235    0.0715735 -0.0843829  -0.166789 0.00644761 -0.0105395 -0.0239239  0.0435616 0.00500851 -0.0130589 0.00628862 -0.0163472 0.00442595 0.00345779 -0.0367612   0.021083 -0.0194475 0.0694461 -0.304387  -9.80403 
             46.8009 -0.367845 -0.499562 -0.202721  -0.0034682 -0.00192511   0.0685449 -0.0840601  -0.166567 0.00636461  -0.010535 -0.0239231   0.043557  -0.00456357 -0.000974476  -0.00308494 -0.0163937 0.00441734 0.00341951  -0.03657 0.0207991 -0.019173 0.0694132 -0.304315  -9.80403 
             46.9008 -0.416378 -0.521739 -0.151012 -0.00278736 -0.00286043   0.0700164 -0.0841199  -0.166641 0.00637549 -0.0105361 -0.0239246  0.0435567  -0.00189058  -0.00230594 -0.000310188 -0.0163659 0.00442901 0.00338866 -0.0366432  0.0208574 -0.0193065 0.0694268 -0.304331  -9.80403 
             47.0009 -0.396181 -0.405372   -0.2428 -0.00285622 -0.00454855   0.0654856 -0.0842575   -0.16673 0.00640804 -0.0105299 -0.0239248  0.0435574 -0.00124546 -0.00409037 -0.00978437 -0.0163803 0.00435901 0.00344303 -0.0366395  0.0209386 -0.0189482 0.0694202 -0.304349  -9.80403 
             47.1009 -0.419882  -0.49359 -0.191555 0.000179873 -0.00100619   0.0650416 -0.0839614  -0.166913 0.00623406 -0.0105288 -0.0239255  0.0435573  0.00410762  0.00698575 -0.00823977 -0.0163676 0.00441115 0.00341378 -0.0368016  0.0207159 -0.0189951  0.069467 -0.304308  -9.80403 
             47.2017 -0.405483 -0.397632 -0.227641 -0.00284379 -0.00327007   0.0619308 -0.0842026  -0.166733 0.00637674 -0.0105267 -0.0239262  0.0435554 -0.00243071 0.000339153  -0.0137293 -0.0163772 0.00435184 0.00343488 -0.0366167  0.0208806 -0.0188175 0.0694168 -0.304335  -9.80403 
             47.3008 -0.356068  -0.54721 -0.251634 -0.00467867 -0.00291606   0.0671829 -0.0841482  -0.166562 0.00637572 -0.0105189 -0.0239229  0.0435567  -0.00851415   0.00171307 -0.000107887 -0.0164043 0.00444069 0.00344946 -0.0365618  0.0208747 -0.0193385 0.0694113 -0.304329  -9.80403 
             47.4009 -0.415539 -0.476418 -0.254976 -0.00403465 -0.00554062   0.0721031 -0.0843365  -0.166626 0.00644093 -0.0105186 -0.0239242  0.0435552 -0.00575894 -0.00428381   0.0109003 -0.0163697 0.00439735 0.00345036 -0.0366663  0.0210586 -0.0197154 0.0694314 -0.304373  -9.80403 
              47.501 -0.387346 -0.491641 -0.200086  -0.00552312 -0.000445461    0.0711102 -0.0839567  -0.166539 0.00629814 -0.0105151 -0.0239234  0.0435549 -0.00897867   0.0110555  0.00700625 -0.0163898 0.00440738 0.00341913 -0.0365926  0.0207364 -0.0195539 0.0694313 -0.304299  -9.80403 
             47.6009 -0.441572 -0.462215 -0.219388  -0.0040654 -0.00562629   0.0708592 -0.0844178  -0.166789 0.00643543 -0.0105156 -0.0239232  0.0435515 -0.00333853 -0.00253451  0.00564909 -0.0163557 0.00439067 0.00343246 -0.0367434  0.0211071  -0.019476 0.0694391 -0.304388  -9.80403 
             47.7008  -0.31222 -0.549173   -0.2216  -0.00462308 -0.000139842    0.0670962 -0.0840337  -0.166771 0.00627063 -0.0105184 -0.0239273  0.0435449 -0.00640238  0.00958285 -0.00483667 -0.0164329 0.00444113  0.0034351 -0.0367048  0.0207578 -0.0191471 0.0694471 -0.304311  -9.80403 
             47.8008 -0.416635 -0.485742 -0.223477 -0.00541893 -0.00255663    0.069034 -0.0842957  -0.166767 0.00639006 -0.0105189 -0.0239284  0.0435428  -0.00697219   0.00435303 -0.000824411 -0.0163681 0.00440171 0.00343922 -0.0367157  0.0209689 -0.0193334 0.0694393 -0.304355  -9.80403 
             47.9008 -0.365482 -0.542992 -0.276521 -0.00759196 -0.00390756   0.0730285 -0.0844044  -0.166646 0.00646264 -0.0105166 -0.0239283  0.0435435 -0.0128243 0.00154033 0.00884104 -0.0163988 0.00443727 0.00347041 -0.0366655  0.0210756 -0.0196396 0.0694255 -0.304375  -9.80403 
             48.0008 -0.468485 -0.516245 -0.206785 -0.00791808 -0.00367745   0.0749694 -0.0843986  -0.166698 0.00644993 -0.0105169 -0.0239295  0.0435433 -0.0124954 0.00408918  0.0122187 -0.0163395 0.00441947 0.00343019 -0.0367196  0.0210821 -0.0197216 0.069437 -0.30438 -9.80403 
             48.1009 -0.354035  -0.57542 -0.311079 -0.00769828 -0.00219673   0.0760298 -0.0843026  -0.166791 0.00638811 -0.0105179 -0.0239285  0.0435419  -0.011858 0.00579075  0.0121035  -0.016404 0.00445189 0.00349125 -0.0367989  0.0210137 -0.0197171 0.0694581 -0.304371  -9.80403 
             48.2009 -0.461125 -0.547023 -0.172209  -0.0026427 -0.00709646   0.0754936  -0.084697  -0.167292 0.00645184  -0.010526 -0.0239341  0.0435379  0.00134395 -0.00606199  0.00668257 -0.0163373 0.00443367 0.00340984 -0.0371491  0.0213412 -0.0195819 0.0695093 -0.304462  -9.80403 
             48.3009 -0.375139 -0.545715 -0.226604 -0.00222062 -0.00192872   0.0728754 -0.0842891  -0.167259 0.00628834 -0.0105257 -0.0239357  0.0435334 0.000327235  0.00804248 -0.00120907  -0.016388  0.0044329 0.00344111 -0.0371292  0.0210008 -0.0193308 0.0695344 -0.304391  -9.80403 
             48.4008 -0.450041  -0.57421 -0.181253 -0.000204848   -0.0028286    0.0731188 -0.0844157  -0.167428 0.00629822 -0.0105267 -0.0239366  0.0435322   0.0022162  0.00644197 0.000678223 -0.0163456  0.0044499 0.00341568 -0.0372516  0.0211097 -0.0193478 0.0695514 -0.304421  -9.80403 
             48.5009 -0.404657 -0.488949 -0.238997 -0.00105156 -0.00225238    0.068217 -0.0844579  -0.167376 0.00631348 -0.0105227 -0.0239383  0.0435312 -0.000352373   0.00749982  -0.00897119 -0.0163722 0.00439891 0.00344868 -0.0371687  0.0210994 -0.0189707 0.0695452 -0.304416  -9.80403 
             48.6009 -0.411885 -0.543619 -0.162713 -0.000806084  -0.00181509    0.0690577 -0.0844683  -0.167399 0.00631518 -0.0105228 -0.0239382  0.0435312 -0.00184154   0.0079165 -0.00516921 -0.0163661 0.00443002 0.00340365 -0.0371986  0.0211237 -0.0191138 0.0695456 -0.304421  -9.80403 
             48.7009 -0.411614 -0.425331 -0.147419 0.000169121 -0.00132181   0.0672098 -0.0844969  -0.167476 0.00630247 -0.0105217 -0.0239386  0.0435322 0.00221136  0.0075259 -0.0104573  -0.016365 0.00435864 0.00339488 -0.0372463  0.0211425 -0.0190203 0.0695569 -0.304428  -9.80403 
             48.8009 -0.385228  -0.46399 -0.109279   0.00160325 -0.000606274    0.0664084  -0.084502  -0.167564 0.00628144 -0.0105218 -0.0239391  0.0435324 0.00453637 0.00794613 -0.0101656 -0.0163839  0.0043822 0.00337238 -0.0373156  0.0211496 -0.0190316 0.0695705 -0.304432  -9.80403 
             48.9009 -0.412991 -0.406226 -0.230648 -0.00641938 -0.00350473   0.0665941 -0.0847866  -0.167007 0.00653372 -0.0105185 -0.0239473  0.0435287  -0.0137469  0.00253788 -0.00646684 -0.0163684 0.00434816 0.00344418 -0.0368777  0.0213583 -0.0191213 0.0694751 -0.304461  -9.80403 
             49.0008 -0.339686 -0.492173 -0.204251 -0.00295809 -0.00370866   0.0671238 -0.0848071  -0.167316 0.00644951 -0.0105173 -0.0239448  0.0435253  -0.0042218 0.000231151 -0.00323761  -0.016412 0.00439949 0.00342874 -0.0371502  0.0213901 -0.0192201 0.0695317  -0.30447  -9.80403 
             49.1009 -0.456328 -0.536528 -0.307929 -0.00616379 -0.00776933   0.0750053  -0.085071  -0.167069 0.00661013 -0.0105034 -0.0239539  0.0435224  -0.0126829 -0.00706481   0.0138252 -0.0163395 0.00442377 0.00349109 -0.0370445   0.021653 -0.0198563 0.0695161 -0.304519  -9.80403 
             49.2009 -0.370565 -0.523923 -0.203413 -0.00851927 -0.00506321   0.0716198  -0.084873  -0.167049 0.00652817  -0.010503 -0.0239543  0.0435215  -0.0161605 0.000686941  0.00176203 -0.0163924 0.00441627 0.00342966 -0.0369655  0.0214412 -0.0194947 0.0694973 -0.304474  -9.80403 
              49.301 -0.478763 -0.504336 -0.221768 -0.00739963 -0.00331602   0.0728656 -0.0847679  -0.167203  0.0064387 -0.0105026 -0.0239555  0.0435224   -0.01142 0.00819468 0.00458638 -0.0163294 0.00440474 0.00344067  -0.037112  0.0213673 -0.0195668 0.0695307 -0.304464  -9.80403 
             49.4007 -0.381524 -0.420363 -0.314764 -0.00831587 -0.00414833   0.0685853 -0.0849042  -0.167297 0.00647035 -0.0104973 -0.0239574  0.0435241 -0.00996846  0.00459578 -0.00429599 -0.0163883  0.0043546 0.00349659 -0.0371095   0.021447 -0.0192026 0.0695209 -0.304481  -9.80403 
             49.5008 -0.448307 -0.605296 -0.223616 -0.00130015 -0.00273834   0.0728458 -0.0847969  -0.167768 0.00627206 -0.0104919 -0.0239636   0.043514  0.0037209 0.00812363 0.00669304 -0.0163488 0.00446263 0.00344336 -0.0375627  0.0214153 -0.0195645 0.0696165 -0.304495  -9.80403 
             49.6008 -0.485347 -0.488231  -0.17345 -0.00481402 0.000265135   0.0759191 -0.0846705  -0.167452 0.00629837 -0.0104908 -0.0239621  0.0435133 -0.0053618  0.0158686  0.0108617 -0.0163229 0.00439043 0.00341436 -0.0373472  0.0213014 -0.0197601 0.0695847 -0.304457  -9.80403 
             49.7008 -0.389226 -0.559414 -0.229952 -0.00376823  0.00149845    0.075713 -0.0846911  -0.167589 0.00627481 -0.0104911  -0.023963  0.0435134 -0.0038229  0.0147218 0.00648531 -0.0163799 0.00443126 0.00344878 -0.0374384  0.0213183 -0.0196616 0.0696004 -0.304468  -9.80403 
             49.8008 -0.481821 -0.598298 -0.247171 -0.00391907  -0.0023249   0.0792262 -0.0850671   -0.16767   0.006423 -0.0104887 -0.0239637  0.0435101 -0.0055631 0.00591978  0.0144432 -0.0163263 0.00445336 0.00345899 -0.0374932  0.0216419 -0.0198601 0.0695888  -0.30453  -9.80402 
             49.9008 -0.391637 -0.521598 -0.199945 -0.00437719 -0.00212644   0.0770386 -0.0851071   -0.16771 0.00642616 -0.0104867  -0.023966  0.0435104 -0.00642658  0.00540759   0.0085758 -0.0163824 0.00440866 0.00343162  -0.037485  0.0216481 -0.0195835 0.0695893 -0.304536  -9.80402 
             50.0008 -0.434157 -0.586985 -0.207544  -0.00616808 -1.46938e-05     0.078019  -0.085005  -0.167622 0.00640355 -0.0104866  -0.023966  0.0435108 -0.0114907  0.0103965  0.0078967 -0.0163547 0.00444528 0.00343654 -0.0374269  0.0215638 -0.0196034 0.0695832 -0.304516  -9.80403 
                50.1 -0.384165  -0.55924 -0.264679 -0.00319041 -0.00126959   0.0760379 -0.0851596  -0.167962 0.00638966 -0.0104837 -0.0239647  0.0435134 -0.00315705  0.00418229 0.000582014 -0.0163809 0.00442977 0.00346956  -0.037647  0.0216938 -0.0193929 0.0696219 -0.304558  -9.80402 
             50.2003 -0.436913  -0.51993 -0.248824  -0.00118062 -0.000755814    0.0729446 -0.0851603  -0.168142 0.00634357 -0.0104818 -0.0239634  0.0435143  0.00134247  0.00653414 -0.00598298 -0.0163514 0.00440745 0.00345939 -0.0377579  0.0216924 -0.0191465 0.0696503  -0.30457  -9.80402 
                50.3 -0.429737 -0.482782 -0.188782 -0.00216527 -0.00392889   0.0688131 -0.0854659   -0.16812 0.00647087  -0.010482 -0.0239627  0.0435132  -0.00100726 -0.000766342   -0.0130343 -0.0163595 0.00438777 0.00342526 -0.0376978  0.0219048  -0.018871  0.069636 -0.304611  -9.80402 
             50.4009 -0.395876 -0.463517 -0.149029 -0.00341793 -0.00292434   0.0664685 -0.0853951  -0.168035 0.00646083 -0.0104806 -0.0239622  0.0435122 -0.00432951  0.00268573  -0.0145873 -0.0163788 0.00437663 0.00340266 -0.0376264  0.0218365 -0.0187959  0.069629 -0.304595  -9.80402 
             50.5008 -0.435303 -0.398409 -0.189832 -0.0053927  -0.003697  0.0654999 -0.0854784   -0.16793 0.00652133  -0.010481 -0.0239623  0.0435109 -0.00659911  0.00138074  -0.0138877 -0.0163535 0.00433591 0.00342777 -0.0375452  0.0219004  -0.018842 0.0696097 -0.304602  -9.80402 
             50.6008 -0.340763 -0.567232 -0.256942 -0.00363027 -0.00188444   0.0657294 -0.0853434  -0.168078 0.00642334 -0.0104802 -0.0239591  0.0435062 -0.00420548  0.00470279  -0.0117425 -0.0164092 0.00443276 0.00346775 -0.0376901  0.0218059 -0.0189698 0.0696397 -0.304589  -9.80402 
             50.7007 -0.440852 -0.457615  -0.21566 -0.00480608 -0.00173746   0.0689891 -0.0853632  -0.167981 0.00645986 -0.0104808 -0.0239617  0.0435057 -0.00611628  0.00574118  -0.0021098 -0.0163527 0.00436905 0.00344318 -0.0376613  0.0218463 -0.0193008 0.0696338 -0.304592  -9.80402 
             50.8008 -0.355679 -0.515176 -0.144014 -0.00119904  0.00243941   0.0685114 -0.0851176  -0.168237 0.00627572 -0.0104786 -0.0239641   0.043502 0.00191975  0.0147504  -0.001284 -0.0164052 0.00440287 0.00340205 -0.0378796  0.0216383 -0.0192802 0.0696821 -0.304561  -9.80402 
             50.9008  -0.45515 -0.440185 -0.204223  -0.00199784 -0.000496868    0.0674855 -0.0854265   -0.16822 0.00641593 -0.0104763 -0.0239634  0.0434979 -7.89641e-05   0.00569861   -0.0034821 -0.0163438 0.00435918 0.00343571 -0.0378373  0.0218951 -0.0192126 0.0696642 -0.304607  -9.80402 
             51.0008 -0.318615 -0.479591 -0.268929 -0.000684756 -0.000602533    0.0642717 -0.0854889  -0.168346 0.00640389 -0.0104761 -0.0239647  0.0434985 0.00312804 0.00262387 -0.0114242 -0.0164218 0.00437998 0.00347358 -0.0379033  0.0219221 -0.0190018 0.0696725 -0.304613  -9.80402 
             51.1016 -0.461944 -0.526718 -0.232027 -0.00128024 -0.00525881   0.0728637 -0.0857404  -0.168216 0.00655917 -0.0104707 -0.0239739  0.0434928 -0.000634144  -0.00557395   0.00944901 -0.0163379 0.00440858 0.00345329 -0.0379045  0.0222393 -0.0197229 0.0696759 -0.304676  -9.80402 
             51.2008 -0.389292 -0.526033 -0.188279 -0.00268095 -0.00164105   0.0764844 -0.0854499  -0.168072 0.00645726 -0.0104672 -0.0239724  0.0434916 -0.00605791  0.00565174   0.0162347 -0.0163812 0.00440834 0.00342786   -0.03783  0.0220009 -0.0199199 0.0696751  -0.30463  -9.80402 
             51.3008 -0.372604 -0.624061 -0.222052 -0.000917364 -0.000601254      0.07881 -0.0854069  -0.168216 0.00638694 -0.0104666 -0.0239721  0.0434891  -0.004478 0.00726946  0.0187745 -0.0163924 0.00446565 0.00344815 -0.0379713  0.0219776 -0.0199722 0.0697034 -0.304632  -9.80402 
             51.4009 -0.455643 -0.500746 -0.172981 -0.000435273  -0.00194497    0.0800104 -0.0855514  -0.168293  0.0064382 -0.0104674 -0.0239723  0.0434883 -0.00239189  0.00350298   0.0168829 -0.0163416 0.00439129 0.00342056 -0.0380241   0.022106 -0.0199278 0.0697073 -0.304657  -9.80402 
             51.5009 -0.377745 -0.588854  -0.17074 -0.00355504  0.00172955   0.0777324 -0.0853803  -0.168136 0.00640009 -0.0104676 -0.0239732  0.0434869 -0.0115489  0.0118827 0.00701371 -0.0163839 0.00444149 0.00341863 -0.0378519     0.0219  -0.019631  0.069686 -0.304611  -9.80402 
             51.6007 -0.483134  -0.49814 -0.121196 -0.00637413 0.000295523   0.0752365 -0.0855999  -0.168075 0.00650959 -0.0104664 -0.0239692  0.0434827   -0.0151984   0.00822129 -0.000644078  -0.016323  0.0043888 0.00338936 -0.0377573  0.0220607 -0.0193784  0.069667 -0.304636  -9.80402 
             51.7008 -0.358051 -0.507575 -0.154279 -0.0104799 0.00553725  0.0714638 -0.0853379  -0.167914 0.00644493 -0.0104671 -0.0239734  0.0434758  -0.0226157   0.0195635 -0.00805175 -0.0163978 0.00439377  0.0034075 -0.0375909  0.0217842 -0.0190956 0.0696494 -0.304582  -9.80402 
             51.8012 -0.461117 -0.515398 -0.217648 -0.0112621 0.00197172  0.0748873 -0.0856947  -0.168016 0.00655163  -0.010461 -0.0239729  0.0434724  -0.0201395  0.00855618 0.000946098 -0.0163369 0.00439716 0.00344364 -0.0377092  0.0221268 -0.0194158 0.0696597 -0.304643  -9.80402 
             51.9009 -0.385628 -0.530417   -0.2595 -0.00943112  0.00203091   0.0742089 -0.0857482  -0.168261 0.00649497 -0.0104599 -0.0239698  0.0434726   -0.012612  0.00581442 -0.00171461   -0.01638 0.00440424 0.00346925 -0.0379185  0.0221769 -0.0193629 0.0696988 -0.304654  -9.80402 
             52.0007 -0.494103 -0.519555 -0.162605 -0.00909662  1.7918e-07   0.0785435 -0.085916 -0.168338 0.0065463 -0.0104622 -0.0239741  0.0434696 -0.0104206 0.00269611 0.00745456  -0.016317 0.00439763 0.00341126 -0.0380349  0.0223617 -0.0196925 0.0697124 -0.304685  -9.80402 
             52.1009 -0.355107  -0.57668 -0.274764 -0.00586955 -0.00215525   0.0719931 -0.0860929  -0.168662 0.00653102 -0.0104638 -0.0239776  0.0434707 -0.00277774 -0.00421168 -0.00747588 -0.0163994 0.00443022 0.00347829 -0.0382511  0.0224865 -0.0191431 0.0697578 -0.304718  -9.80402 
             52.2009 -0.447581 -0.541666 -0.177249 -0.00488293 -0.00236015   0.0723387  -0.086084  -0.168728 0.00650648  -0.010464 -0.0239787  0.0434706 -0.00187264 -0.00128096 -0.00430842 -0.0163467 0.00440927 0.00342177 -0.0383244  0.0224884 -0.0192254 0.0697697 -0.304719  -9.80402 
             52.3007 -0.380358 -0.514299 -0.208609  0.00156194 0.000150061   0.0687477 -0.0859241  -0.169111 0.00630952 -0.0104628 -0.0239805  0.0434715  0.0119252 0.00371751 -0.0113586 -0.0163855 0.00439247 0.00343989 -0.0386544   0.022335 -0.0190011 0.0698378 -0.304704  -9.80402 
             52.4007 -0.477512 -0.479558 -0.281013 -0.000895476  -0.00551662    0.0723133 -0.0863094  -0.168931 0.00653187 -0.0104611 -0.0239852  0.0434652  0.00421614 -0.00779117 -0.00254396 -0.0163257 0.00437044 0.00348262  -0.038501  0.0227024 -0.0193468 0.0697894  -0.30476  -9.80402 
             52.5008 -0.400229 -0.497509 -0.310959 -0.00410205 -0.00480383   0.0693597 -0.0862507  -0.168717 0.00656791 -0.0104621 -0.0239881  0.0434642 -0.00443226 -0.00348123 -0.00920424 -0.0163705 0.00438183 0.00350065 -0.0382913  0.0226037 -0.0191399 0.0697608 -0.304735  -9.80402 
             52.6008 -0.441986 -0.533649 -0.245044 -0.000611597  -0.00704775    0.0700318 -0.0863489  -0.168969 0.00654008 -0.0104633 -0.0239902   0.043462  0.00253682 -0.00629925 -0.00491617 -0.0163483 0.00440382 0.00346257 -0.0385272  0.0227311 -0.0192542 0.0697931 -0.304769  -9.80402 
             52.7008 -0.430042 -0.411278 -0.271055 -0.00446646 -0.00757006   0.0669905 -0.0863942  -0.168747 0.00662049 -0.0104609 -0.0239895  0.0434585 -0.00508675 -0.00422544 -0.00999229 -0.0163534 0.00433201 0.00347536 -0.0382876  0.0227159 -0.0190632 0.0697535 -0.304753  -9.80402 
             52.8008 -0.393949 -0.463901 -0.193816 -0.00229218 -0.00476968   0.0669887 -0.0861776  -0.168847 0.00647228 -0.0104575 -0.0239908  0.0434571 -0.000190329   0.00263682  -0.00967767 -0.0163723 0.00436321 0.00343007 -0.0384213  0.0225305 -0.0191499 0.0697914 -0.304728  -9.80402 
             52.9008 -0.388736 -0.428544 -0.272405 -0.00212897 -0.00681451   0.0664947 -0.0863173  -0.168887 0.00653499 -0.0104564 -0.0239904  0.0434577  0.00102601 -0.00243557 -0.00990661 -0.0163729 0.00434107 0.00347695 -0.0384429  0.0226732 -0.0191848 0.0697837 -0.304754  -9.80402 
             53.0008 -0.370815 -0.490637 -0.178366  0.00116037 0.000477262   0.0671929 -0.0858523  -0.168944  0.0062436 -0.0104494 -0.0239915   0.043455  0.00575459   0.0159691 -0.00622672 -0.0163866 0.00437798 0.00342196 -0.0385838  0.0222343 -0.0193165 0.0698451 -0.304687  -9.80402 
             53.1008 -0.423391 -0.450073 -0.273097  -0.00532743 -0.000571095    0.0698873  -0.086036  -0.168556 0.00647881  -0.010448 -0.0239965  0.0434546 -0.00984975   0.0123787  0.00217437 -0.0163528 0.00435317 0.00347786 -0.0382226  0.0223984 -0.0195661 0.0697757 -0.304688  -9.80402 
             53.2007 -0.346419 -0.480314 -0.186998 -0.00291191  0.00400085   0.0667368 -0.0858776  -0.168747 0.00630241 -0.0104475 -0.0239991  0.0434522 -0.00302413   0.0190065 -0.00548709 -0.0163962 0.00437037 0.00342854  -0.038385  0.0221896 -0.0193237 0.0698107 -0.304661  -9.80402 
             53.3008 -0.454741 -0.518926 -0.198456 -0.00154047  0.00191392   0.0714199  -0.086038  -0.168796 0.00637344 -0.0104443 -0.0240034  0.0434462 -0.000281932    0.0112114   0.00464181 -0.0163321 0.00439253  0.0034358 -0.0385135  0.0224496 -0.0197138 0.0698316 -0.304717  -9.80402 
             53.4009 -0.309395 -0.527902 -0.255825 -0.000942785  0.000579874    0.0676596 -0.0862207  -0.168936 0.00642738 -0.0104441 -0.0240068   0.043449 0.000644982  0.00362464 -0.00563666 -0.0164169 0.00439963 0.00346769 -0.0385527  0.0225784 -0.0193916 0.0698209 -0.304738  -9.80402 
             53.5008 -0.457936 -0.542722 -0.182315 -0.00122897 0.000297612   0.0736497 -0.0862028  -0.168834 0.00646367 -0.0104432 -0.0240131  0.0434479 -0.00254111  0.00588679  0.00991981 -0.0163328 0.00440824 0.00342581 -0.0385622   0.022646 -0.0198712 0.0698322 -0.304755  -9.80402 
             53.6007 -0.375861 -0.538424 -0.219273  -0.00211949 -0.000681408    0.0746951 -0.0862869  -0.168817 0.00651941  -0.010443 -0.0240132  0.0434484 -0.00539943  0.00291088   0.0112258 -0.0163802 0.00440509 0.00344873 -0.0385376  0.0227309 -0.0198757  0.069824 -0.304768  -9.80402 
             53.7014 -0.483921 -0.471185 -0.222117 -0.000129835  -0.00507189    0.0732061  -0.086582   -0.16903 0.00660156 -0.0104401 -0.0240104  0.0434458  0.00115809 -0.00653287  0.00581083 -0.0163158 0.00436475 0.00345036 -0.0386796  0.0230104 -0.0196848 0.0698353  -0.30482  -9.80401 
             53.8007 -0.392676 -0.475177 -0.208979 -0.00443233 -0.00375222   0.0683032 -0.0865354  -0.168828 0.00663478 -0.0104376 -0.0240125  0.0434421 -0.00865899 -0.00217406 -0.00793965 -0.0163672 0.00436647 0.00344162 -0.038413 0.0228772 -0.019287  0.069794 -0.304783  -9.80402 
             53.9008 -0.374559 -0.454507 -0.203117 -0.0060649 -0.0018725  0.0640869 -0.0864447  -0.168807 0.00658887 -0.0104359 -0.0240142  0.0434403  -0.010317 0.00381675 -0.0160342   -0.01638 0.00435417 0.00343825 -0.0383509  0.0227519 -0.0190284  0.069788 -0.304759  -9.80402 
             54.0007 -0.416814 -0.441657   -0.2638  -0.00844251 -0.000526623    0.0675322 -0.0863624   -0.16866 0.00659422 -0.0104379 -0.0240157  0.0434404  -0.0142052  0.00859797 -0.00273041 -0.0163593 0.00434614 0.00347374 -0.0382941   0.022708 -0.0193994 0.0697826 -0.304749  -9.80402 
             54.1007 -0.375125 -0.478451 -0.138761 -0.000723345   0.00232722    0.0672195 -0.0862266  -0.169163 0.00636721 -0.010437 -0.024023 0.0434374  0.00490091   0.0122108 -0.00170547 -0.0163804 0.00436915 0.00340304 -0.0387742  0.0225998 -0.0194057 0.0698657 -0.304749  -9.80402 
             54.2008 -0.413223  -0.48641 -0.140673 0.000910886  0.00283577   0.0723119 -0.0862375  -0.169161 0.00636709 -0.0104356 -0.0240247  0.0434366 0.00660774  0.0114877 0.00899923 -0.0163543 0.00437178 0.00340401 -0.0388537  0.0226591 -0.0198067 0.0698839 -0.304762  -9.80402 
             54.3009 -0.364037 -0.516413 -0.186375 0.00265984 0.00351914  0.0716128 -0.0862805  -0.169257 0.00635972 -0.0104361 -0.0240248  0.0434364 0.00843688 0.00969323 0.00375032 -0.0163791 0.00438683 0.00343071 -0.0389139  0.0226859 -0.0196871 0.0698902 -0.304767  -9.80402 
             54.4008 -0.494409 -0.605643  -0.15848  0.00267082 -0.00434478   0.0799631 -0.0868129  -0.169164 0.00662251 -0.0104268 -0.0240325  0.0434229   0.0037511 -0.00750581   0.0213693 -0.0163041  0.0044394 0.00341554 -0.0389345  0.0232313 -0.0202561 0.0698965 -0.304856  -9.80401 
             54.5008 -0.369703 -0.561323 -0.242317   0.00400176 -0.000862027    0.0753584   -0.08661  -0.169293 0.00648572 -0.0104321 -0.0240364  0.0434192 0.00433555 0.00243323 0.00795443 -0.0163774 0.00441404 0.00346485 -0.0389547  0.0229643   -0.01976 0.0698943  -0.30481  -9.80401 
             54.6007 -0.523089 -0.577732 -0.144595  0.00720767 -0.00243737   0.0782261 -0.0867267  -0.169432 0.00648937 -0.0104336   -0.02404  0.0434159 0.00814212 0.00110228  0.0132267 -0.0162883 0.00442404 0.00340943 -0.0391227  0.0230967 -0.0199176 0.0699219 -0.304833  -9.80401 
             54.7007 -0.454771 -0.510248 -0.285428  0.00414672 -0.00218406   0.0755047 -0.0867522  -0.169258 0.00656301 -0.0104314  -0.024044  0.0434129 -0.000727836   0.00236652   0.00322053 -0.0163247 0.00438195 0.00349055 -0.0388981  0.0230692 -0.0196297 0.0698874 -0.304827  -9.80401 
             54.8008 -0.383315 -0.543868   -0.1109 0.00379938  0.0028587  0.0690322 -0.0865328  -0.169283 0.00642555 -0.0104238  -0.024048  0.0434076 -0.00273726   0.0132584  -0.0134841  -0.016367 0.00440222 0.00338792 -0.0388455  0.0227688 -0.0191329 0.0698909 -0.304782  -9.80401 
             54.9007 -0.469255 -0.498285 -0.274005  0.000135534 -0.000848774    0.0723681 -0.0868327  -0.169105 0.00663013 -0.0104202 -0.0240521  0.0434045  -0.0108771   0.0045815 -0.00284575 -0.0163181 0.00437543 0.00348296 -0.0387013  0.0230793 -0.0194666 0.0698544 -0.304822  -9.80401 
             55.0008 -0.354838 -0.530435   -0.1893 -0.00117513 -0.00251174   0.0692341 -0.0869633  -0.169124 0.00668427 -0.0104213 -0.0240549  0.0434067   -0.0129412 -0.000600098  -0.00738261  -0.016386 0.00439391 0.00343278 -0.0386897  0.0231853 -0.0192511 0.0698553 -0.304843  -9.80401 
             55.1008 -0.487336 -0.536966 -0.188648 -0.00179316 -0.00102933   0.0746609 -0.0868585  -0.169127 0.00664168 -0.0104205 -0.0240602  0.0434083 -0.0138361 0.00550479 0.00621489 -0.0163053 0.00439564 0.00343389 -0.0387502  0.0231254 -0.0197166 0.0698567 -0.304826  -9.80401 
             55.2006  -0.36939 -0.528479 -0.221474   -0.005426 3.68839e-05   0.0728043 -0.0868443  -0.169011 0.00667764 -0.0104206  -0.024062  0.0434075  -0.0195085  0.00599346 -0.00067471 -0.0163723 0.00438917 0.00345401 -0.0386202  0.0230784 -0.0195363 0.0698414 -0.304818  -9.80401 
             55.3002  -0.461381  -0.551016 -0.0985044 -0.00409295  0.00170569   0.0798404 -0.0867535  -0.169178 0.00658417 -0.0104185 -0.0240691  0.0434072 -0.0147687   0.011388  0.0148897 -0.0163198 0.00440377 0.00338399 -0.0388291  0.0230553 -0.0200536 0.0698641 -0.304812  -9.80401 
             55.4005 -0.376038 -0.595108  -0.33966 -0.00393738 -0.00108804   0.0773654 -0.0870036  -0.169337 0.00662417 -0.0104114 -0.0240667  0.0434083 -0.0129242 0.00220089  0.0071169 -0.0163691 0.00443005 0.00352157 -0.0389253  0.0232766 -0.0197501 0.0698783 -0.304853  -9.80401 
             55.5008 -0.495194 -0.545518 -0.242109 -0.00607618 -0.00492783   0.0773468 -0.0872681  -0.169325 0.00674199 -0.0104116  -0.024066  0.0434038  -0.0157998 -0.00463304   0.0064048 -0.0162998 0.00440094 0.00346509 -0.0388918  0.0235241 -0.0196942 0.069868 -0.30489 -9.80401 
             55.6008 -0.369304  -0.54608 -0.235626  -0.00691296 -0.000262839    0.0739266  -0.086988  -0.169337 0.00659383 -0.0104096 -0.0240688  0.0433981  -0.0158661  0.00679777 -0.00314239 -0.0163708 0.00440113 0.00346147 -0.0388993  0.0231996 -0.0194046 0.0698888 -0.304843  -9.80401 
             55.7007  -0.440893  -0.526889 -0.0942333 -0.00404358  0.00606134   0.0732857 -0.0866538  -0.169548  0.0063501 -0.0104003 -0.0240739  0.0434006  -0.0071742   0.0215813 -0.00511736 -0.0163294 0.00438983 0.00337801 -0.0391212  0.0228803 -0.0193872 0.0699374 -0.304803  -9.80401 
             55.8009 -0.388188 -0.545038 -0.285962 -0.0021284 0.00249849  0.0727771 -0.0869737  -0.169771 0.00643351 -0.0103919 -0.0240696  0.0434029  -0.0019332  0.00795498 -0.00522091  -0.016358 0.00439867 0.00347738 -0.0392967  0.0232228 -0.0193753 0.0699481 -0.304864  -9.80401 
             55.9007 -0.403617 -0.563739 -0.113634 0.00368822 0.00461155  0.0748494 -0.0868768  -0.170088 0.00628811 -0.0103908 -0.0240749  0.0434017 0.00905081  0.0122782 0.00165915 -0.0163523 0.00440938 0.00337912 -0.0396361  0.0231638 -0.0195596 0.0699974 -0.304867  -9.80401 
             56.0007 -0.423783 -0.564267 -0.218055 0.00333395 0.00177047   0.075254 -0.0871115  -0.170057 0.00641131 -0.0103882 -0.0240749  0.0434005 0.00477054 0.00330784  0.0023484 -0.0163417 0.00440839 0.00343928 -0.0395903   0.023401 -0.0195801 0.0699816 -0.304901  -9.80401 
             56.1007 -0.423479 -0.581509 -0.140276 -0.000987769   0.00286253    0.0728312 -0.0870908  -0.169827 0.00647289 -0.0103881 -0.0240729  0.0434016 -0.00762746  0.00559083 -0.00485003 -0.0163424 0.00441939 0.00339395 -0.0393293   0.023346 -0.0193909 0.0699474 -0.304886  -9.80401 
             56.2008  -0.507186  -0.513914 -0.0958799   -0.0027301 -0.000436878     0.075116 -0.0873045  -0.169778 0.00660461 -0.0103918 -0.0240752  0.0433974   -0.0102066 -0.000594341  0.000578068 -0.0162908 0.00437918  0.0033686 -0.0393051  0.0235867 -0.0195866 0.0699339 -0.304921  -9.80401 
             56.3008 -0.356051 -0.530345  -0.17605 -0.00355966 0.000195813   0.0706691 -0.0873038  -0.169814 0.00658138 -0.0103915 -0.0240798  0.0433965  -0.0112002 0.000854643  -0.0088232 -0.0163784 0.00438955 0.00341265 -0.0392986  0.0235288 -0.0192525 0.0699433 -0.304913  -9.80401 
             56.4007 -0.496816 -0.397811 -0.250288 -0.00569189   -0.004595   0.0721422 -0.0875698  -0.169757  0.0067278  -0.010388 -0.0240818  0.0433919  -0.0116071 -0.00720112 -0.00260783 -0.0162947 0.00431303 0.00345526 -0.0392599  0.0238293 -0.0194213 0.0699342 -0.304956  -9.80401 
             56.5006 -0.344156 -0.585676  -0.23164 -0.00548656 -0.00206989   0.0723587 -0.0873891  -0.169832 0.00660982 -0.0103885 -0.0240805  0.0433863   -0.0125876 -0.000981973  -0.00138626 -0.0163817 0.00442054 0.00344554 -0.0393451  0.0236309 -0.0194657 0.0699453 -0.304925  -9.80401 
             56.6031 -0.483615 -0.513612 -0.219669 -0.00293003   -0.002994   0.0768791 -0.0874309   -0.16999 0.00656316 -0.0103887 -0.0240844  0.0433844  -0.00434191 -0.000494176   0.00703067 -0.0163003 0.00437781 0.00343741 -0.0395701  0.0237192 -0.0198132  0.069976 -0.304935  -9.80401 
             56.7007 -0.378914 -0.526749 -0.207682 -0.000356025  -0.00222363    0.0729722 -0.0874178  -0.170178 0.00648384 -0.0103894 -0.0240871  0.0433835  0.00146754 0.000500096 -0.00383123 -0.0163532 0.00438185 0.00343046 -0.0397169  0.0236609 -0.0194798 0.0700012 -0.304931  -9.80401 
             56.8009 -0.468412  -0.52113 -0.266715 -0.00583066 -0.00522326   0.0734869 -0.0875941  -0.169923 0.00667285 -0.0103883 -0.0240892  0.0433824  -0.0124192 -0.00325891 -0.00132982 -0.0163016 0.00437721 0.00346293 -0.0394326  0.0238406  -0.019534 0.0699532 -0.304951  -9.80401 
             56.9007 -0.414313 -0.481381 -0.180919 -0.00759541 -0.00131235   0.0678976 -0.0874224  -0.169917 0.00657054 -0.0103826  -0.024089  0.0433805 -0.0143359  0.0075476 -0.0124507 -0.0163369 0.00435619  0.0034131 -0.0393661  0.0235777 -0.0191547  0.069953 -0.304912  -9.80401 
             57.0007 -0.457185  -0.48915 -0.227885 -0.00685472 -0.00444428   0.0687272 -0.0876003  -0.170036 0.00662446 -0.0103825 -0.0240894  0.0433792 -0.00980323 -0.00045225 -0.00817486 -0.0163074 0.00436076 0.00344109 -0.0395078  0.0238162 -0.0193045 0.0699641 -0.304952  -9.80401 
             57.1008 -0.437592 -0.386341 -0.286978  -0.0082543 -0.00413945   0.0668057 -0.0876015  -0.170017 0.00662798 -0.0103818 -0.0240899  0.0433786  -0.009085 0.00217627 -0.0110382 -0.0163199 0.00430192 0.00347571  -0.039471  0.0237989 -0.0192219  0.069959 -0.304949  -9.80401 
             57.2007 -0.399149  -0.54552   -0.1752 -0.00572387 0.000531168   0.0694714 -0.0873456  -0.170136 0.00644385  -0.010373 -0.0240909  0.0433737 -0.00482334   0.0145056 -0.00102483 -0.0163487 0.00439685 0.00341244 -0.0396621  0.0235551 -0.0194903  0.070001 -0.304917  -9.80401 
             57.3007 -0.402289 -0.475571 -0.288576 -0.00757475 0.000575053   0.0670944 -0.0874393  -0.170105 0.00649431 -0.0103722 -0.0240919  0.0433739 -0.00746671   0.0121796 -0.00523168 -0.0163473  0.0043548 0.00347651 -0.0395846  0.0236318 -0.0193233 0.0699825 -0.304927  -9.80401 
             57.4007 -0.370307 -0.501415 -0.217862 -0.00781562  0.00326698   0.0691925 -0.0873415  -0.170089 0.00644959 -0.0103706  -0.024091  0.0433732  -0.0075616   0.0157507 0.000155797  -0.016365 0.00436862   0.003437 -0.0396152  0.0235491 -0.0195238 0.0699954 -0.304914  -9.80401 
             57.5007 -0.447565 -0.489544  -0.15029 -0.00799005  0.00118588    0.072319 -0.0875739  -0.170124 0.00654585 -0.0103745  -0.024094    0.04337 -0.00652748   0.0084508   0.0060396 -0.0163211 0.00436022 0.00339885 -0.0396732  0.0237817 -0.0197511 0.0699952 -0.304946  -9.80401 
             57.6008  -0.34856 -0.512311 -0.315892 -0.00777206  0.00097352   0.0691389 -0.0876328  -0.170241 0.00656123 -0.0103735 -0.0240946  0.0433706 -0.00481834  0.00513253 -0.00274925 -0.0163799  0.0043727 0.00349463 -0.0397201  0.0238357 -0.0194681 0.0699927 -0.304958  -9.80401 
             57.7007 -0.459787 -0.485632 -0.217765 -0.00628426 -0.00558316   0.0719621 -0.0880382  -0.170386 0.00672929 -0.0103769 -0.0240978  0.0433638 -0.000392228  -0.00898992   0.00493293 -0.0163178 0.00435848 0.00343787 -0.0398709   0.024272 -0.0196802 0.0699968 -0.305024  -9.80401 
             57.8006 -0.365491 -0.557571 -0.232576 -0.00142661 -0.00779598   0.0770794 -0.0880532  -0.170613 0.00667767 -0.0103748 -0.0240971  0.0433619 0.00800601 -0.0125426  0.0160287  -0.016372 0.00440016 0.00344603 -0.0401703  0.0243558  -0.020016 0.0700404 -0.305051  -9.80401 
             57.9007 -0.485816 -0.492455 -0.120144 -0.00377495 -0.00459467   0.0784215 -0.0878322  -0.170417 0.00660629 -0.0103695 -0.0240934  0.0433651 6.96063e-05 0.000638199   0.0150219 -0.0163026 0.00436171 0.00338299 -0.0399723  0.0241018 -0.0200096 0.0700248 -0.305006  -9.80401 
             58.0007 -0.366541 -0.566454 -0.220493 -0.000664495  -0.00116056     0.075721 -0.0876654  -0.170603 0.00646786 -0.0103733 -0.0240945  0.0433612 0.00511177 0.00730249  0.0048087 -0.0163696 0.00440319 0.00344098 -0.0401249  0.0238928 -0.0197112 0.0700531 -0.304983  -9.80401 
             58.1007 -0.466995 -0.587476 -0.154788 0.000298071 -0.00346595   0.0767436 -0.0878435   -0.17065 0.00654447  -0.010374 -0.0240948  0.0433586 0.00426876 0.00269314 0.00629854 -0.0163117 0.00441564 0.00340354 -0.0401737  0.0240909 -0.0197396 0.0700537 -0.305012  -9.80401 
             58.2007 -0.389425 -0.523442 -0.292317 -0.00260241  0.00159985   0.0726941 -0.0876323  -0.170484  0.0064898 -0.0103805 -0.0241016  0.0433528 -0.00415041   0.0154014 -0.00223654  -0.016355 0.00437801 0.00348237 -0.0399546   0.023781 -0.0194064 0.0700322 -0.304962  -9.80401 
             58.3008 -0.460848 -0.521022 -0.210683 0.000157145  0.00222585   0.0755714 -0.0876587  -0.170626 0.00645577 -0.0103822 -0.0241034  0.0433533 0.00182644  0.0146952 0.00469288  -0.016316 0.00437591  0.0034355 -0.0401495  0.0238566 -0.0196378 0.0700555 -0.304977  -9.80401 
             58.4006 -0.404478 -0.556038 -0.278394 -0.00290694 0.000788093   0.0720699 -0.0878543  -0.170516 0.00659532 -0.0103815 -0.0241058  0.0433548 -0.00668919  0.00738411 -0.00538814 -0.0163458 0.00439408 0.00347592 -0.0399695   0.024019 -0.0193505 0.0700299 -0.304995  -9.80401 
             58.5006 -0.430296 -0.604501 -0.191221 -0.000127787  -0.00274001    0.0734343 -0.0880841  -0.170727 0.00665391 -0.0103849 -0.0241085  0.0433526 -0.000836472  -0.00190373  -0.00251307 -0.0163302 0.00442109 0.00342559 -0.0401987  0.0242976   -0.01948 0.0700489  -0.30504  -9.80401 
             58.6007 -0.441663 -0.433283 -0.167016 -0.00284183  -0.0020954   0.0706108 -0.0880728  -0.170597 0.00667908 -0.0103805 -0.0241066  0.0433485 -0.00576971  0.00242861 -0.00746163 -0.0163256 0.00432407 0.00341031 -0.0400266  0.0242439 -0.0192849 0.0700315 -0.305027  -9.80401 
             58.7007 -0.404769 -0.507133 -0.169196 0.00042007 0.00117607  0.0676888 -0.0879213  -0.170785 0.00652382 -0.0103797 -0.0241081  0.0433477 0.00130867  0.0102353 -0.0109362 -0.0163479 0.00436634 0.00341158 -0.0402244   0.024061 -0.0191279 0.0700694 -0.305011  -9.80401 
             58.8007 -0.440314 -0.482022 -0.263749 0.000702644 -0.00226783   0.0707793 -0.0881295  -0.170795 0.00663487 -0.0103757 -0.0241078  0.0433465  0.00164597 0.000841298  -0.0013863 -0.0163262 0.00435046 0.00346742 -0.0402673  0.0243428 -0.0194395 0.0700611 -0.305048  -9.80401 
             58.9008 -0.347395  -0.54625 -0.208144  -0.00277603 -7.29089e-05     0.072023 -0.0880135  -0.170598 0.00663885 -0.0103744 -0.0241062  0.0433466 -0.00861238  0.00518785 0.000122188 -0.0163774 0.00438622 0.00343684  -0.040067  0.0242082 -0.0195484 0.0700361 -0.305023  -9.80401 
             59.0006 -0.468149 -0.542591 -0.216274 -0.00385102 -0.00365711   0.0767411 -0.0882225  -0.170578 0.00676393 -0.0103727 -0.0241096  0.0433419 -0.00995469 -0.00182188  0.00932386 -0.0163083  0.0043832 0.00343946 -0.0400927    0.02448 -0.0198803 0.0700303 -0.305057  -9.80401 
             59.1007 -0.381294 -0.535408 -0.277808  -0.00382444 -8.17297e-05    0.0728189 -0.0880566   -0.17065 0.00664465 -0.010376 -0.024111 0.0433399   -0.0091216   0.00734602 -0.000839012 -0.0163582 0.00437809 0.00347331 -0.0401219  0.0242403 -0.0195263 0.0700427 -0.305027  -9.80401 
             59.2006 -0.485138 -0.523185  -0.22646 -0.00385672 -0.00209886   0.0789018 -0.0881592  -0.170653 0.00671243 -0.0103773 -0.0241164  0.0433372 -0.00815125  0.00354541   0.0129852 -0.0163012 0.00437086 0.00344403 -0.0402081    0.02443 -0.0199762 0.0700466 -0.305055  -9.80401 
             59.3007 -0.393286 -0.497161 -0.296005 -0.00183417 -0.00252162   0.0746739 -0.0882192   -0.17085 0.00666951 -0.0103752 -0.0241175   0.043339  -0.00155681  0.000328632 -0.000410661 -0.0163514 0.00435289 0.00348461 -0.040349 0.0244616 -0.019588 0.0700654 -0.305066    -9.804 
             59.4006 -0.475633 -0.549758 -0.231885  0.0025123 -0.0043611  0.0757283  -0.088278  -0.171053 0.00663009 -0.0103767 -0.0241203  0.0433356  0.00743041   -0.002691 0.000491744 -0.0163015 0.00438266 0.00344921 -0.0406239  0.0245977 -0.0196636 0.0700973 -0.305099    -9.804 
             59.5008   -0.4033 -0.441737 -0.178521  0.00104633 -0.00205552   0.0716537 -0.0882236  -0.170981 0.00659863 -0.0103707 -0.0241195  0.0433313  0.00352774  0.00414345 -0.00852524 -0.0163459 0.00432024 0.00341759 -0.0404628  0.0244266 -0.0193608 0.0700847 -0.305067    -9.804 
             59.6007 -0.456322 -0.584181 -0.113277  0.00654625 -0.00356372   0.0763209 -0.0882523  -0.171164 0.00653134 -0.0103691 -0.0241264  0.0433251  0.0116165 0.00187213 0.00496578 -0.0163172 0.00440114 0.00338299 -0.0408007  0.0245715 -0.0197503 0.0701244 -0.305102    -9.804 
             59.7007 -0.504688  -0.57304 -0.274111 0.000334743 -0.00298681   0.0842063 -0.0882333   -0.17076 0.00668775  -0.010369 -0.0241388  0.0433286 -0.00776907  0.00662296   0.0219352 -0.0162891 0.00439363 0.00347494 -0.0404169   0.024563 -0.0202902  0.070072 -0.305076    -9.804 
             59.8006 -0.399914 -0.530286 -0.149177  0.000799212 -0.000365344    0.0777414 -0.0882146  -0.170895  0.0065946 -0.0103661 -0.0241454  0.0433271 -0.00512887  0.00993925  0.00220993  -0.016346 0.00436832 0.00340221  -0.040444  0.0244126 -0.0196797 0.0700819 -0.305064    -9.804 
             59.9008 -0.472271 -0.511652 -0.289297 -0.00579875 -0.00103762   0.0757582 -0.0883381  -0.170665 0.00676942  -0.010364 -0.0241511  0.0433246  -0.0187199  0.00826373 -0.00442391 -0.0163017 0.00435456 0.00348253 -0.0401001  0.0245085 -0.0195192 0.0700319 -0.305069    -9.804 
             60.0006 -0.369486 -0.533111 -0.241873  -0.00625632 -1.02995e-05    0.0729754 -0.0883398  -0.170755 0.00673201 -0.0103641 -0.0241529  0.0433246 -0.0165375 0.00871756  -0.009653 -0.0163607 0.00436835 0.00345541 -0.0401752   0.024489 -0.0193421 0.0700444 -0.305072    -9.804 
             60.1008 -0.492984 -0.542003 -0.226087 -0.00431314  0.00191073   0.0749087 -0.0882799  -0.170895 0.00663749 -0.0103639 -0.0241552  0.0433246  -0.0105598   0.0145836 -0.00180236 -0.0162931 0.00437458 0.00344658 -0.0403899  0.0244549 -0.0195459 0.0700725  -0.30507    -9.804 
             60.2005 -0.379562 -0.497714 -0.234204 -0.00542526 0.000108073     0.06998 -0.0884588  -0.170961 0.00671996 -0.0103625 -0.0241583  0.0433274  -0.010322  0.0058126 -0.0119619 -0.0163582 0.00434899  0.0034508 -0.0403805  0.0246302 -0.0192052 0.0700674 -0.305099    -9.804 
             60.3001 -0.387637 -0.544485 -0.108315 -0.00298517  0.00510934   0.0696548 -0.0882335  -0.171088 0.00653105 -0.0103563 -0.0241613  0.0433256 -0.00476482     0.01604  -0.0117886 -0.0163527 0.00437613 0.00337873 -0.0405664  0.0243716 -0.0192821 0.0701016 -0.305071    -9.804 
             60.4002 -0.410147 -0.491102 -0.233091 -0.0041979 0.00285658  0.0687764  -0.088427  -0.171089 0.00664515  -0.010353 -0.0241611  0.0433245 -0.0061153 0.00801035 -0.0118888  -0.016338 0.00434425 0.00344874 -0.0405428  0.0246144 -0.0192955 0.0700888 -0.305102    -9.804 
             60.5007  -0.36432 -0.453724 -0.237451 -0.00377009  0.00220165   0.0629257 -0.0885251  -0.171192 0.00665625 -0.0103496  -0.024162  0.0433256 -0.00317182  0.00462388  -0.0212203 -0.0163662 0.00432357 0.00345022 -0.0405903  0.0246935 -0.0189441 0.0700949 -0.305115    -9.804 
             60.6007 -0.434506 -0.438844 -0.175573 0.00243844 -0.0021466  0.0659872 -0.0887125  -0.171461 0.00665357 -0.010354 -0.024168 0.0433229   0.0120694 -0.00583258 -0.00852836  -0.016328 0.00431605 0.00341546 -0.0409993  0.0250167 -0.0193242 0.0701404 -0.305169    -9.804 
             60.7007 -0.347384  -0.49574 -0.222099  0.000458688 -0.000437135     0.065483 -0.0885987  -0.171299 0.00665395 -0.0103547 -0.0241686  0.0433231  0.00369235  -0.0012208 -0.00823552 -0.0163749 0.00434745 0.00344215 -0.0408134  0.0248609  -0.019361 0.0701203 -0.305144    -9.804 
             60.8007 -0.450146 -0.447684 -0.267789 -0.00254491 -0.00261022   0.0704948 -0.0886668  -0.171083 0.00677453  -0.010354 -0.0241749   0.043321 -0.00347935  -0.0039516  0.00300718 -0.0163132 0.00431854 0.00346762 -0.0406433  0.0249997 -0.0197887 0.0701015 -0.305161    -9.804 
             60.9006 -0.368781 -0.505438 -0.189045 -0.000672461 -8.29392e-05    0.0677687 -0.0885643  -0.171211 0.00665866 -0.0103541 -0.0241768  0.0433188 0.000716595   0.0027553 -0.00379133 -0.0163609 0.00435255 0.00342109  -0.040756  0.0248189 -0.0195643 0.0701162 -0.305137    -9.804 
             61.0007 -0.486146 -0.437135 -0.241037 -0.000801393  -0.00389004    0.0681234 -0.0887654  -0.171223 0.00677575 -0.0103532 -0.0241771  0.0433144   0.0011087 -0.00371113 -0.00126587  -0.016297 0.00431381 0.00345129 -0.040759  0.025081 -0.019606 0.0701088 -0.305171    -9.804 
             61.1007 -0.334272  -0.47045 -0.154785 -0.00283462 0.000411452   0.0645732 -0.0885902  -0.171156 0.00668737  -0.010349 -0.0241779  0.0433079 -0.00481424   0.0062582 -0.00760404  -0.016384 0.00433271 0.00340296 -0.0406138  0.0247729 -0.0193613 0.0700925 -0.305123    -9.804 
             61.2008 -0.515583 -0.481782 -0.305024 -0.00644649 -0.00641197   0.0767335 -0.0888676  -0.170858 0.00695346 -0.0103373 -0.0241942   0.043299  -0.0120803 -0.00867255   0.0188507 -0.0162789 0.00433658 0.00349013 -0.0404975  0.0252541 -0.0202997 0.0700945 -0.305187    -9.804 
             61.3007 -0.392669 -0.545854 -0.259171  -0.0074604 -0.00362821   0.0764095 -0.0887179  -0.170877 0.00685513 -0.0103389 -0.0241952  0.0432959   -0.0134864 -4.50259e-05    0.0138503 -0.0163482 0.00437322 0.00346408 -0.0404967  0.0250252 -0.0201392 0.0700968 -0.305156    -9.804 
             61.4007 -0.441835 -0.565654 -0.309478 -0.00561184 -0.00553616   0.0786144 -0.0887896   -0.17104 0.00682868 -0.0103373 -0.0241936   0.043294 -0.00802019 -0.00356613   0.0157576 -0.0163206  0.0043829 0.00349314 -0.0406951  0.0251541 -0.0201935 0.0701177 -0.305181    -9.804 
             61.5007 -0.422888 -0.457905   -0.3232 -0.00450694 -0.00631322   0.0765833 -0.0888397  -0.171185 0.00678888 -0.0103342 -0.0241938  0.0432958 -0.00291157 -0.00389974  0.00897556 -0.0163331 0.00432041 0.00350071 -0.0407862  0.0251728 -0.0199351 0.0701206 -0.305188    -9.804 
             61.6007 -0.470617 -0.578346  -0.19898 -0.00153404 -0.00591354   0.0792961 -0.0887637  -0.171306 0.00666943 -0.0103329 -0.0241982  0.0432938   0.00143278 -0.000672554    0.0127039 -0.0163059 0.00438928 0.00343076 -0.0409855  0.0251394 -0.0200724   0.07015 -0.305197    -9.804 
             61.7006   -0.4564 -0.495893 -0.179876 -0.00360788 -0.00429543   0.0756103 -0.0887681  -0.171247 0.00668456 -0.0103284 -0.0241961  0.0432924 -0.00320495  0.00439629 0.000773403 -0.0163144  0.0043417 0.00341906 -0.0408309  0.0250266 -0.0197176 0.0701351 -0.305173    -9.804 
             61.8007 -0.369723 -0.587692 -0.141828 -0.00184233  0.00129922    0.073607 -0.0885418  -0.171312 0.00648968 -0.0103253 -0.0241991  0.0432864 -0.00138724   0.0161669 -0.00450878 -0.0163641 0.00439428 0.00339808 -0.0409269  0.0247033 -0.0195679 0.0701689  -0.30514    -9.804 
             61.9007 -0.477093 -0.516903 -0.246271 -0.00135161 -0.00302003   0.0758566 -0.0888056  -0.171384 0.00662754  -0.010321 -0.0241985  0.0432834 -0.000181572   0.00481673   0.00212611 -0.0163057 0.00435316  0.0034563 -0.0410019  0.0250843 -0.0197509 0.0701562 -0.305188    -9.804 
             62.0005 -0.359729 -0.541258 -0.259068 -0.00176301 -0.00117387   0.0731548 -0.0887678  -0.171376 0.00659931 -0.0103224 -0.0242011  0.0432819 -0.00251048  0.00745796 -0.00346047 -0.0163708 0.00436579 0.00346538 -0.0409671  0.0249824  -0.019543 0.0701581 -0.305176    -9.804 
             62.1007 -0.451857 -0.538882 -0.129189  0.00117854 -0.00229568   0.0718985 -0.0888635   -0.17153 0.00657768 -0.0103246 -0.0242031  0.0432805  0.00379612   0.0039366 -0.00583705 -0.0163183 0.00436437 0.00339133 -0.0411544  0.0251065 -0.0194805 0.0701784 -0.305199    -9.804 
             62.2007 -0.372238 -0.542031 -0.220127   0.00214585 -0.000223465    0.0718566 -0.0887763  -0.171544 0.00652166 -0.0103258 -0.0242028  0.0432798  0.00371272  0.00744412 -0.00574183 -0.0163607 0.00436397 0.00344318 -0.0411872  0.0250026  -0.019523 0.0701851 -0.305187    -9.804 
             62.3004 -0.478937 -0.490666 -0.125518 -0.000970682 -1.20822e-06    0.0728367 -0.0888051  -0.171384 0.00661785 -0.0103268 -0.0242023  0.0432777 -0.00433239  0.00998115 -0.00225508 -0.0162993 0.00433468 0.00338967 -0.0409959  0.0250496 -0.0196317 0.0701584 -0.305188    -9.804 
             62.4007 -0.396385 -0.590904 -0.431947 -0.00334038 -0.00116636   0.0774913 -0.0888717  -0.171293 0.00668518 -0.0103179 -0.0242043  0.0432791 -0.0113989 0.00613975  0.0095011 -0.0163491 0.00439134 0.00356395 -0.0409246  0.0251848 -0.0199734 0.0701418 -0.305201    -9.804 
             62.5006 -0.478499 -0.537696 -0.172857  -0.0045114 -0.00122866   0.0786382 -0.0889083  -0.171291 0.00671129 -0.0103195 -0.0242044  0.0432784 -0.0124268 0.00631068 0.00978626 -0.0163055 0.00436022 0.00341783 -0.0409261  0.0252363 -0.0199924 0.0701409 -0.305208    -9.804 
             62.6006 -0.392864 -0.571573  -0.27459 -0.00352223 2.41917e-05   0.0777524 -0.0888788  -0.171405 0.00665702 -0.0103201 -0.0242046  0.0432777 -0.00898073  0.00692179  0.00510269 -0.0163516 0.00437893 0.00347542 -0.0410508  0.0251952 -0.0198637  0.070159 -0.305208    -9.804 
             62.7007  -0.48876 -0.544948 -0.226112 -0.000614585 -0.000323817    0.0767455 -0.0889298  -0.171599 0.00663058  -0.010321 -0.0242053  0.0432771 -0.000843013   0.00652123  0.000911615 -0.0162966 0.00436547 0.00344777 -0.0412684  0.0252751 -0.0197518 0.0701826 -0.305228    -9.804 
             62.8007 -0.409253 -0.567208 -0.338945 -0.00228637 -0.00450029   0.0759466  -0.089165  -0.171601 0.00677607 -0.0103164 -0.0242062  0.0432802  -0.00576041  -0.00437944 -0.000333153 -0.0163433 0.00437826 0.00351076 -0.0412023  0.0255635 -0.0196782 0.0701603  -0.30526    -9.804 
             62.9005 -0.488385 -0.602397  -0.15936  0.00134529 -0.00321969   0.0768011 -0.0890673  -0.171771 0.00664775 -0.0103146 -0.0242123  0.0432792 0.00100346 0.00183263 0.00261151 -0.0163004 0.00439785 0.00341157 -0.0414482  0.0254738 -0.0197452 0.0701929 -0.305262    -9.804 
             63.0007 -0.407845 -0.489792 -0.277643 -0.000132281  -0.00141251    0.0701329 -0.0890466  -0.171726 0.00662269 -0.0103097 -0.0242164  0.0432758 -0.00191492   0.0053047  -0.0129847 -0.0163448 0.00433185 0.00347794 -0.0413116  0.0253492 -0.0192578 0.0701958 -0.305246    -9.804 
             63.1007 -0.468234 -0.561756 -0.218286  0.00234292 -0.00318649   0.0758696 -0.0891025  -0.171843 0.00663234 -0.0103094 -0.0242194  0.0432743 0.00166248 0.00129689 0.00151596 -0.0163088 0.00437375 0.00344429 -0.0415185  0.0255232 -0.0197643 0.0701959  -0.30527    -9.804 
             63.2007 -0.446463 -0.484341 -0.266304 -0.00217852 -0.00410376   0.0736651 -0.0892078  -0.171666 0.00675346 -0.0103079 -0.0242207  0.0432716 -0.00836098 0.000436552 -0.00399028 -0.0163209 0.00432853 0.00347234 -0.0412429  0.0255827 -0.0195865 0.0701643 -0.305263    -9.804 
             63.3006 -0.441431 -0.548108 -0.121087 -0.00344447  0.00487317   0.0749147  -0.088789   -0.17157 0.00652965 -0.0102934 -0.0242183  0.0432714  -0.0125897   0.0242938 0.000932337 -0.0163277 0.00436627 0.00338873 -0.0411902  0.0250419 -0.0197124 0.0701856 -0.305196    -9.804 
             63.4007 -0.449247 -0.534543 -0.313317 -0.00756515 0.000165044   0.0743588 -0.0891412  -0.171541  0.0067456 -0.0102818 -0.0242195  0.0432712   -0.0192673   0.00854091 -0.000241049 -0.0163223 0.00435693  0.0034974 -0.0410589  0.0254799 -0.0196621 0.0701477  -0.30524    -9.804 
             63.5006 -0.387857 -0.544306 -0.297355 -0.00928109 0.000752384   0.0725639 -0.0891629  -0.171566 0.00674658  -0.010282 -0.0242204  0.0432714   -0.019835  0.00742566 -0.00518071 -0.0163572 0.00436231 0.00348951 -0.0410686  0.0254906 -0.0195351 0.0701499 -0.305244    -9.804 
             63.6006 -0.493264 -0.593338 -0.305078   -0.005308 -0.00668779   0.0806152 -0.0894939  -0.171877 0.00683504 -0.0102741 -0.0242245  0.0432584 -0.00849924  -0.0099633   0.0130742 -0.0162969 0.00439075 0.00349361 -0.0414849   0.026037 -0.0201491 0.0701635 -0.305313    -9.804 
             63.7006  -0.37859 -0.559163 -0.296971 -0.00292252 -0.00358215   0.0750021 -0.0893169  -0.172013 0.00667497 -0.0102735 -0.0242292   0.043255  -0.00234226 -0.000723077  -0.00180689 -0.0163641 0.00437047 0.00348741 -0.0416251  0.0257626 -0.0196407  0.070202 -0.305299    -9.804 
             63.8006 -0.474356 -0.514226 -0.262553 -0.00204527 -0.00796218   0.0771096 -0.0895017  -0.172108 0.00676692 -0.0102779 -0.0242316  0.0432529 -0.000355642  -0.00829475   0.00460311 -0.0163121 0.00434501 0.00346911  -0.041721  0.0260435 -0.0198023   0.07019 -0.305334    -9.804 
             63.9007 -0.347039 -0.613118 -0.348287 -0.00263543 -0.00555602   0.0763738 -0.0893663  -0.172039 0.00669546 -0.0102807 -0.0242328  0.0432498 -0.00486102 -0.00201388   0.0021887 -0.0163848 0.00439952 0.00351821 -0.0416778  0.0258277 -0.0197281 0.0702042 -0.305307    -9.804 
             64.0006 -0.461601 -0.551127  -0.26742 -0.00271986 -0.00424402   0.0776405 -0.0892976   -0.17203  0.0066561 -0.0102802 -0.0242337   0.043251 -0.00495792  0.00308551  0.00299551 -0.0163186 0.00436393 0.00347215 -0.0416967  0.0257496 -0.0198119 0.0702114 -0.305299    -9.804 
             64.1005 -0.418482 -0.492987 -0.353659 -0.00148026 -0.00315526   0.0733944 -0.0892774  -0.172116 0.00660113 -0.0102771 -0.0242329  0.0432521 -0.000635182   0.00502033  -0.00829621 -0.0163414 0.00433056  0.0035195 -0.041769 0.0256956 -0.019487 0.0702315 -0.305302    -9.804 
             64.2006 -0.483643 -0.552623 -0.323412 -0.00134889 -0.00291767   0.0748337 -0.0892758   -0.17213  0.0066049 -0.0102769 -0.0242343  0.0432516 -0.00169427   0.0075778 -0.00297427 -0.0163079  0.0043661 0.00350114 -0.0418007  0.0257289  -0.019639 0.0702281 -0.305308    -9.804 
             64.3006 -0.399868  -0.47156 -0.253267 -0.00505454 -0.00403437   0.0714346 -0.0894307  -0.172035 0.00672592 -0.0102764 -0.0242331  0.0432506   -0.009211  0.00337031 -0.00897654 -0.0163571 0.00432145 0.00346091 -0.0415926  0.0258318  -0.019416 0.0701984 -0.305299    -9.804 
             64.4007 -0.411092 -0.510939  -0.31243 -0.00377164 -0.00575687   0.0696621 -0.0894823  -0.172171 0.00673184 -0.0102761 -0.0242327  0.0432506  -0.0048817 -0.00180813  -0.0113828 -0.0163483 0.00434259 0.00349329 -0.0417325  0.0259539 -0.0193623 0.0702009 -0.305328    -9.804 
             64.5006 -0.412083 -0.500904  -0.28576 -0.00226032 -0.00431119   0.0693824 -0.0893859  -0.172207 0.00664746 -0.0102758  -0.024233  0.0432504 -0.000868814    0.0023947   -0.0117615 -0.0163452 0.00433546 0.00347947 -0.041842 0.0258583 -0.019431 0.0702231 -0.305329    -9.804 
             64.6006 -0.410089 -0.506603 -0.214057 -0.00394178 -0.00244841   0.0701932 -0.0893288  -0.172107 0.00663819 -0.0102739 -0.0242317  0.0432507 -0.00551507  0.00752374 -0.00759337 -0.0163492  0.0043385 0.00343917 -0.0417507  0.0257679 -0.0195686  0.070222 -0.305309    -9.804 
             64.7005 -0.449357 -0.559194 -0.279004  -0.0040838 -0.00554848   0.0774547 -0.0893977  -0.172107 0.00672043 -0.0102668  -0.024234  0.0432477 -0.00669254 0.000875768   0.0115493 -0.0163293 0.00436814 0.00347732 -0.0418358  0.0260335 -0.0201328 0.0702107 -0.305345  -9.80399 
             64.8007 -0.402252 -0.517411 -0.308245 -0.00722407 -0.00261381   0.0731706 -0.0893759  -0.172037 0.00669758 -0.0102692 -0.0242368  0.0432465  -0.0130936  0.00788132 0.000819491 -0.0163526 0.00434364 0.00349507 -0.0416602  0.0258375 -0.0197522 0.0702031 -0.305308    -9.804 
             64.9006 -0.416132 -0.536792 -0.226229 -0.0076523 0.00179447  0.0723804  -0.089236  -0.172029 0.00658476 -0.0102673 -0.0242368  0.0432464  -0.0124382   0.0165736 -0.00201547 -0.0163408 0.00435301 0.00344799 -0.0416916  0.0256131 -0.0197035 0.0702238 -0.305286    -9.804 
             65.0007 -0.413184 -0.499587  -0.17171  -0.00432595 -0.000131493    0.0724257 -0.0893434  -0.172245 0.00658301 -0.0102708 -0.0242403  0.0432481 -0.00191711  0.00768558 -0.00303661 -0.0163412 0.00433062 0.00341687 -0.0419739  0.0258388 -0.0197183 0.0702395 -0.305331    -9.804 
             65.1005  -0.41873 -0.522908 -0.145825 -0.000971251 -0.000393277    0.0697466 -0.0893955  -0.172424 0.00653234 -0.0102717 -0.0242418  0.0432478  0.00549071  0.00563777 -0.00818597 -0.0163418 0.00434429 0.00340107 -0.0421803  0.0259041 -0.0195365 0.0702583  -0.30535  -9.80399 
             65.2007 -0.463705 -0.414233 -0.305574 -0.00323284 -0.00232944    0.071341 -0.0895065  -0.172307   0.006657 -0.0102705  -0.024246  0.0432444 0.000640319  0.00267291 -0.00169481 -0.0163176 0.00428133 0.00349142 -0.0420325  0.0260641 -0.0197037 0.0702346  -0.30536  -9.80399 
             65.3004 -0.372781 -0.498119 -0.232002 -0.00130688 -0.00195077   0.0652035 -0.0895679  -0.172447 0.00661576 -0.0102728 -0.0242497  0.0432439 0.00409706 0.00177991 -0.0139817 -0.0163688 0.00432893 0.00345018 -0.0421255  0.0260375 -0.0192748 0.0702433 -0.305358  -9.80399 
             65.4002 -0.449319 -0.472106 -0.344342 -0.00101912  -0.0040322   0.0719834 -0.0895874  -0.172346   0.006678 -0.0102697 -0.0242528  0.0432428  0.00373824 -0.00232879  0.00221916 -0.0163228 0.00431216 0.00351395 -0.0421499  0.0262007 -0.0198775 0.0702501 -0.305377  -9.80399 
             65.5014 -0.369958 -0.542519 -0.233523 0.000421076  -0.0030254   0.0722611 -0.0895289  -0.172382 0.00661666 -0.0102688 -0.0242531  0.0432414  0.00449607 7.01856e-05  0.00151113 -0.0163656  0.0043527 0.00344978  -0.042213  0.0261232 -0.0198818 0.0702602 -0.305371  -9.80399 
             65.5992 -0.474621 -0.483243 -0.195777 -0.00131267 -0.00306621   0.0751668 -0.0895243  -0.172259 0.00667719 -0.0102693 -0.0242537  0.0432411 -0.000807434   0.00347792   0.00870777 -0.0163094 0.00432057 0.00342659 -0.0420948  0.0261438 -0.0200705 0.0702512 -0.305369  -9.80399 
             65.7005 -0.408094 -0.558246 -0.133684 0.000234394 0.000416342   0.0755332 -0.0893952   -0.17231  0.0065456 -0.0102661 -0.0242549  0.0432393 -3.37008e-05    0.0112583   0.00858527 -0.0163478 0.00436214 0.00339223 -0.0421808  0.0259447 -0.0200376 0.0702697 -0.305351  -9.80399 
             65.8006 -0.499657 -0.556398 -0.247217 -0.00310516 -0.00247251   0.0816356 -0.0895356  -0.172145 0.00672559 -0.0102621   -0.02426  0.0432372 -0.00869601  0.00402876   0.0197833 -0.0162939 0.00435983 0.00345735 -0.0420262  0.0262069 -0.0204158 0.0702492 -0.305372  -9.80399 
             65.9007 -0.406617 -0.561506 -0.214622 -0.00511142 0.000209186   0.0773682 -0.0895117  -0.172159 0.00669628 -0.0102629 -0.0242637  0.0432352 -0.0123526  0.0088206 0.00482019 -0.0163453 0.00436268  0.0034385 -0.0419372  0.0260461 -0.0199774 0.0702392 -0.305352  -9.80399 
             66.0005 -0.549207 -0.550887 -0.221806 -0.00531958 -0.00153354   0.0820252 -0.0896078  -0.172182 0.00674645 -0.0102628 -0.0242671  0.0432316 -0.0111429 0.00631917  0.0134391 -0.0162643 0.00435568 0.00344063 -0.0420266  0.0262427 -0.0202645 0.0702446 -0.305373  -9.80399 
             66.1006 -0.399619 -0.569639 -0.200195 -0.00433303 -0.00147001   0.0791141 -0.0896631  -0.172307  0.0067091 -0.0102628 -0.0242714  0.0432326 -0.00805362  0.00442447  0.00494414 -0.0163492 0.00436713 0.00342695 -0.0421397  0.0262612 -0.0199573 0.0702577 -0.305381  -9.80399 
             66.2006 -0.422792  -0.57475 -0.314465  -0.00418236 -0.000143608    0.0757065 -0.0896513  -0.172366 0.00666534 -0.0102635 -0.0242719  0.0432323 -0.00768522  0.00752498 -0.00250768 -0.0163359 0.00436834  0.0034901 -0.0421801  0.0261982 -0.0196822 0.0702669  -0.30538  -9.80399 
             66.3005 -0.493659   -0.5555 -0.206467 -0.00287032 -0.00418392   0.0779162 -0.0898338  -0.172463 0.00674056 -0.0102679 -0.0242746  0.0432297 -0.00400095 -0.00218079  0.00250644 -0.0162952 0.00435671  0.0034284  -0.042331   0.026517 -0.0198589  0.070271 -0.305415  -9.80399 
             66.4006 -0.335846 -0.558864 -0.311739 -0.00606091 0.000708893    0.068807 -0.0897126  -0.172346 0.00668679 -0.0102706 -0.0242879  0.0432206  -0.011014 0.00808165 -0.0201414 -0.0163807 0.00435795 0.00348817 -0.0421116   0.026155 -0.0191993 0.0702773  -0.30538  -9.80399 
             66.5005  -0.49327 -0.372283 -0.209692 -0.00733584 -0.00371282   0.0742062 -0.0899071  -0.172331 0.00685508 -0.0102894 -0.0242955  0.0432158  -0.00899846 -0.000953289  -0.00378323 -0.0162943 0.00425285 0.00342925 -0.0421458  0.0265146 -0.0197251 0.0702526 -0.305409  -9.80399 
             66.6005 -0.351216 -0.522163 -0.394248 -0.00583156 -0.00175254   0.0719992 -0.0898222  -0.172409 0.00676518 -0.0102936 -0.0242943  0.0432128  -0.0055446  0.00250809 -0.00714704 -0.0163768 0.00433844 0.00353353  -0.042275  0.0263731 -0.0195966 0.0702761 -0.305401  -9.80399 
